ISO-10303-21;
HEADER;
FILE_DESCRIPTION (( 'STEP AP203' ),
    '1' );
FILE_NAME ('DRIVER_3W_nuevaelectronica.STEP',
    '2022-03-31T08:30:01',
    ( '' ),
    ( '' ),
    'SwSTEP 2.0',
    'SolidWorks 2021',
    '' );
FILE_SCHEMA (( 'CONFIG_CONTROL_DESIGN' ));
ENDSEC;

DATA;
#1 = CARTESIAN_POINT ( 'NONE',  ( -12.95773435200544910, 8.010351467636647627, 8.578089689930290973 ) ) ;
#2 = VERTEX_POINT ( 'NONE', #6027 ) ;
#3 = VECTOR ( 'NONE', #6837, 1000.000000000000000 ) ;
#4 = CARTESIAN_POINT ( 'NONE',  ( 14.59230164900172078, 13.10715127519778100, 8.634679535677564743 ) ) ;
#5 = CYLINDRICAL_SURFACE ( 'NONE', #333, 0.4999999999999994449 ) ;
#6 = ORIENTED_EDGE ( 'NONE', *, *, #5854, .T. ) ;
#7 = CARTESIAN_POINT ( 'NONE',  ( 8.073230648290538269, 7.559853420432087745, -13.73654834780745659 ) ) ;
#8 = ORIENTED_EDGE ( 'NONE', *, *, #5485, .F. ) ;
#9 = CARTESIAN_POINT ( 'NONE',  ( 13.30320641798141601, 8.401028654342319157, -8.750000000000001776 ) ) ;
#10 = ORIENTED_EDGE ( 'NONE', *, *, #3399, .T. ) ;
#11 = CARTESIAN_POINT ( 'NONE',  ( 0.000000000000000000, 12.39999999999999858, 10.03932046860025906 ) ) ;
#12 = EDGE_LOOP ( 'NONE', ( #4906, #1843, #7417, #8260 ) ) ;
#13 = VECTOR ( 'NONE', #3877, 1000.000000000000000 ) ;
#14 = EDGE_CURVE ( 'NONE', #6599, #6652, #2617, .T. ) ;
#15 = ADVANCED_FACE ( 'NONE', ( #2108, #5407 ), #3936, .F. ) ;
#16 = CARTESIAN_POINT ( 'NONE',  ( -12.03858649438675243, 9.870844292150465549, -10.62437293201369926 ) ) ;
#17 =( BOUNDED_SURFACE ( )  B_SPLINE_SURFACE ( 3, 2, ( 
 ( #1835, #397, #6479 ),
 ( #528, #4510, #2503 ),
 ( #3117, #1182, #3161 ),
 ( #2547, #5837, #5167 ),
 ( #4426, #1093, #1048 ),
 ( #3790, #439, #8494 ),
 ( #5878, #2402, #3746 ),
 ( #5214, #2455, #7859 ) ),
 .UNSPECIFIED., .F., .F., .F. ) 
 B_SPLINE_SURFACE_WITH_KNOTS ( ( 4, 2, 2, 4 ),
 ( 3, 3 ),
 ( 1.626303258728256651E-18, 0.0003716120819214062420, 0.0007432241638428108577, 0.001486448327685619981 ),
 ( 0.000000000000000000, 1.000000000000000000 ),
 .UNSPECIFIED. ) 
 GEOMETRIC_REPRESENTATION_ITEM ( )  RATIONAL_B_SPLINE_SURFACE ( (
 ( 1.000000000000000000, 0.8779725897198056295, 1.000000000000000000),
 ( 1.000000000000000000, 0.8883329342389877370, 1.000000000000000000),
 ( 1.000000000000000000, 0.8943285700268978067, 1.000000000000000000),
 ( 1.000000000000000000, 0.8958370413391568698, 1.000000000000000000),
 ( 1.000000000000000000, 0.8913729047510188241, 1.000000000000000000),
 ( 1.000000000000000000, 0.8653261271547207922, 1.000000000000000000),
 ( 1.000000000000000000, 0.8328976042031507321, 1.000000000000000000),
 ( 1.000000000000000000, 0.7961293436955102498, 1.000000000000000000) ) ) 
 REPRESENTATION_ITEM ( '' )  SURFACE ( )  );
#18 = CARTESIAN_POINT ( 'NONE',  ( 0.000000000000000000, 15.49999999999999289, 0.000000000000000000 ) ) ;
#19 = CARTESIAN_POINT ( 'NONE',  ( 8.350262601051516853, 7.740448005246448382, 13.01685361416411091 ) ) ;
#20 = FACE_OUTER_BOUND ( 'NONE', #3992, .T. ) ;
#21 = ORIENTED_EDGE ( 'NONE', *, *, #2647, .T. ) ;
#22 = FACE_OUTER_BOUND ( 'NONE', #1567, .T. ) ;
#23 = DIRECTION ( 'NONE',  ( 0.000000000000000000, 0.000000000000000000, -1.000000000000000000 ) ) ;
#24 = ADVANCED_FACE ( 'NONE', ( #1420 ), #1766, .T. ) ;
#25 = ADVANCED_FACE ( 'NONE', ( #7362 ), #760, .F. ) ;
#26 = CARTESIAN_POINT ( 'NONE',  ( 8.750000000000003553, 12.49999999999999467, 14.41636719170869263 ) ) ;
#27 = DIRECTION ( 'NONE',  ( -0.7071067811865475727, 0.000000000000000000, 0.7071067811865475727 ) ) ;
#28 = CARTESIAN_POINT ( 'NONE',  ( -15.45436513615922003, 13.35985333796811503, 8.309238646696837094 ) ) ;
#29 = FACE_OUTER_BOUND ( 'NONE', #1732, .T. ) ;
#30 = DIRECTION ( 'NONE',  ( 0.4653245021537949500, 0.000000000000000000, 0.8851401627399599903 ) ) ;
#31 = DIRECTION ( 'NONE',  ( 0.7071067811865482389, 0.000000000000000000, -0.7071067811865466846 ) ) ;
#32 = ORIENTED_EDGE ( 'NONE', *, *, #7957, .F. ) ;
#33 = CARTESIAN_POINT ( 'NONE',  ( 11.21419750224826650, 11.00004516124001697, 12.62841106462140317 ) ) ;
#34 = ADVANCED_FACE ( 'NONE', ( #599 ), #4846, .T. ) ;
#35 = AXIS2_PLACEMENT_3D ( 'NONE', #8093, #5537, #149 ) ;
#36 = CARTESIAN_POINT ( 'NONE',  ( 8.285569237189921665, 7.793458914387237257, 13.68573368271296786 ) ) ;
#37 = EDGE_LOOP ( 'NONE', ( #7649, #2462, #6414, #5255 ) ) ;
#38 = AXIS2_PLACEMENT_3D ( 'NONE', #6788, #3522, #3477 ) ;
#39 = VECTOR ( 'NONE', #5386, 1000.000000000000000 ) ;
#40 = PERSON_AND_ORGANIZATION_ROLE ( 'design_owner' ) ;
#41 = CARTESIAN_POINT ( 'NONE',  ( -14.29338720761957937, 12.54014657956790302, 8.824077831548111206 ) ) ;
#42 = ORIENTED_EDGE ( 'NONE', *, *, #7657, .F. ) ;
#43 = EDGE_CURVE ( 'NONE', #5135, #7927, #7626, .T. ) ;
#44 = CONICAL_SURFACE ( 'NONE', #7436, 15.22167330524445106, 0.2709468503384205862 ) ;
#45 = AXIS2_PLACEMENT_3D ( 'NONE', #2840, #5503, #7413 ) ;
#46 = FACE_OUTER_BOUND ( 'NONE', #6698, .T. ) ;
#47 = CARTESIAN_POINT ( 'NONE',  ( -8.701455491081652838, 12.79986927530525165, 15.05596157150623782 ) ) ;
#48 = PLANE ( 'NONE',  #201 ) ;
#49 = ORIENTED_EDGE ( 'NONE', *, *, #6223, .F. ) ;
#50 = CARTESIAN_POINT ( 'NONE',  ( 2.204364238465235428E-15, 14.99999999999999645, -18.00000000000000000 ) ) ;
#51 = VERTEX_POINT ( 'NONE', #1340 ) ;
#52 = CONICAL_SURFACE ( 'NONE', #1168, 18.00000000000000000, 0.2709468503384201976 ) ;
#53 = CARTESIAN_POINT ( 'NONE',  ( -7.999999999999991118, 7.750000000000001776, -13.61194688593825042 ) ) ;
#54 = ORIENTED_EDGE ( 'NONE', *, *, #8110, .T. ) ;
#55 = ORIENTED_EDGE ( 'NONE', *, *, #1712, .T. ) ;
#56 = CARTESIAN_POINT ( 'NONE',  ( 15.58006697086411840, 13.35985342043208846, -8.066449984402261464 ) ) ;
#57 = FACE_OUTER_BOUND ( 'NONE', #5003, .T. ) ;
#58 = DIRECTION ( 'NONE',  ( -0.000000000000000000, -1.000000000000000000, -0.000000000000000000 ) ) ;
#59 = DIRECTION ( 'NONE',  ( 0.000000000000000000, 0.000000000000000000, -1.000000000000000000 ) ) ;
#60 = CARTESIAN_POINT ( 'NONE',  ( -21.00000000000002132, 7.750000000000001776, -7.999999999999996447 ) ) ;
#61 = ORIENTED_EDGE ( 'NONE', *, *, #7543, .F. ) ;
#62 = EDGE_CURVE ( 'NONE', #4934, #7705, #5403, .T. ) ;
#63 = LINE ( 'NONE', #7356, #8068 ) ;
#64 = ORIENTED_EDGE ( 'NONE', *, *, #2086, .F. ) ;
#65 = CARTESIAN_POINT ( 'NONE',  ( 12.40624613405042531, 9.870987523508974348, 10.99203257167736680 ) ) ;
#66 = CARTESIAN_POINT ( 'NONE',  ( 14.22591826066068421, 11.16497734891127180, -8.750000000000001776 ) ) ;
#67 = B_SPLINE_CURVE_WITH_KNOTS ( 'NONE', 3,
 ( #6307, #2993, #4992, #7645 ),
 .UNSPECIFIED., .F., .F.,
 ( 4, 4 ),
 ( 0.000000000000000000, 0.004213349230782861485 ),
 .UNSPECIFIED. ) ;
#68 = CARTESIAN_POINT ( 'NONE',  ( 13.78744740363498167, 9.831481917023866757, 8.749999999999998224 ) ) ;
#69 = ORIENTED_EDGE ( 'NONE', *, *, #6127, .T. ) ;
#70 = CARTESIAN_POINT ( 'NONE',  ( -15.05641782987657962, 12.80068307768073588, 8.701114436120963802 ) ) ;
#71 = EDGE_CURVE ( 'NONE', #5755, #7781, #5972, .T. ) ;
#72 = EDGE_CURVE ( 'NONE', #4148, #927, #5557, .T. ) ;
#73 = CARTESIAN_POINT ( 'NONE',  ( 8.200612716380312861, 13.25000000000000355, -15.09104191705510623 ) ) ;
#74 = CARTESIAN_POINT ( 'NONE',  ( -15.28794578648282965, 13.11806047648875584, -8.471124440134321532 ) ) ;
#75 = ORIENTED_EDGE ( 'NONE', *, *, #1472, .T. ) ;
#76 = DIRECTION ( 'NONE',  ( -0.7071067811865463515, -0.000000000000000000, -0.7071067811865487940 ) ) ;
#77 = ORIENTED_EDGE ( 'NONE', *, *, #7815, .T. ) ;
#78 = CARTESIAN_POINT ( 'NONE',  ( 14.95731987031620136, 12.97237671639955892, 8.590219130045872120 ) ) ;
#79 = CARTESIAN_POINT ( 'NONE',  ( 7.928704991221006360, 11.21310622353624353, 16.77338702703730178 ) ) ;
#80 = CARTESIAN_POINT ( 'NONE',  ( 8.781832058141889163, 7.884719467235609791, -13.40303165633547167 ) ) ;
#81 = EDGE_CURVE ( 'NONE', #2336, #4780, #3589, .T. ) ;
#82 =( LENGTH_UNIT ( ) NAMED_UNIT ( * ) SI_UNIT ( .MILLI., .METRE. ) );
#83 = CARTESIAN_POINT ( 'NONE',  ( -12.26080551003167685, 11.00004516124001697, -10.84659194765862011 ) ) ;
#84 = VERTEX_POINT ( 'NONE', #4838 ) ;
#85 = CARTESIAN_POINT ( 'NONE',  ( -12.38881857357498717, 11.50000000000000000, 11.68171179238840196 ) ) ;
#86 = CARTESIAN_POINT ( 'NONE',  ( 13.20551385812196443, 11.02926921301482999, 11.79130029564101712 ) ) ;
#87 = CARTESIAN_POINT ( 'NONE',  ( 14.96418132179096361, 13.44014649754387136, 8.171453982574970354 ) ) ;
#88 = DIRECTION ( 'NONE',  ( -0.000000000000000000, -1.000000000000000000, 0.000000000000000000 ) ) ;
#89 = ORIENTED_EDGE ( 'NONE', *, *, #7477, .T. ) ;
#90 = CARTESIAN_POINT ( 'NONE',  ( 8.179412001724381653, 7.765646365209620150, -13.48972354018152942 ) ) ;
#91 = DIRECTION ( 'NONE',  ( 0.000000000000000000, -2.168404344971010347E-16, 1.000000000000000000 ) ) ;
#92 = VERTEX_POINT ( 'NONE', #3003 ) ;
#93 = CARTESIAN_POINT ( 'NONE',  ( -8.196382122787296609, 7.762467190370937686, -13.72945202021763578 ) ) ;
#94 = CARTESIAN_POINT ( 'NONE',  ( 15.58006697086412018, 13.35985342043208846, -8.066449984402261464 ) ) ;
#95 = CIRCLE ( 'NONE', #2180, 2.991318522074772446 ) ;
#96 = FACE_OUTER_BOUND ( 'NONE', #1937, .T. ) ;
#97 = CARTESIAN_POINT ( 'NONE',  ( -12.97309164460348896, 8.540146579567924334, 8.818749239510209392 ) ) ;
#98 = FACE_OUTER_BOUND ( 'NONE', #3619, .T. ) ;
#99 = ORIENTED_EDGE ( 'NONE', *, *, #3242, .T. ) ;
#100 = DIRECTION ( 'NONE',  ( 0.000000000000000000, 0.000000000000000000, 1.000000000000000000 ) ) ;
#101 = CARTESIAN_POINT ( 'NONE',  ( -13.22499999999999964, 16.51447992314274771, 3.239190783744749086E-15 ) ) ;
#102 = EDGE_CURVE ( 'NONE', #6843, #7831, #128, .T. ) ;
#103 = CIRCLE ( 'NONE', #8600, 7.621931816258390668 ) ;
#104 = CARTESIAN_POINT ( 'NONE',  ( 11.97994170570762762, 9.743596683223394450, -10.63768683389753988 ) ) ;
#105 = CARTESIAN_POINT ( 'NONE',  ( 19.09059477576453290, 9.731686437451772420, 5.029540588869223505 ) ) ;
#106 = CARTESIAN_POINT ( 'NONE',  ( -14.78329181874944531, 12.45985342043207389, 8.975003248201144146 ) ) ;
#107 = CARTESIAN_POINT ( 'NONE',  ( 8.701329323794471549, 13.01206614368962811, -14.52166655930773942 ) ) ;
#108 = CARTESIAN_POINT ( 'NONE',  ( -15.32627835273314432, 13.25000000000065015, -8.201906951118290934 ) ) ;
#109 = ORIENTED_EDGE ( 'NONE', *, *, #1135, .T. ) ;
#110 = DIRECTION ( 'NONE',  ( 0.7071067811865482389, 0.000000000000000000, -0.7071067811865467956 ) ) ;
#111 = ORIENTED_EDGE ( 'NONE', *, *, #8328, .T. ) ;
#112 = DIRECTION ( 'NONE',  ( -0.000000000000000000, 1.000000000000000000, -0.000000000000000000 ) ) ;
#113 = CIRCLE ( 'NONE', #5144, 0.1499999999999996059 ) ;
#114 = EDGE_CURVE ( 'NONE', #5222, #6571, #233, .T. ) ;
#115 = EDGE_CURVE ( 'NONE', #4455, #2531, #4878, .T. ) ;
#116 = CARTESIAN_POINT ( 'NONE',  ( 0.000000000000000000, 15.99999999999999645, 19.39999999999999858 ) ) ;
#117 = CARTESIAN_POINT ( 'NONE',  ( 8.178875444983576770, 7.765535921050212842, 13.24645046070154741 ) ) ;
#118 = AXIS2_PLACEMENT_3D ( 'NONE', #722, #2158, #5412 ) ;
#119 = CARTESIAN_POINT ( 'NONE',  ( 8.750000000000003553, 8.500000000000007105, -13.34286252986123422 ) ) ;
#120 = DIRECTION ( 'NONE',  ( -0.000000000000000000, -1.000000000000000000, -0.000000000000000000 ) ) ;
#121 = EDGE_LOOP ( 'NONE', ( #3368, #2454, #1222, #8098 ) ) ;
#122 = EDGE_LOOP ( 'NONE', ( #1277, #7181, #2653, #7857 ) ) ;
#123 = AXIS2_PLACEMENT_3D ( 'NONE', #3051, #8349, #4883 ) ;
#124 = EDGE_CURVE ( 'NONE', #3626, #1812, #236, .T. ) ;
#125 = LINE ( 'NONE', #4897, #39 ) ;
#126 = CARTESIAN_POINT ( 'NONE',  ( 0.000000000000000000, 0.000000000000000000, 4.999999999999985789 ) ) ;
#127 = B_SPLINE_CURVE_WITH_KNOTS ( 'NONE', 3,
 ( #8519, #1121, #5822, #1904, #4582, #3277, #5284, #1949, #4627, #1300 ),
 .UNSPECIFIED., .F., .F.,
 ( 4, 2, 2, 2, 4 ),
 ( 0.000000000000000000, 0.0004016680093193849893, 0.0008033360186387699785, 0.001205004027958154859, 0.001606672037277539957 ),
 .UNSPECIFIED. ) ;
#128 = B_SPLINE_CURVE_WITH_KNOTS ( 'NONE', 3,
 ( #2236, #3531, #6194, #1586, #2875, #8172 ),
 .UNSPECIFIED., .F., .F.,
 ( 4, 2, 4 ),
 ( 0.000000000000000000, 0.0008111888087532601217, 0.001622377617506520243 ),
 .UNSPECIFIED. ) ;
#129 = CARTESIAN_POINT ( 'NONE',  ( -8.975003248201144146, 12.45985342042943955, 14.78329181874858911 ) ) ;
#130 = CARTESIAN_POINT ( 'NONE',  ( 0.000000000000000000, 8.210237713098814893, 0.000000000000000000 ) ) ;
#131 = ORIENTED_EDGE ( 'NONE', *, *, #6016, .T. ) ;
#132 = CARTESIAN_POINT ( 'NONE',  ( 8.750000000000003553, 8.401861272666375058, -13.30354002960442550 ) ) ;
#133 = ORIENTED_EDGE ( 'NONE', *, *, #6602, .T. ) ;
#134 = FACE_OUTER_BOUND ( 'NONE', #3356, .T. ) ;
#135 = ORIENTED_EDGE ( 'NONE', *, *, #3293, .T. ) ;
#136 = DIRECTION ( 'NONE',  ( 0.7071067811865486830, -7.254501464232435261E-17, -0.7071067811865465735 ) ) ;
#137 = ADVANCED_FACE ( 'NONE', ( #4268 ), #6928, .F. ) ;
#138 = CARTESIAN_POINT ( 'NONE',  ( 14.82534076280201418, 12.58895698862637325, -8.974846352959460205 ) ) ;
#139 = CIRCLE ( 'NONE', #6151, 6.871931816258391557 ) ;
#140 = CARTESIAN_POINT ( 'NONE',  ( -19.89999999999999858, 15.99999999999999645, 0.000000000000000000 ) ) ;
#141 = DIRECTION ( 'NONE',  ( 0.000000000000000000, 0.3090529753641901856, -0.9510448246105653869 ) ) ;
#142 = CARTESIAN_POINT ( 'NONE',  ( 13.01508767021575608, 8.526040938946250591, -8.750000000000001776 ) ) ;
#143 = TOROIDAL_SURFACE ( 'NONE', #6159, 14.73991435042947806, 0.5000000000000008882 ) ;
#144 = VERTEX_POINT ( 'NONE', #5625 ) ;
#145 = CARTESIAN_POINT ( 'NONE',  ( -7.908169986681902408, 13.25000000000074607, -15.04291915982845218 ) ) ;
#146 = EDGE_CURVE ( 'NONE', #486, #1157, #8169, .T. ) ;
#147 = CARTESIAN_POINT ( 'NONE',  ( 14.78329181874948972, 12.45985342043206145, 8.975003248201144146 ) ) ;
#148 = DIRECTION ( 'NONE',  ( 0.000000000000000000, -1.993949234861233379E-16, 1.000000000000000000 ) ) ;
#149 = DIRECTION ( 'NONE',  ( 0.000000000000000000, -0.3183999683311010132, -0.9479564653330626589 ) ) ;
#150 = CARTESIAN_POINT ( 'NONE',  ( 7.999999999999998224, 13.25000000000000178, -15.21759819039019135 ) ) ;
#151 = VERTEX_POINT ( 'NONE', #7606 ) ;
#152 = EDGE_LOOP ( 'NONE', ( #744, #5006, #3341, #175 ) ) ;
#153 = CARTESIAN_POINT ( 'NONE',  ( 12.02172403916548049, 11.50004516124002052, 11.31461725797897699 ) ) ;
#154 = DIRECTION ( 'NONE',  ( 0.7071067811902390643, 1.878589876251150727E-11, -0.7071067811828559702 ) ) ;
#155 = CYLINDRICAL_SURFACE ( 'NONE', #45, 6.871931816258391557 ) ;
#156 = ORIENTED_EDGE ( 'NONE', *, *, #3613, .T. ) ;
#157 = CARTESIAN_POINT ( 'NONE',  ( -21.00000000000002132, 8.500000000000007105, 8.749999999999998224 ) ) ;
#158 = PERSON_AND_ORGANIZATION_ROLE ( 'creator' ) ;
#159 = EDGE_CURVE ( 'NONE', #2163, #4465, #7942, .T. ) ;
#160 = CARTESIAN_POINT ( 'NONE',  ( -14.03587582702927961, 9.730057129889551959, -8.749999999986785681 ) ) ;
#161 = AXIS2_PLACEMENT_3D ( 'NONE', #1648, #5023, #7074 ) ;
#162 = ORIENTED_EDGE ( 'NONE', *, *, #8013, .F. ) ;
#163 = ORIENTED_EDGE ( 'NONE', *, *, #7018, .F. ) ;
#164 = DIRECTION ( 'NONE',  ( -0.000000000000000000, -1.000000000000000000, 0.000000000000000000 ) ) ;
#165 = AXIS2_PLACEMENT_3D ( 'NONE', #7194, #1314, #5870 ) ;
#166 = CIRCLE ( 'NONE', #5781, 10.03932046860025906 ) ;
#167 = CARTESIAN_POINT ( 'NONE',  ( -8.749999999999998224, 8.500000000000007105, -13.09261806874823186 ) ) ;
#168 = DIRECTION ( 'NONE',  ( 0.8851401627399599903, 0.000000000000000000, -0.4653245021537949500 ) ) ;
#169 = DIRECTION ( 'NONE',  ( 0.000000000000000000, 0.000000000000000000, 1.000000000000000000 ) ) ;
#170 = ORIENTED_EDGE ( 'NONE', *, *, #6901, .F. ) ;
#171 = EDGE_CURVE ( 'NONE', #5247, #4614, #4418, .T. ) ;
#172 = CARTESIAN_POINT ( 'NONE',  ( 1.619595391872374543E-15, 15.49999999999999289, 13.22499999999999964 ) ) ;
#173 = ADVANCED_FACE ( 'NONE', ( #2468 ), #8446, .T. ) ;
#174 = DIRECTION ( 'NONE',  ( 0.8880362771229405316, 0.000000000000000000, 0.4597733903931674471 ) ) ;
#175 = ORIENTED_EDGE ( 'NONE', *, *, #7321, .F. ) ;
#176 = ORIENTED_EDGE ( 'NONE', *, *, #756, .T. ) ;
#177 = CIRCLE ( 'NONE', #5632, 0.5000000000000004441 ) ;
#178 = CARTESIAN_POINT ( 'NONE',  ( -10.71539011131259400, 10.33333254522021427, 12.12960367368565073 ) ) ;
#179 = CIRCLE ( 'NONE', #3690, 0.5000000000000031086 ) ;
#180 = DIRECTION ( 'NONE',  ( 0.5066894108117317996, 9.970365603205190315E-15, 0.8621286684545759194 ) ) ;
#181 = CARTESIAN_POINT ( 'NONE',  ( 0.000000000000000000, 7.749999999999998224, 0.000000000000000000 ) ) ;
#182 = DIRECTION ( 'NONE',  ( 0.000000000000000000, 0.000000000000000000, 1.000000000000000000 ) ) ;
#183 = CIRCLE ( 'NONE', #3981, 19.39999999999999858 ) ;
#184 = CIRCLE ( 'NONE', #6620, 1.999999999999999112 ) ;
#185 = CARTESIAN_POINT ( 'NONE',  ( -8.783189382560019354, 7.886137855761232274, -13.40261816290921715 ) ) ;
#186 = CARTESIAN_POINT ( 'NONE',  ( 13.24659978108491210, 7.640146579567915985, -7.925793772814800242 ) ) ;
#187 = EDGE_LOOP ( 'NONE', ( #2713, #2279, #966, #4528 ) ) ;
#188 = EDGE_LOOP ( 'NONE', ( #3595, #6738 ) ) ;
#189 = B_SPLINE_CURVE_WITH_KNOTS ( 'NONE', 3,
 ( #4607, #3840, #5267, #584 ),
 .UNSPECIFIED., .F., .F.,
 ( 4, 4 ),
 ( 1.734723475976807094E-18, 0.004213349230782858015 ),
 .UNSPECIFIED. ) ;
#190 = EDGE_CURVE ( 'NONE', #592, #2575, #7198, .T. ) ;
#191 = CARTESIAN_POINT ( 'NONE',  ( 0.000000000000000000, 7.874999999999998224, 7.246931816258390668 ) ) ;
#192 = ORIENTED_EDGE ( 'NONE', *, *, #7913, .F. ) ;
#193 = CARTESIAN_POINT ( 'NONE',  ( 0.000000000000000000, 11.50004516124002052, 0.000000000000000000 ) ) ;
#194 = CIRCLE ( 'NONE', #739, 10.00000000000000000 ) ;
#195 = CARTESIAN_POINT ( 'NONE',  ( 0.000000000000000000, 15.49999999999999289, 17.61995717521473992 ) ) ;
#196 = CARTESIAN_POINT ( 'NONE',  ( 8.371546015299870191, 13.15837493937026004, -14.94020683378384717 ) ) ;
#197 = CARTESIAN_POINT ( 'NONE',  ( -14.88674526411340615, 12.89282570282480478, 8.646609089362701894 ) ) ;
#198 = CARTESIAN_POINT ( 'NONE',  ( 8.819971429984915900, 9.397436235609390565, -13.26020760016766786 ) ) ;
#199 = ORIENTED_EDGE ( 'NONE', *, *, #4881, .F. ) ;
#200 = EDGE_CURVE ( 'NONE', #1384, #2091, #850, .T. ) ;
#201 = AXIS2_PLACEMENT_3D ( 'NONE', #4859, #2042, #2894 ) ;
#202 = CARTESIAN_POINT ( 'NONE',  ( 12.34690903235128623, 9.742941622863687812, -11.00563144801565940 ) ) ;
#203 = CARTESIAN_POINT ( 'NONE',  ( -8.980199218265395800, 8.459853420432091653, -13.46309704045871847 ) ) ;
#204 = ORIENTED_EDGE ( 'NONE', *, *, #641, .T. ) ;
#205 = CARTESIAN_POINT ( 'NONE',  ( 8.956063912116842829, 8.218451002612347622, 13.39863506714183217 ) ) ;
#206 = ORIENTED_EDGE ( 'NONE', *, *, #6082, .F. ) ;
#207 = DIRECTION ( 'NONE',  ( 0.000000000000000000, 0.000000000000000000, 1.000000000000000000 ) ) ;
#208 = CARTESIAN_POINT ( 'NONE',  ( 8.531726717527304160, 13.26598998306023702, 15.30192110941501227 ) ) ;
#209 = DIRECTION ( 'NONE',  ( -0.000000000000000000, 1.000000000000000000, -0.000000000000000000 ) ) ;
#210 = ORIENTED_EDGE ( 'NONE', *, *, #7054, .F. ) ;
#211 = VERTEX_POINT ( 'NONE', #1062 ) ;
#212 = EDGE_CURVE ( 'NONE', #2962, #6089, #5121, .T. ) ;
#213 = CARTESIAN_POINT ( 'NONE',  ( -11.62869148398554486, 9.500000000000000000, 10.92158470279896143 ) ) ;
#214 = DIRECTION ( 'NONE',  ( -0.000000000000000000, 1.000000000000000000, -0.000000000000000000 ) ) ;
#215 = CARTESIAN_POINT ( 'NONE',  ( -8.431524371106684512, 7.878150682722417031, 13.09815870032677054 ) ) ;
#216 = CARTESIAN_POINT ( 'NONE',  ( 12.28076636725513282, 10.85530070153508397, 12.28076636714039971 ) ) ;
#217 = ORIENTED_EDGE ( 'NONE', *, *, #1096, .F. ) ;
#218 = CARTESIAN_POINT ( 'NONE',  ( 8.761024880887463340, 12.50814509075991587, -14.92852743426171713 ) ) ;
#219 = ORIENTED_EDGE ( 'NONE', *, *, #7867, .F. ) ;
#220 = ORIENTED_EDGE ( 'NONE', *, *, #6049, .T. ) ;
#221 = DIRECTION ( 'NONE',  ( 0.000000000000000000, 1.000000000000000000, 0.000000000000000000 ) ) ;
#222 = CARTESIAN_POINT ( 'NONE',  ( 0.000000000000000000, 14.99999999999999645, 0.000000000000000000 ) ) ;
#223 = EDGE_CURVE ( 'NONE', #4180, #2612, #4564, .T. ) ;
#224 = CARTESIAN_POINT ( 'NONE',  ( -10.63807139240889654, 9.742939155095813319, 11.97935016084068316 ) ) ;
#225 = ADVANCED_FACE ( 'NONE', ( #1109 ), #3715, .F. ) ;
#226 = CARTESIAN_POINT ( 'NONE',  ( 8.980067507150710782, 8.554679045303892337, -13.49484738903548831 ) ) ;
#227 = FACE_OUTER_BOUND ( 'NONE', #2319, .T. ) ;
#228 = CARTESIAN_POINT ( 'NONE',  ( -13.50710666390386017, 7.659778423024945937, -8.504546712586293467 ) ) ;
#229 = ORIENTED_EDGE ( 'NONE', *, *, #8396, .T. ) ;
#230 = CARTESIAN_POINT ( 'NONE',  ( 15.21759819039019490, 13.39999999999999858, 7.999999999999994671 ) ) ;
#231 = ORIENTED_EDGE ( 'NONE', *, *, #3776, .F. ) ;
#232 = CARTESIAN_POINT ( 'NONE',  ( 13.78208468598914571, 7.749999999999998224, 8.099993220059733545 ) ) ;
#233 = CIRCLE ( 'NONE', #6665, 16.50884606410363276 ) ;
#234 = EDGE_CURVE ( 'NONE', #1336, #6843, #2545, .T. ) ;
#235 = CARTESIAN_POINT ( 'NONE',  ( 13.09261806874822653, 8.500000000000007105, 8.749999999999998224 ) ) ;
#236 = LINE ( 'NONE', #1542, #5687 ) ;
#237 = EDGE_LOOP ( 'NONE', ( #1471, #7026, #5163, #6046 ) ) ;
#238 = CARTESIAN_POINT ( 'NONE',  ( 8.862536868434201409, 12.94890649209157196, -15.01051708455704947 ) ) ;
#239 = CIRCLE ( 'NONE', #8453, 0.1499999999999996336 ) ;
#240 = CARTESIAN_POINT ( 'NONE',  ( 14.52076150044017844, 13.01071336698204917, 8.702105931062181554 ) ) ;
#241 = EDGE_LOOP ( 'NONE', ( #3788, #6929, #4182, #3425 ) ) ;
#242 = DIRECTION ( 'NONE',  ( 0.000000000000000000, 0.000000000000000000, 1.000000000000000000 ) ) ;
#243 = DIRECTION ( 'NONE',  ( -0.7071067811865483499, 0.000000000000000000, 0.7071067811865467956 ) ) ;
#244 = DIRECTION ( 'NONE',  ( -0.000000000000000000, -1.000000000000000000, -0.000000000000000000 ) ) ;
#245 = CIRCLE ( 'NONE', #6675, 0.5000000000000031086 ) ;
#246 = ADVANCED_FACE ( 'NONE', ( #251 ), #3679, .F. ) ;
#247 = CARTESIAN_POINT ( 'NONE',  ( 8.177680424867416420, 7.749999999999994671, -13.24304958942802735 ) ) ;
#248 = VERTEX_POINT ( 'NONE', #1249 ) ;
#249 = DIRECTION ( 'NONE',  ( 0.000000000000000000, -0.000000000000000000, 1.000000000000000000 ) ) ;
#250 = CARTESIAN_POINT ( 'NONE',  ( -8.749999999999998224, 12.49999999999999289, 14.41636719170869974 ) ) ;
#251 = FACE_OUTER_BOUND ( 'NONE', #5451, .T. ) ;
#252 = CARTESIAN_POINT ( 'NONE',  ( -3.480102169636832166, 15.49999999999999467, 6.960204339273663443 ) ) ;
#253 = VECTOR ( 'NONE', #6130, 1000.000000000000000 ) ;
#254 = ORIENTED_EDGE ( 'NONE', *, *, #3735, .F. ) ;
#255 = CARTESIAN_POINT ( 'NONE',  ( 0.000000000000000000, 12.39999999999999858, 0.000000000000000000 ) ) ;
#256 = CARTESIAN_POINT ( 'NONE',  ( -15.45172114225276339, 13.39999999999999858, 7.999999999999991118 ) ) ;
#257 = CARTESIAN_POINT ( 'NONE',  ( 13.01508767021585022, 8.526040938946223946, 8.750000000000001776 ) ) ;
#258 = DIRECTION ( 'NONE',  ( 0.000000000000000000, 0.000000000000000000, 1.000000000000000000 ) ) ;
#259 = CARTESIAN_POINT ( 'NONE',  ( -12.11318639595956625, 11.50000000000000000, 11.21742065475739025 ) ) ;
#260 = DIRECTION ( 'NONE',  ( 0.4653245021537897319, 0.000000000000000000, -0.8851401627399627658 ) ) ;
#261 = ORIENTED_EDGE ( 'NONE', *, *, #5964, .F. ) ;
#262 = CARTESIAN_POINT ( 'NONE',  ( -8.980365443689482419, 8.340179164047302862, 13.42302665483224899 ) ) ;
#263 = EDGE_CURVE ( 'NONE', #3404, #2413, #1208, .T. ) ;
#264 = AXIS2_PLACEMENT_3D ( 'NONE', #978, #3668, #8219 ) ;
#265 = ORIENTED_EDGE ( 'NONE', *, *, #5100, .T. ) ;
#266 = DIRECTION ( 'NONE',  ( -1.084202172485505174E-16, 1.000000000000000000, 0.000000000000000000 ) ) ;
#267 = CARTESIAN_POINT ( 'NONE',  ( -13.28280534543352331, 8.017110206000815253, 8.582864541850714346 ) ) ;
#268 = CARTESIAN_POINT ( 'NONE',  ( -13.42384122020087744, 8.342611952867919456, 8.980362068114347451 ) ) ;
#269 = DIRECTION ( 'NONE',  ( 0.000000000000000000, 0.000000000000000000, -1.000000000000000000 ) ) ;
#270 = AXIS2_PLACEMENT_3D ( 'NONE', #499, #3168, #7737 ) ;
#271 = CARTESIAN_POINT ( 'NONE',  ( 1.623765950687581711E-15, 15.49999999999999289, 13.22499999999999964 ) ) ;
#272 = CARTESIAN_POINT ( 'NONE',  ( -13.03442487726323229, 8.015449931258258331, 8.581472475384838816 ) ) ;
#273 = VERTEX_POINT ( 'NONE', #8425 ) ;
#274 = ORIENTED_EDGE ( 'NONE', *, *, #7351, .T. ) ;
#275 = CARTESIAN_POINT ( 'NONE',  ( -8.392814450962253758, 13.34416902484765899, -14.80960307706622814 ) ) ;
#276 = EDGE_CURVE ( 'NONE', #5978, #7287, #6936, .T. ) ;
#277 = ORIENTED_EDGE ( 'NONE', *, *, #2031, .T. ) ;
#278 = CARTESIAN_POINT ( 'NONE',  ( -8.092674660743949033, 13.27286299778705292, -14.95309868497492012 ) ) ;
#279 = CARTESIAN_POINT ( 'NONE',  ( 13.34070376544996428, 7.884901666891320104, 8.440680885325409832 ) ) ;
#280 = AXIS2_PLACEMENT_3D ( 'NONE', #6846, #5541, #6806 ) ;
#281 = DIRECTION ( 'NONE',  ( 0.8621286684545753642, 1.408095776665057188E-14, -0.5066894108117327988 ) ) ;
#282 = CARTESIAN_POINT ( 'NONE',  ( 8.975234794127938898, 12.26969374711711858, 14.72133013963436099 ) ) ;
#283 = ORIENTED_EDGE ( 'NONE', *, *, #7487, .F. ) ;
#284 = CARTESIAN_POINT ( 'NONE',  ( 15.58006697086412018, 13.35985342043208668, 8.066449984402256135 ) ) ;
#285 = CIRCLE ( 'NONE', #1118, 14.12193181625839244 ) ;
#286 = PLANE ( 'NONE',  #7919 ) ;
#287 = CARTESIAN_POINT ( 'NONE',  ( 13.24659978108472558, 7.640146579567915985, -7.925793772815112881 ) ) ;
#288 = ADVANCED_FACE ( 'NONE', ( #2373 ), #4058, .T. ) ;
#289 = EDGE_CURVE ( 'NONE', #6652, #6599, #1632, .T. ) ;
#290 = DIRECTION ( 'NONE',  ( 0.000000000000000000, -0.3090529753642040633, -0.9510448246105610570 ) ) ;
#291 = AXIS2_PLACEMENT_3D ( 'NONE', #743, #2691, #5435 ) ;
#292 = FACE_OUTER_BOUND ( 'NONE', #5273, .T. ) ;
#293 = VERTEX_POINT ( 'NONE', #6222 ) ;
#294 = CARTESIAN_POINT ( 'NONE',  ( -8.175626459873129193, 7.765064157367549846, -13.49223810265148060 ) ) ;
#295 = CARTESIAN_POINT ( 'NONE',  ( 5.029540588923665290, 9.731686437435309145, 19.09059477570358254 ) ) ;
#296 = ORIENTED_EDGE ( 'NONE', *, *, #7670, .F. ) ;
#297 = CARTESIAN_POINT ( 'NONE',  ( -10.92158470279900229, 9.500000000000000000, 11.62869148398550756 ) ) ;
#298 = ADVANCED_FACE ( 'NONE', ( #227 ), #1705, .F. ) ;
#299 = VERTEX_POINT ( 'NONE', #1007 ) ;
#300 = ORIENTED_EDGE ( 'NONE', *, *, #3787, .F. ) ;
#301 = DIRECTION ( 'NONE',  ( 0.000000000000000000, -1.000000000000000000, 0.000000000000000000 ) ) ;
#302 = CARTESIAN_POINT ( 'NONE',  ( -13.46309704045871669, 8.459853420432093429, 8.980199218265399352 ) ) ;
#303 = DIRECTION ( 'NONE',  ( 0.000000000000000000, -0.9485212707595882531, 0.3167134334325210632 ) ) ;
#304 = CARTESIAN_POINT ( 'NONE',  ( 14.96291945331398665, 13.44014657956862280, -8.173854357471638465 ) ) ;
#305 = ORIENTED_EDGE ( 'NONE', *, *, #114, .T. ) ;
#306 = DIRECTION ( 'NONE',  ( -0.000000000000000000, 1.000000000000000000, -0.000000000000000000 ) ) ;
#307 = EDGE_CURVE ( 'NONE', #5978, #309, #7357, .T. ) ;
#308 = VERTEX_POINT ( 'NONE', #6394 ) ;
#309 = VERTEX_POINT ( 'NONE', #5798 ) ;
#310 = FACE_OUTER_BOUND ( 'NONE', #328, .T. ) ;
#311 = CIRCLE ( 'NONE', #6317, 0.1499999999999989397 ) ;
#312 = CIRCLE ( 'NONE', #8516, 0.1499999999999995226 ) ;
#313 = CARTESIAN_POINT ( 'NONE',  ( -13.46244960079899400, 7.721508883812327362, 8.606597760034283340 ) ) ;
#314 = CARTESIAN_POINT ( 'NONE',  ( 0.000000000000000000, 15.49999999999999645, 0.000000000000000000 ) ) ;
#315 = APPROVAL ( #5508, 'UNSPECIFIED' ) ;
#316 = CARTESIAN_POINT ( 'NONE',  ( -8.291266928127118518, 7.579019565158615634, -13.61279404871483933 ) ) ;
#317 = CARTESIAN_POINT ( 'NONE',  ( 10.93623405903721313, 11.25728075185887533, 12.27712632681588545 ) ) ;
#318 = VECTOR ( 'NONE', #2424, 1000.000000000000000 ) ;
#319 = CIRCLE ( 'NONE', #3128, 0.1499999999999997724 ) ;
#320 = CARTESIAN_POINT ( 'NONE',  ( 5.029540588923665290, 9.731686437435309145, 19.09059477570358254 ) ) ;
#321 = ORIENTED_EDGE ( 'NONE', *, *, #3313, .F. ) ;
#322 = CARTESIAN_POINT ( 'NONE',  ( 13.46247486233792401, 7.721735418345138768, 8.606667686415097052 ) ) ;
#323 = AXIS2_PLACEMENT_3D ( 'NONE', #1255, #6680, #30 ) ;
#324 = CIRCLE ( 'NONE', #882, 13.12193181625839422 ) ;
#325 = ADVANCED_FACE ( 'NONE', ( #3703 ), #4562, .T. ) ;
#326 = CARTESIAN_POINT ( 'NONE',  ( 14.31688257117269458, 11.03420945429615152, -8.976776105053291488 ) ) ;
#327 = CARTESIAN_POINT ( 'NONE',  ( 8.450831500921006878, 13.10679400586693255, -14.86603972309396582 ) ) ;
#328 = EDGE_LOOP ( 'NONE', ( #8492, #6517, #2327, #75 ) ) ;
#329 = DIRECTION ( 'NONE',  ( -0.000000000000000000, 1.000000000000000000, -0.000000000000000000 ) ) ;
#330 = CARTESIAN_POINT ( 'NONE',  ( 15.08967093049028563, 13.44014657956791226, 7.932747726257771248 ) ) ;
#331 = ORIENTED_EDGE ( 'NONE', *, *, #8065, .T. ) ;
#332 = DIRECTION ( 'NONE',  ( 0.000000000000000000, 0.000000000000000000, -1.000000000000000000 ) ) ;
#333 = AXIS2_PLACEMENT_3D ( 'NONE', #4517, #6659, #2553 ) ;
#334 = CARTESIAN_POINT ( 'NONE',  ( -11.30374540879087064, 11.25722816609426502, 12.64464810504532544 ) ) ;
#335 = CARTESIAN_POINT ( 'NONE',  ( 8.170569869803417262, 10.40693149288440367, 16.21482680459857662 ) ) ;
#336 = EDGE_CURVE ( 'NONE', #6059, #2510, #6530, .T. ) ;
#337 = CARTESIAN_POINT ( 'NONE',  ( 14.49568901432426671, 9.500000000000000000, -15.20279579551075777 ) ) ;
#338 = EDGE_CURVE ( 'NONE', #6682, #3961, #4338, .T. ) ;
#339 = ORIENTED_EDGE ( 'NONE', *, *, #608, .F. ) ;
#340 = CARTESIAN_POINT ( 'NONE',  ( 8.818581150698779680, 8.422239567526331072, 12.93360325590151660 ) ) ;
#341 = CARTESIAN_POINT ( 'NONE',  ( -15.08957488356715970, 13.24999999999999822, 8.202938254399782636 ) ) ;
#342 = ORIENTED_EDGE ( 'NONE', *, *, #394, .F. ) ;
#343 = COORDINATED_UNIVERSAL_TIME_OFFSET ( 1, 0, .AHEAD. ) ;
#344 = DIRECTION ( 'NONE',  ( 1.776356839400250465E-15, 0.000000000000000000, -1.000000000000000000 ) ) ;
#345 = CARTESIAN_POINT ( 'NONE',  ( -8.749999999999998224, 12.49999999999999289, -21.00000000000002132 ) ) ;
#346 = ORIENTED_EDGE ( 'NONE', *, *, #4458, .T. ) ;
#347 = CARTESIAN_POINT ( 'NONE',  ( -8.899999999999996803, 8.500000000000005329, -13.34286252986123777 ) ) ;
#348 = EDGE_CURVE ( 'NONE', #5522, #5666, #555, .T. ) ;
#349 = CARTESIAN_POINT ( 'NONE',  ( -14.07634626821246826, 11.87464461479038924, -8.823243299300838061 ) ) ;
#350 = CARTESIAN_POINT ( 'NONE',  ( -13.46320381325080717, 7.720200559015316877, 8.604745962805173676 ) ) ;
#351 = CARTESIAN_POINT ( 'NONE',  ( 14.41636719170869618, 12.49999999999999112, 8.749999999999998224 ) ) ;
#352 = CARTESIAN_POINT ( 'NONE',  ( -15.58006697086412018, 13.35985342043208490, 8.066449984402259687 ) ) ;
#353 = ORIENTED_EDGE ( 'NONE', *, *, #4277, .T. ) ;
#354 = CARTESIAN_POINT ( 'NONE',  ( 8.385923578136747381, 13.17048976614879940, -15.17417371512782331 ) ) ;
#355 = ORIENTED_EDGE ( 'NONE', *, *, #1449, .T. ) ;
#356 = CARTESIAN_POINT ( 'NONE',  ( 8.980364904031480577, 8.340567691685636831, 13.42315674506856382 ) ) ;
#357 = CARTESIAN_POINT ( 'NONE',  ( -13.61194688593824864, 7.749999999999999112, 7.999999999999992895 ) ) ;
#358 = DIRECTION ( 'NONE',  ( 0.000000000000000000, 0.000000000000000000, -1.000000000000000000 ) ) ;
#359 = EDGE_CURVE ( 'NONE', #273, #4780, #5982, .T. ) ;
#360 = DIRECTION ( 'NONE',  ( -0.7071067811865487940, -0.000000000000000000, 0.7071067811865463515 ) ) ;
#361 = CARTESIAN_POINT ( 'NONE',  ( -13.72951559249998610, 7.762452139263682938, -8.196265702868149816 ) ) ;
#362 = DIRECTION ( 'NONE',  ( 0.9485212707595873649, 0.3167134334325232281, 0.000000000000000000 ) ) ;
#363 = VERTEX_POINT ( 'NONE', #3357 ) ;
#364 = CYLINDRICAL_SURFACE ( 'NONE', #3637, 19.89999999999999858 ) ;
#365 = ORIENTED_EDGE ( 'NONE', *, *, #5636, .T. ) ;
#366 = DIRECTION ( 'NONE',  ( -0.1892527910123301682, -0.9635179096299404389, -0.1892527910399030289 ) ) ;
#367 = CARTESIAN_POINT ( 'NONE',  ( -12.56282300316364697, 10.66671112316219805, -11.14860944079059557 ) ) ;
#368 = ORIENTED_EDGE ( 'NONE', *, *, #6651, .T. ) ;
#369 = CARTESIAN_POINT ( 'NONE',  ( -8.733595056974674975, 8.308530766424427227, 12.95330784402476532 ) ) ;
#370 = CARTESIAN_POINT ( 'NONE',  ( 8.823721115284747896, 12.25491767766589923, -14.20041219849642111 ) ) ;
#371 =( BOUNDED_SURFACE ( )  B_SPLINE_SURFACE ( 3, 2, ( 
 ( #703, #2639, #5305 ),
 ( #3763, #7790, #2425 ),
 ( #1327, #3342, #5814 ),
 ( #1811, #6407, #7746 ) ),
 .UNSPECIFIED., .F., .F., .F. ) 
 B_SPLINE_SURFACE_WITH_KNOTS ( ( 4, 4 ),
 ( 3, 3 ),
 ( 1.734723475976807094E-18, 0.004213349230782856281 ),
 ( 0.000000000000000000, 1.000000000000000000 ),
 .UNSPECIFIED. ) 
 GEOMETRIC_REPRESENTATION_ITEM ( )  RATIONAL_B_SPLINE_SURFACE ( (
 ( 1.000000000000000000, 0.8779725897198052964, 1.000000000000000000),
 ( 1.000000000000000000, 0.8743696232020864434, 1.000000000000000000),
 ( 1.000000000000000000, 0.8709903080357505045, 1.000000000000000000),
 ( 1.000000000000000000, 0.8677983030863939407, 1.000000000000000000) ) ) 
 REPRESENTATION_ITEM ( '' )  SURFACE ( )  );
#372 = CARTESIAN_POINT ( 'NONE',  ( -14.51894131840932012, 13.02684560908309841, 8.716141607299901395 ) ) ;
#373 = CARTESIAN_POINT ( 'NONE',  ( 8.818749239510214721, 8.540146579567920782, -12.97309164460348896 ) ) ;
#374 = CYLINDRICAL_SURFACE ( 'NONE', #2806, 2.811851371712977166 ) ;
#375 = VECTOR ( 'NONE', #6445, 1000.000000000000000 ) ;
#376 = CARTESIAN_POINT ( 'NONE',  ( 1.864117349093432854E-15, 6.866178068106953525, -15.22167330524445106 ) ) ;
#377 = ORIENTED_EDGE ( 'NONE', *, *, #1072, .F. ) ;
#378 = CARTESIAN_POINT ( 'NONE',  ( 8.750000000000003553, 8.401700249235505069, 13.05299771608828330 ) ) ;
#379 = CARTESIAN_POINT ( 'NONE',  ( 8.974846352959994888, 12.58895698862648160, 14.82534076280172819 ) ) ;
#380 = CARTESIAN_POINT ( 'NONE',  ( -4.201174670048177644E-15, 15.49999999999999289, -5.144955112333438337E-31 ) ) ;
#381 = LINE ( 'NONE', #345, #6424 ) ;
#382 = EDGE_CURVE ( 'NONE', #2160, #1047, #3459, .T. ) ;
#383 = VECTOR ( 'NONE', #5285, 1000.000000000000000 ) ;
#384 = ORIENTED_EDGE ( 'NONE', *, *, #5020, .T. ) ;
#385 = ADVANCED_FACE ( 'NONE', ( #1290 ), #8392, .T. ) ;
#386 = CARTESIAN_POINT ( 'NONE',  ( 7.999999999999998224, 7.750000000000001776, -13.61194688593824687 ) ) ;
#387 = CARTESIAN_POINT ( 'NONE',  ( -14.26242018023594760, 12.44506224921793525, -8.823959472189914166 ) ) ;
#388 = CARTESIAN_POINT ( 'NONE',  ( 18.80517238994066176, 9.704922051073163303, 5.451224984231896720 ) ) ;
#389 = AXIS2_PLACEMENT_3D ( 'NONE', #5005, #7662, #930 ) ;
#390 = CARTESIAN_POINT ( 'NONE',  ( -11.21419750224826650, 11.00004516124001697, -12.62841106462140317 ) ) ;
#391 = DIRECTION ( 'NONE',  ( 0.000000000000000000, -1.000000000000000000, 0.000000000000000000 ) ) ;
#392 = ORIENTED_EDGE ( 'NONE', *, *, #443, .F. ) ;
#393 = DIRECTION ( 'NONE',  ( -1.000000000000000000, 0.000000000000000000, 0.000000000000000000 ) ) ;
#394 = EDGE_CURVE ( 'NONE', #4719, #5821, #1770, .T. ) ;
#395 = ORIENTED_EDGE ( 'NONE', *, *, #2322, .T. ) ;
#396 = EDGE_CURVE ( 'NONE', #3573, #693, #4523, .T. ) ;
#397 = CARTESIAN_POINT ( 'NONE',  ( 13.01508767021575963, 8.526040938946250591, 8.750000000000001776 ) ) ;
#398 = AXIS2_PLACEMENT_3D ( 'NONE', #8064, #6038, #4851 ) ;
#399 = CARTESIAN_POINT ( 'NONE',  ( -13.26751293926673547, 8.109937547702175564, 8.648777478938006524 ) ) ;
#400 = CARTESIAN_POINT ( 'NONE',  ( 15.55634918610408413, 10.99999999999999645, -14.14213562373093680 ) ) ;
#401 = CARTESIAN_POINT ( 'NONE',  ( -8.975003248201142370, 12.45985342043207744, -14.78329181874944886 ) ) ;
#402 = CARTESIAN_POINT ( 'NONE',  ( 8.750000000000003553, 11.16487894244642298, -13.98051948716662451 ) ) ;
#403 = CARTESIAN_POINT ( 'NONE',  ( 0.000000000000000000, 5.999999999999999112, 0.000000000000000000 ) ) ;
#404 = ORIENTED_EDGE ( 'NONE', *, *, #8442, .T. ) ;
#405 = AXIS2_PLACEMENT_3D ( 'NONE', #806, #1509, #2028 ) ;
#406 = VERTEX_POINT ( 'NONE', #5181 ) ;
#407 = CARTESIAN_POINT ( 'NONE',  ( -14.41636719170869263, 12.49999999999999467, -8.750000000000001776 ) ) ;
#408 = ORIENTED_EDGE ( 'NONE', *, *, #8102, .F. ) ;
#409 = EDGE_CURVE ( 'NONE', #6069, #5905, #8174, .T. ) ;
#410 = CYLINDRICAL_SURFACE ( 'NONE', #8222, 2.991318522074776887 ) ;
#411 = CARTESIAN_POINT ( 'NONE',  ( 18.20000000000000639, 16.51447992314274771, 36.39999999999999147 ) ) ;
#412 = CARTESIAN_POINT ( 'NONE',  ( -8.733406266119283501, 8.307667043738261370, -12.95314631857998222 ) ) ;
#413 = CARTESIAN_POINT ( 'NONE',  ( 11.62870035885070585, 9.500045161240020519, 10.92159357766420236 ) ) ;
#414 = EDGE_LOOP ( 'NONE', ( #2690, #1697, #500, #8479 ) ) ;
#415 = CARTESIAN_POINT ( 'NONE',  ( 15.45397924570272430, 13.35985342043270307, 8.309984030484514506 ) ) ;
#416 = DIRECTION ( 'NONE',  ( -0.000000000000000000, 1.000000000000000000, -0.000000000000000000 ) ) ;
#417 = VERTEX_POINT ( 'NONE', #6314 ) ;
#418 = LINE ( 'NONE', #3807, #7378 ) ;
#419 = CIRCLE ( 'NONE', #3226, 17.54440372789780511 ) ;
#420 = EDGE_CURVE ( 'NONE', #2978, #860, #8380, .T. ) ;
#421 = CARTESIAN_POINT ( 'NONE',  ( -8.472625329335444988, 13.26576443358571922, 14.73782815449788863 ) ) ;
#422 = AXIS2_PLACEMENT_3D ( 'NONE', #6270, #1059, #3041 ) ;
#423 = DIRECTION ( 'NONE',  ( 3.277692010970709517E-17, 0.9635179096299405499, -0.2676438637860946712 ) ) ;
#424 =( BOUNDED_SURFACE ( )  B_SPLINE_SURFACE ( 3, 2, ( 
 ( #4311, #6975, #2921 ),
 ( #976, #1508, #8138 ),
 ( #4840, #2966, #8218 ),
 ( #3718, #6888, #5629 ) ),
 .UNSPECIFIED., .F., .F., .F. ) 
 B_SPLINE_SURFACE_WITH_KNOTS ( ( 4, 4 ),
 ( 3, 3 ),
 ( 1.734723475976807094E-18, 0.004211198243782912458 ),
 ( 0.000000000000000000, 1.000000000000000000 ),
 .UNSPECIFIED. ) 
 GEOMETRIC_REPRESENTATION_ITEM ( )  RATIONAL_B_SPLINE_SURFACE ( (
 ( 1.000000000000000000, 0.4823580334654530843, 1.000000000000000000),
 ( 1.000000000000000000, 0.4887473536761321458, 1.000000000000000000),
 ( 1.000000000000000000, 0.4945821811962329284, 1.000000000000000000),
 ( 1.000000000000000000, 0.4999891725456262481, 1.000000000000000000) ) ) 
 REPRESENTATION_ITEM ( '' )  SURFACE ( )  );
#425 = VERTEX_POINT ( 'NONE', #3258 ) ;
#426 = DIRECTION ( 'NONE',  ( -0.000000000000000000, -1.000000000000000000, -0.000000000000000000 ) ) ;
#427 = LINE ( 'NONE', #3103, #3904 ) ;
#428 = CARTESIAN_POINT ( 'NONE',  ( -21.00000000000002132, 12.49999999999999467, -8.750000000000001776 ) ) ;
#429 = CARTESIAN_POINT ( 'NONE',  ( 0.000000000000000000, 13.44014657956791226, 3.895261592358395743E-15 ) ) ;
#430 = TOROIDAL_SURFACE ( 'NONE', #577, 1.750000000000000000, 0.2500000000000000000 ) ;
#431 = VERTEX_POINT ( 'NONE', #5228 ) ;
#432 = DIRECTION ( 'NONE',  ( 0.000000000000000000, -0.3167134334325371059, -0.9485212707595829240 ) ) ;
#433 = CARTESIAN_POINT ( 'NONE',  ( 10.64979063314487995, 10.00000000000000355, -12.06400419551793313 ) ) ;
#434 = ADVANCED_FACE ( 'NONE', ( #4811 ), #1538, .T. ) ;
#435 = CARTESIAN_POINT ( 'NONE',  ( 13.34286252986123245, 8.500000000000007105, 8.749999999999998224 ) ) ;
#436 = CARTESIAN_POINT ( 'NONE',  ( 2.204364238465235428E-15, 14.99999999999999645, -18.00000000000000000 ) ) ;
#437 = VERTEX_POINT ( 'NONE', #8221 ) ;
#438 = ORIENTED_EDGE ( 'NONE', *, *, #4735, .F. ) ;
#439 = CARTESIAN_POINT ( 'NONE',  ( 13.04492446933898542, 7.792253935049019198, 8.334110571071432716 ) ) ;
#440 = CARTESIAN_POINT ( 'NONE',  ( -13.38804520993577718, 7.991778477619698506, 8.858284710630536907 ) ) ;
#441 = CARTESIAN_POINT ( 'NONE',  ( 16.28295780944633719, 10.38016710650748919, 8.238700874537491003 ) ) ;
#442 = ADVANCED_FACE ( 'NONE', ( #4195 ), #897, .T. ) ;
#443 = EDGE_CURVE ( 'NONE', #7781, #1172, #5542, .T. ) ;
#444 = CARTESIAN_POINT ( 'NONE',  ( 8.750000000000003553, 9.831370388437388641, -13.53979924743924101 ) ) ;
#445 = CARTESIAN_POINT ( 'NONE',  ( 13.32130930603827323, 9.583575853824996216, -8.820213425153594855 ) ) ;
#446 = ORIENTED_EDGE ( 'NONE', *, *, #4834, .T. ) ;
#447 = VERTEX_POINT ( 'NONE', #2245 ) ;
#448 = CARTESIAN_POINT ( 'NONE',  ( 7.999999999999998224, 13.25000000000000178, -15.45172114225276516 ) ) ;
#449 = ORIENTED_EDGE ( 'NONE', *, *, #3560, .F. ) ;
#450 = TOROIDAL_SURFACE ( 'NONE', #7552, 13.62193181625839422, 0.4999999999999995559 ) ;
#451 = DIRECTION ( 'NONE',  ( 0.000000000000000000, 0.000000000000000000, 1.000000000000000000 ) ) ;
#452 = CARTESIAN_POINT ( 'NONE',  ( -18.19999999999999929, 16.51447992314274771, 4.457714348896365861E-15 ) ) ;
#453 = DIRECTION ( 'NONE',  ( 0.7071067811865484609, 0.000000000000000000, -0.7071067811865467956 ) ) ;
#454 = CARTESIAN_POINT ( 'NONE',  ( 13.34067826411779301, 7.884712886244151342, -8.440622872102073515 ) ) ;
#455 = EDGE_CURVE ( 'NONE', #4148, #8382, #788, .T. ) ;
#456 = AXIS2_PLACEMENT_3D ( 'NONE', #4570, #2606, #5274 ) ;
#457 = CARTESIAN_POINT ( 'NONE',  ( -13.55825311177119019, 8.744362080210381194, -8.979805978441152803 ) ) ;
#458 = CIRCLE ( 'NONE', #7835, 0.5000000000000004441 ) ;
#459 = ORIENTED_EDGE ( 'NONE', *, *, #4468, .T. ) ;
#460 = CARTESIAN_POINT ( 'NONE',  ( 16.30263978953409065, 6.662549834352267553, 6.758600903895744416 ) ) ;
#461 = ORIENTED_EDGE ( 'NONE', *, *, #7376, .T. ) ;
#462 = DIRECTION ( 'NONE',  ( 0.000000000000000000, -0.000000000000000000, 1.000000000000000000 ) ) ;
#463 = ORIENTED_EDGE ( 'NONE', *, *, #4233, .F. ) ;
#464 = CARTESIAN_POINT ( 'NONE',  ( -8.824077831548111206, 12.54014657956790835, 14.29338720761957937 ) ) ;
#465 = ORIENTED_EDGE ( 'NONE', *, *, #1669, .F. ) ;
#466 = FACE_OUTER_BOUND ( 'NONE', #8460, .T. ) ;
#467 = DIRECTION ( 'NONE',  ( -0.000000000000000000, 1.000000000000000000, -0.000000000000000000 ) ) ;
#468 = CIRCLE ( 'NONE', #6192, 17.04230335598365542 ) ;
#469 = CIRCLE ( 'NONE', #5361, 0.1499999999999996059 ) ;
#470 = DIRECTION ( 'NONE',  ( -1.084202172485505174E-16, 1.000000000000000000, 0.000000000000000000 ) ) ;
#471 = ADVANCED_FACE ( 'NONE', ( #3673 ), #3722, .T. ) ;
#472 = ORIENTED_EDGE ( 'NONE', *, *, #5465, .F. ) ;
#473 = DIRECTION ( 'NONE',  ( 0.1892527910123339707, 0.9635179096299398838, 0.1892527910399021962 ) ) ;
#474 = AXIS2_PLACEMENT_3D ( 'NONE', #949, #2940, #6295 ) ;
#475 = CARTESIAN_POINT ( 'NONE',  ( 8.821893311781114022, 10.82149271643175759, 13.73145128284950012 ) ) ;
#476 = FACE_OUTER_BOUND ( 'NONE', #2599, .T. ) ;
#477 = ORIENTED_EDGE ( 'NONE', *, *, #8328, .F. ) ;
#478 =( BOUNDED_SURFACE ( )  B_SPLINE_SURFACE ( 3, 2, ( 
 ( #2226, #6186, #186 ),
 ( #2907, #7556, #4740 ),
 ( #4136, #8202, #8164 ),
 ( #7439, #6789, #4868 ),
 ( #791, #4912, #835 ),
 ( #3478, #5442, #4828 ),
 ( #2183, #6142, #2778 ),
 ( #7516, #1578, #6753 ),
 ( #3433, #6708, #4177 ),
 ( #1533, #142, #6833 ) ),
 .UNSPECIFIED., .F., .F., .F. ) 
 B_SPLINE_SURFACE_WITH_KNOTS ( ( 4, 2, 2, 2, 4 ),
 ( 3, 3 ),
 ( -5.421010862427522170E-20, 0.0003713331171496143945, 0.0007426662342992287891, 0.001113999351448843184, 0.001485332468598457578 ),
 ( 0.000000000000000000, 1.000000000000000000 ),
 .UNSPECIFIED. ) 
 GEOMETRIC_REPRESENTATION_ITEM ( )  RATIONAL_B_SPLINE_SURFACE ( (
 ( 1.000000000000000000, 0.7961293436956987657, 1.000000000000000000),
 ( 1.000000000000000000, 0.8146489949728157320, 1.000000000000000000),
 ( 1.000000000000000000, 0.8315454612105181997, 1.000000000000000000),
 ( 1.000000000000000000, 0.8614977035096347269, 1.000000000000000000),
 ( 1.000000000000000000, 0.8740129294222113154, 1.000000000000000000),
 ( 1.000000000000000000, 0.8912487055335819308, 1.000000000000000000),
 ( 1.000000000000000000, 0.8958119522467972162, 1.000000000000000000),
 ( 1.000000000000000000, 0.8943686009367918244, 1.000000000000000000),
 ( 1.000000000000000000, 0.8883767022280597558, 1.000000000000000000),
 ( 1.000000000000000000, 0.8779725897198052964, 1.000000000000000000) ) ) 
 REPRESENTATION_ITEM ( '' )  SURFACE ( )  );
#479 = TOROIDAL_SURFACE ( 'NONE', #2007, 17.19230335598365400, 0.1499999999999999944 ) ;
#480 = CARTESIAN_POINT ( 'NONE',  ( -18.19999999999999929, 16.51447992314274771, 0.000000000000000000 ) ) ;
#481 = VERTEX_POINT ( 'NONE', #1729 ) ;
#482 = CARTESIAN_POINT ( 'NONE',  ( -13.34286252986123245, 8.500000000000007105, -8.750000000000001776 ) ) ;
#483 = ORIENTED_EDGE ( 'NONE', *, *, #6431, .F. ) ;
#484 = DIRECTION ( 'NONE',  ( 1.000000000000000000, -0.000000000000000000, -0.000000000000000000 ) ) ;
#485 = ORIENTED_EDGE ( 'NONE', *, *, #4457, .T. ) ;
#486 = VERTEX_POINT ( 'NONE', #4535 ) ;
#487 = B_SPLINE_CURVE_WITH_KNOTS ( 'NONE', 3,
 ( #3383, #6048, #4014, #3962, #6009, #7427, #2733, #4127, #9, #4603 ),
 .UNSPECIFIED., .F., .F.,
 ( 4, 2, 2, 2, 4 ),
 ( 2.453269466693398698E-18, 0.0003181914351142962134, 0.0006363828702285909090, 0.0009545743053428854420, 0.001272765740457180083 ),
 .UNSPECIFIED. ) ;
#488 = B_SPLINE_CURVE_WITH_KNOTS ( 'NONE', 3,
 ( #5122, #4555, #1753, #7777 ),
 .UNSPECIFIED., .F., .F.,
 ( 4, 4 ),
 ( 2.076005308187231967E-07, 0.001038212667460953207 ),
 .UNSPECIFIED. ) ;
#489 = DIRECTION ( 'NONE',  ( 0.000000000000000000, 1.000000000000000000, 2.168404344971010347E-16 ) ) ;
#490 = ADVANCED_FACE ( 'NONE', ( #552 ), #3347, .F. ) ;
#491 = DIRECTION ( 'NONE',  ( 0.6813100476940172623, -0.2676438637860939496, 0.6813100476940193717 ) ) ;
#492 = DIRECTION ( 'NONE',  ( 0.000000000000000000, 1.000000000000000000, -0.000000000000000000 ) ) ;
#493 = FACE_OUTER_BOUND ( 'NONE', #4351, .T. ) ;
#494 = DIRECTION ( 'NONE',  ( 1.224646799147353454E-16, 0.000000000000000000, -1.000000000000000000 ) ) ;
#495 = CARTESIAN_POINT ( 'NONE',  ( 8.750000000000008882, 12.52665513958391408, 14.33471518854417859 ) ) ;
#496 = DIRECTION ( 'NONE',  ( -0.7071067811865487940, -0.000000000000000000, 0.7071067811865463515 ) ) ;
#497 = VERTEX_POINT ( 'NONE', #3172 ) ;
#498 = ORIENTED_EDGE ( 'NONE', *, *, #6946, .F. ) ;
#499 = CARTESIAN_POINT ( 'NONE',  ( -13.61194688593824687, 7.600000000000001421, -7.999999999999994671 ) ) ;
#500 = ORIENTED_EDGE ( 'NONE', *, *, #4285, .F. ) ;
#501 = CARTESIAN_POINT ( 'NONE',  ( -8.617692080985360548, 8.064230066279993281, -13.57003270634249326 ) ) ;
#502 = EDGE_CURVE ( 'NONE', #84, #6855, #3326, .T. ) ;
#503 = CARTESIAN_POINT ( 'NONE',  ( -18.19999999999999929, 15.49999999999999289, 4.457714348896365861E-15 ) ) ;
#504 = EDGE_CURVE ( 'NONE', #4576, #7102, #7824, .T. ) ;
#505 = DIRECTION ( 'NONE',  ( -0.000000000000000000, -1.000000000000000000, 0.000000000000000000 ) ) ;
#506 = CARTESIAN_POINT ( 'NONE',  ( -8.173903765822787548, 7.764534032041118472, 13.49329992865038896 ) ) ;
#507 = ORIENTED_EDGE ( 'NONE', *, *, #1257, .T. ) ;
#508 = DIRECTION ( 'NONE',  ( 1.224646799147355426E-16, 0.000000000000000000, -1.000000000000000000 ) ) ;
#509 = VERTEX_POINT ( 'NONE', #3215 ) ;
#510 = LINE ( 'NONE', #4573, #5014 ) ;
#511 = CARTESIAN_POINT ( 'NONE',  ( 12.55830834890382697, 11.44394830350171510, -11.47662120573310496 ) ) ;
#512 = DIRECTION ( 'NONE',  ( -0.1892527910123293633, -0.9635179096299409940, -0.1892527910399010860 ) ) ;
#513 = EDGE_CURVE ( 'NONE', #6669, #7731, #7007, .T. ) ;
#514 = FACE_OUTER_BOUND ( 'NONE', #3777, .T. ) ;
#515 = ORIENTED_EDGE ( 'NONE', *, *, #6970, .T. ) ;
#516 = CARTESIAN_POINT ( 'NONE',  ( 1.035515549011275391E-15, 8.210237713098814893, -6.871931816258391557 ) ) ;
#517 = DIRECTION ( 'NONE',  ( -0.000000000000000000, -0.000000000000000000, 1.000000000000000000 ) ) ;
#518 = DIRECTION ( 'NONE',  ( -0.000000000000000000, 1.000000000000000000, -0.000000000000000000 ) ) ;
#519 = CARTESIAN_POINT ( 'NONE',  ( -8.188622373069337712, 13.35985342043208313, -15.51681323360477727 ) ) ;
#520 = ORIENTED_EDGE ( 'NONE', *, *, #6127, .F. ) ;
#521 = ADVANCED_FACE ( 'NONE', ( #3388 ), #6522, .T. ) ;
#522 = CARTESIAN_POINT ( 'NONE',  ( 14.41636719170869263, 12.49999999999999289, -8.900000000000003908 ) ) ;
#523 = CARTESIAN_POINT ( 'NONE',  ( -11.71913493359217462, 9.499999999999998224, 10.82528558496550097 ) ) ;
#524 = CARTESIAN_POINT ( 'NONE',  ( 13.61279404871483756, 7.579019565158616523, -8.291266928127123848 ) ) ;
#525 = CARTESIAN_POINT ( 'NONE',  ( 0.000000000000000000, 15.49999999999999645, 0.000000000000000000 ) ) ;
#526 = CIRCLE ( 'NONE', #3184, 0.5000000000000031086 ) ;
#527 = ORIENTED_EDGE ( 'NONE', *, *, #1389, .T. ) ;
#528 = CARTESIAN_POINT ( 'NONE',  ( 13.05316414480339660, 8.402113164676752177, 8.749999999999998224 ) ) ;
#529 = CARTESIAN_POINT ( 'NONE',  ( -14.65974925560509590, 12.49999999999999289, 8.749999999999998224 ) ) ;
#530 = AXIS2_PLACEMENT_3D ( 'NONE', #5923, #5169, #8580 ) ;
#531 = CARTESIAN_POINT ( 'NONE',  ( -21.00000000000002132, 13.25000000000000178, -7.999999999999996447 ) ) ;
#532 = CARTESIAN_POINT ( 'NONE',  ( 8.750000000000003553, 12.49999999999997335, 14.41636719170875836 ) ) ;
#533 = CYLINDRICAL_SURFACE ( 'NONE', #1319, 0.7500000000000006661 ) ;
#534 = EDGE_LOOP ( 'NONE', ( #6863, #5845, #2596, #5319, #459, #4215, #2565, #6677 ) ) ;
#535 = DIRECTION ( 'NONE',  ( 0.000000000000000000, 0.3103308818458435647, -0.9506286045416375563 ) ) ;
#536 = AXIS2_PLACEMENT_3D ( 'NONE', #7975, #4628, #3364 ) ;
#537 = ORIENTED_EDGE ( 'NONE', *, *, #1796, .F. ) ;
#538 = DIRECTION ( 'NONE',  ( -0.6813100476940173733, 0.2676438637860937275, -0.6813100476940190386 ) ) ;
#539 = ORIENTED_EDGE ( 'NONE', *, *, #2463, .T. ) ;
#540 = CARTESIAN_POINT ( 'NONE',  ( 18.19999999999999929, 16.51447992314274771, -2.228857174448182931E-15 ) ) ;
#541 = CARTESIAN_POINT ( 'NONE',  ( 15.09028874722541325, 13.25000000000068745, -8.201806633537898961 ) ) ;
#542 = CARTESIAN_POINT ( 'NONE',  ( -15.45172114225276516, 13.25000000000000178, -7.999999999999996447 ) ) ;
#543 = AXIS2_PLACEMENT_3D ( 'NONE', #3330, #7158, #1180 ) ;
#544 = CARTESIAN_POINT ( 'NONE',  ( -8.086952032419485903, 7.750000000000001776, 13.55062285064617456 ) ) ;
#545 = CARTESIAN_POINT ( 'NONE',  ( 0.000000000000000000, 7.600000000000001421, 0.000000000000000000 ) ) ;
#546 = ORIENTED_EDGE ( 'NONE', *, *, #7573, .F. ) ;
#547 = CARTESIAN_POINT ( 'NONE',  ( 11.62854289546592135, 10.57427464454089971, 13.04275645771738645 ) ) ;
#548 = ORIENTED_EDGE ( 'NONE', *, *, #5227, .T. ) ;
#549 = EDGE_CURVE ( 'NONE', #299, #2, #1490, .T. ) ;
#550 = FACE_BOUND ( 'NONE', #5434, .T. ) ;
#551 = CIRCLE ( 'NONE', #5157, 7.621931816258390668 ) ;
#552 = FACE_OUTER_BOUND ( 'NONE', #8556, .T. ) ;
#553 = B_SPLINE_CURVE_WITH_KNOTS ( 'NONE', 3,
 ( #7216, #1239, #8469, #3805, #3926, #4439, #7094, #5812, #4485, #8510 ),
 .UNSPECIFIED., .F., .F.,
 ( 4, 2, 2, 2, 4 ),
 ( 0.000000000000000000, 0.0003171698712701667569, 0.0006343397425403335139, 0.0009515096138105002708, 0.001268679485080667028 ),
 .UNSPECIFIED. ) ;
#554 = DIRECTION ( 'NONE',  ( -1.000000000000000000, -1.009011672291746436E-16, 0.000000000000000000 ) ) ;
#556 = ORIENTED_EDGE ( 'NONE', *, *, #1825, .T. ) ;
#555 = B_SPLINE_CURVE_WITH_KNOTS ( 'NONE', 3,
 ( #4621, #8562, #3439, #7358, #65, #7265 ),
 .UNSPECIFIED., .F., .F.,
 ( 4, 2, 4 ),
 ( 0.0007975931789950985607, 0.001193785197265157926, 0.001589977215535217508 ),
 .UNSPECIFIED. ) ;
#557 = DIRECTION ( 'NONE',  ( 0.3183999683310876350, -0.9479564653330670998, -3.682239332094710262E-15 ) ) ;
#558 = CIRCLE ( 'NONE', #1386, 17.04777566953916690 ) ;
#559 = ADVANCED_FACE ( 'NONE', ( #1407 ), #3305, .T. ) ;
#560 = EDGE_CURVE ( 'NONE', #1157, #2568, #1561, .T. ) ;
#561 = CARTESIAN_POINT ( 'NONE',  ( 11.47612553349248543, 11.44338008646023930, -12.55854301087918223 ) ) ;
#562 = ORIENTED_EDGE ( 'NONE', *, *, #4713, .T. ) ;
#563 = CARTESIAN_POINT ( 'NONE',  ( 13.12209390130462516, 7.659598091246268226, 8.141351740536872938 ) ) ;
#564 = DIRECTION ( 'NONE',  ( -0.6813100476940172623, 0.2676438637860938941, -0.6813100476940192607 ) ) ;
#565 = CARTESIAN_POINT ( 'NONE',  ( 0.000000000000000000, 16.49999999999999645, 0.000000000000000000 ) ) ;
#566 = TOROIDAL_SURFACE ( 'NONE', #2801, 15.58119224487254328, 0.1499999999999999944 ) ;
#567 = DIRECTION ( 'NONE',  ( 0.000000000000000000, -1.000000000000000000, -0.000000000000000000 ) ) ;
#568 = CARTESIAN_POINT ( 'NONE',  ( 0.000000000000000000, 6.499999999999999112, 0.000000000000000000 ) ) ;
#569 = EDGE_CURVE ( 'NONE', #1238, #7093, #4852, .T. ) ;
#570 = CARTESIAN_POINT ( 'NONE',  ( 8.750000000000000000, 8.400841153676136486, -13.05265145675638472 ) ) ;
#571 = EDGE_LOOP ( 'NONE', ( #3534, #2150, #2686, #483 ) ) ;
#572 = AXIS2_PLACEMENT_3D ( 'NONE', #5194, #634, #7880 ) ;
#573 = CARTESIAN_POINT ( 'NONE',  ( -8.818749239510207616, 8.540146579567920782, -12.97309164460349251 ) ) ;
#574 = VERTEX_POINT ( 'NONE', #2816 ) ;
#575 = ORIENTED_EDGE ( 'NONE', *, *, #1398, .F. ) ;
#576 = B_SPLINE_CURVE_WITH_KNOTS ( 'NONE', 3,
 ( #1079, #1641, #3772, #3640, #4939, #3681, #8314, #2340, #1601, #5063 ),
 .UNSPECIFIED., .F., .F.,
 ( 4, 3, 3, 4 ),
 ( 0.000000000000000000, 0.0003000000100802784910, 0.001500001362103552593, 0.004212287714480102141 ),
 .UNSPECIFIED. ) ;
#577 = AXIS2_PLACEMENT_3D ( 'NONE', #4823, #8002, #136 ) ;
#578 = PLANE ( 'NONE',  #5487 ) ;
#579 = DIRECTION ( 'NONE',  ( 0.9506286045416296737, 0.3103308818458678231, 0.000000000000000000 ) ) ;
#580 = CARTESIAN_POINT ( 'NONE',  ( 0.000000000000000000, 15.99999999999999645, 0.000000000000000000 ) ) ;
#581 = ORIENTED_EDGE ( 'NONE', *, *, #5957, .F. ) ;
#582 = CARTESIAN_POINT ( 'NONE',  ( 12.26079662292900174, 10.99999999999999645, -10.84658306055586330 ) ) ;
#583 = VERTEX_POINT ( 'NONE', #3652 ) ;
#584 = CARTESIAN_POINT ( 'NONE',  ( 14.41636719170869974, 12.49999999999999289, 8.749999999999998224 ) ) ;
#585 = DIRECTION ( 'NONE',  ( 0.8851401627399574368, 0.000000000000000000, -0.4653245021538002235 ) ) ;
#586 = DIRECTION ( 'NONE',  ( 0.000000000000000000, 0.000000000000000000, 1.000000000000000000 ) ) ;
#587 = VERTEX_POINT ( 'NONE', #5436 ) ;
#588 = CARTESIAN_POINT ( 'NONE',  ( -10.64979952082717318, 10.00004516124002407, -12.06401308320030985 ) ) ;
#589 = ORIENTED_EDGE ( 'NONE', *, *, #6560, .F. ) ;
#590 = AXIS2_PLACEMENT_3D ( 'NONE', #568, #6686, #7808 ) ;
#591 = DIRECTION ( 'NONE',  ( 0.000000000000000000, 0.000000000000000000, 1.000000000000000000 ) ) ;
#592 = VERTEX_POINT ( 'NONE', #6180 ) ;
#593 = FACE_OUTER_BOUND ( 'NONE', #5275, .T. ) ;
#594 = B_SPLINE_CURVE_WITH_KNOTS ( 'NONE', 3,
 ( #4021, #7394, #8082, #1411, #4784, #7438, #3391, #1335, #1454, #1978 ),
 .UNSPECIFIED., .F., .F.,
 ( 4, 2, 2, 2, 4 ),
 ( 0.000000000000000000, 0.0004016680093193849351, 0.0008033360186387698701, 0.001205004027958154859, 0.001606672037277539740 ),
 .UNSPECIFIED. ) ;
#595 = EDGE_CURVE ( 'NONE', #8509, #3998, #1214, .T. ) ;
#596 = CIRCLE ( 'NONE', #1294, 0.1500000000000003275 ) ;
#597 = VECTOR ( 'NONE', #1964, 1000.000000000000000 ) ;
#598 = CARTESIAN_POINT ( 'NONE',  ( 5.097671593693066328, 9.704922051056698251, 19.15872578047298802 ) ) ;
#599 = FACE_OUTER_BOUND ( 'NONE', #4379, .T. ) ;
#600 = CARTESIAN_POINT ( 'NONE',  ( -8.749999999999998224, 8.500000000000007105, 13.34286252986123245 ) ) ;
#601 = DIRECTION ( 'NONE',  ( -0.000000000000000000, 1.000000000000000000, -0.000000000000000000 ) ) ;
#602 = DIRECTION ( 'NONE',  ( 0.7071067811865482389, 0.000000000000000000, -0.7071067811865466846 ) ) ;
#603 = CARTESIAN_POINT ( 'NONE',  ( 2.437047130303232761E-15, 15.49999999999999645, -19.89999999999999858 ) ) ;
#604 = CIRCLE ( 'NONE', #5070, 17.54440372789780866 ) ;
#605 = CARTESIAN_POINT ( 'NONE',  ( 8.822415896042700822, 11.20502593774755695, -13.85856564109981015 ) ) ;
#606 = AXIS2_PLACEMENT_3D ( 'NONE', #3862, #8529, #5158 ) ;
#607 = ADVANCED_FACE ( 'NONE', ( #878 ), #977, .T. ) ;
#608 = EDGE_CURVE ( 'NONE', #5115, #5012, #5659, .T. ) ;
#609 = VECTOR ( 'NONE', #1211, 1000.000000000000000 ) ;
#610 = CIRCLE ( 'NONE', #8531, 9.121931816258390668 ) ;
#611 = DIRECTION ( 'NONE',  ( -0.7071067811865463515, -0.000000000000000000, -0.7071067811865487940 ) ) ;
#612 = FACE_OUTER_BOUND ( 'NONE', #8405, .T. ) ;
#613 = ORIENTED_EDGE ( 'NONE', *, *, #8233, .F. ) ;
#614 = CARTESIAN_POINT ( 'NONE',  ( -8.384165596592891845, 13.17190922402994069, 14.93785075865132761 ) ) ;
#615 = EDGE_LOOP ( 'NONE', ( #8444, #7560, #254, #5640 ) ) ;
#616 = CIRCLE ( 'NONE', #7308, 17.19230335598365400 ) ;
#617 = EDGE_CURVE ( 'NONE', #2510, #1392, #4575, .T. ) ;
#618 = DIRECTION ( 'NONE',  ( 0.000000000000000000, -1.000000000000000000, -0.000000000000000000 ) ) ;
#619 = CARTESIAN_POINT ( 'NONE',  ( 8.415689302739695991E-16, 8.249999999999998224, 6.871931816258391557 ) ) ;
#620 = LOCAL_TIME ( 10, 30, 1.000000000000000000, #3016 ) ;
#621 = CARTESIAN_POINT ( 'NONE',  ( -8.201906951118315803, 13.25000000000064482, 15.32627835273336458 ) ) ;
#622 = DIRECTION ( 'NONE',  ( 0.6813100476940172623, -0.2676438637860938941, 0.6813100476940192607 ) ) ;
#623 = ORIENTED_EDGE ( 'NONE', *, *, #916, .F. ) ;
#624 = DIRECTION ( 'NONE',  ( 0.000000000000000000, 0.000000000000000000, 1.000000000000000000 ) ) ;
#625 = DIRECTION ( 'NONE',  ( -0.000000000000000000, -0.000000000000000000, 1.000000000000000000 ) ) ;
#626 = VERTEX_POINT ( 'NONE', #5168 ) ;
#627 = CARTESIAN_POINT ( 'NONE',  ( 13.61371495696925749, 7.578438292040892144, 8.289461878228493674 ) ) ;
#628 = CARTESIAN_POINT ( 'NONE',  ( -13.41898249956883937, 9.871516746732714509, -8.820647300484194986 ) ) ;
#629 = CARTESIAN_POINT ( 'NONE',  ( 8.450765044383569347, 7.802619618608535923, 12.97221999686106741 ) ) ;
#630 = ORIENTED_EDGE ( 'NONE', *, *, #7435, .F. ) ;
#631 = FACE_OUTER_BOUND ( 'NONE', #1556, .T. ) ;
#632 = VERTEX_POINT ( 'NONE', #7639 ) ;
#633 = CARTESIAN_POINT ( 'NONE',  ( 10.87219589733756209, 11.13015574424661835, -12.28640945971061882 ) ) ;
#634 = DIRECTION ( 'NONE',  ( 0.6813100476940172623, -0.2676438637860938941, 0.6813100476940192607 ) ) ;
#635 = CARTESIAN_POINT ( 'NONE',  ( 0.000000000000000000, 12.39999999999999858, 10.03932046860025906 ) ) ;
#636 = ORIENTED_EDGE ( 'NONE', *, *, #409, .T. ) ;
#637 = CARTESIAN_POINT ( 'NONE',  ( -8.974685649142243093, 12.72128775345135310, 14.86844073379255349 ) ) ;
#638 = DIRECTION ( 'NONE',  ( -0.7071067811865487940, -0.000000000000000000, 0.7071067811865463515 ) ) ;
#639 = ORIENTED_EDGE ( 'NONE', *, *, #608, .T. ) ;
#640 = DIRECTION ( 'NONE',  ( -0.000000000000000000, -1.000000000000000000, 0.000000000000000000 ) ) ;
#641 = EDGE_CURVE ( 'NONE', #6609, #1047, #3575, .T. ) ;
#642 = CARTESIAN_POINT ( 'NONE',  ( -8.979284171333899778, 9.123749298409927988, 13.68500219247398242 ) ) ;
#643 = ORIENTED_EDGE ( 'NONE', *, *, #171, .F. ) ;
#644 = CARTESIAN_POINT ( 'NONE',  ( 15.08222394068668137, 13.02670547754427588, 8.780981721072196322 ) ) ;
#645 = CARTESIAN_POINT ( 'NONE',  ( 0.000000000000000000, 9.500000000000000000, 0.000000000000000000 ) ) ;
#646 = DIRECTION ( 'NONE',  ( 0.7071067811865475727, 0.000000000000000000, 0.7071067811865475727 ) ) ;
#647 = ORIENTED_EDGE ( 'NONE', *, *, #6651, .F. ) ;
#648 = APPLICATION_PROTOCOL_DEFINITION ( 'international standard', 'config_control_design', 1994, #6613 ) ;
#649 = EDGE_CURVE ( 'NONE', #4719, #3310, #7614, .T. ) ;
#650 = CYLINDRICAL_SURFACE ( 'NONE', #543, 0.7500000000000006661 ) ;
#651 = EDGE_CURVE ( 'NONE', #6730, #3176, #526, .T. ) ;
#652 = AXIS2_PLACEMENT_3D ( 'NONE', #4750, #1989, #2615 ) ;
#653 = EDGE_LOOP ( 'NONE', ( #3004, #3015, #6309, #8056 ) ) ;
#654 = CARTESIAN_POINT ( 'NONE',  ( -13.05831001008596282, 7.815571027917274982, 8.324110326508257884 ) ) ;
#655 = DIRECTION ( 'NONE',  ( 0.000000000000000000, 0.3183999683310905771, -0.9479564653330659896 ) ) ;
#656 = VERTEX_POINT ( 'NONE', #5919 ) ;
#657 = AXIS2_PLACEMENT_3D ( 'NONE', #5185, #3043, #7653 ) ;
#658 = B_SPLINE_CURVE_WITH_KNOTS ( 'NONE', 3,
 ( #6909, #6384, #5651, #910, #998, #7681 ),
 .UNSPECIFIED., .F., .F.,
 ( 4, 2, 4 ),
 ( 2.453269466693398698E-18, 0.0007155798112793185055, 0.001431159622558634409 ),
 .UNSPECIFIED. ) ;
#659 = CARTESIAN_POINT ( 'NONE',  ( -8.000000000000142109, 13.25000000000068567, 15.45172114225290017 ) ) ;
#660 = FACE_OUTER_BOUND ( 'NONE', #2957, .T. ) ;
#661 = ORIENTED_EDGE ( 'NONE', *, *, #276, .T. ) ;
#662 = EDGE_CURVE ( 'NONE', #7497, #8153, #1372, .T. ) ;
#663 = CARTESIAN_POINT ( 'NONE',  ( 7.999999999999998224, 7.750000000000001776, -13.61194688593824687 ) ) ;
#664 = ORIENTED_EDGE ( 'NONE', *, *, #4620, .F. ) ;
#665 = EDGE_CURVE ( 'NONE', #4822, #1284, #1908, .T. ) ;
#666 = FACE_OUTER_BOUND ( 'NONE', #2309, .T. ) ;
#667 = CARTESIAN_POINT ( 'NONE',  ( -8.089751059444854064, 7.749999999999998224, -13.54864879925966648 ) ) ;
#668 = CIRCLE ( 'NONE', #4722, 0.1500000000000003275 ) ;
#669 = CARTESIAN_POINT ( 'NONE',  ( 14.81059746271082567, 13.34491241480332668, -8.391482440086859285 ) ) ;
#670 = DIRECTION ( 'NONE',  ( 0.000000000000000000, 0.000000000000000000, 1.000000000000000000 ) ) ;
#671 = DIRECTION ( 'NONE',  ( -0.7071067811865487940, -0.000000000000000000, 0.7071067811865463515 ) ) ;
#672 = CARTESIAN_POINT ( 'NONE',  ( 0.000000000000000000, 7.600000000000001421, 0.000000000000000000 ) ) ;
#673 = ORIENTED_EDGE ( 'NONE', *, *, #2794, .T. ) ;
#674 = CIRCLE ( 'NONE', #4997, 2.811851371712978054 ) ;
#675 = EDGE_LOOP ( 'NONE', ( #1054, #5954, #1977, #2321 ) ) ;
#676 = EDGE_CURVE ( 'NONE', #6497, #1773, #6905, .T. ) ;
#677 = CARTESIAN_POINT ( 'NONE',  ( -1.947630796179198266E-15, 13.44014657956791403, 0.000000000000000000 ) ) ;
#678 = CARTESIAN_POINT ( 'NONE',  ( 12.45109387917863764, 10.78838973558855940, 12.45109387906390452 ) ) ;
#679 = CARTESIAN_POINT ( 'NONE',  ( -13.22499999999999076, 16.51447992314274771, 26.44999999999999218 ) ) ;
#680 = AXIS2_PLACEMENT_3D ( 'NONE', #1169, #518, #5864 ) ;
#681 = CARTESIAN_POINT ( 'NONE',  ( 14.65974925560514386, 12.49999999999997691, 8.749999999999998224 ) ) ;
#682 = ORIENTED_EDGE ( 'NONE', *, *, #6869, .T. ) ;
#683 = CARTESIAN_POINT ( 'NONE',  ( 0.000000000000000000, 7.600000000000001421, 0.000000000000000000 ) ) ;
#684 = CARTESIAN_POINT ( 'NONE',  ( -9.999999999999994671, 12.49999999999999822, -20.00000000000000000 ) ) ;
#685 = EDGE_CURVE ( 'NONE', #6679, #1899, #239, .T. ) ;
#686 = CARTESIAN_POINT ( 'NONE',  ( 8.750000000000003553, 12.49999999999999467, 14.41636719170869263 ) ) ;
#687 = DIRECTION ( 'NONE',  ( -0.6813100476940172623, 0.2676438637860938941, -0.6813100476940192607 ) ) ;
#688 = AXIS2_PLACEMENT_3D ( 'NONE', #191, #6923, #1535 ) ;
#689 = DIRECTION ( 'NONE',  ( 1.000000000000000000, -0.000000000000000000, -0.000000000000000000 ) ) ;
#690 = CC_DESIGN_DATE_AND_TIME_ASSIGNMENT ( #8271, #5643, ( #3712 ) ) ;
#691 = CARTESIAN_POINT ( 'NONE',  ( 8.073230648290538269, 7.559853420432085080, 13.73654834780745304 ) ) ;
#692 = DIRECTION ( 'NONE',  ( 0.6813100476940172623, -0.2676438637860938941, 0.6813100476940192607 ) ) ;
#693 = VERTEX_POINT ( 'NONE', #4121 ) ;
#694 = FACE_OUTER_BOUND ( 'NONE', #1329, .T. ) ;
#695 = CARTESIAN_POINT ( 'NONE',  ( -15.08967093049042774, 13.44014657956863878, 7.932747726257962206 ) ) ;
#696 = ORIENTED_EDGE ( 'NONE', *, *, #2633, .F. ) ;
#697 = CARTESIAN_POINT ( 'NONE',  ( 7.829914845956409408, 10.54075342477744925, 15.87417178075156698 ) ) ;
#698 = EDGE_CURVE ( 'NONE', #6216, #2477, #7900, .T. ) ;
#699 = CARTESIAN_POINT ( 'NONE',  ( 14.46040593320295109, 12.61241895296679871, 8.749999999999998224 ) ) ;
#700 = CARTESIAN_POINT ( 'NONE',  ( -8.756385657215069784, 12.60732535744154248, 14.96281149414998701 ) ) ;
#701 = DIRECTION ( 'NONE',  ( 0.000000000000000000, 0.000000000000000000, 1.000000000000000000 ) ) ;
#702 = ORIENTED_EDGE ( 'NONE', *, *, #698, .F. ) ;
#703 = CARTESIAN_POINT ( 'NONE',  ( -13.09261806874823186, 8.500000000000007105, 8.749999999999998224 ) ) ;
#704 = CARTESIAN_POINT ( 'NONE',  ( -15.21759819039019312, 13.25000000000000178, -7.999999999999996447 ) ) ;
#705 = EDGE_LOOP ( 'NONE', ( #472, #4096, #6229, #7882 ) ) ;
#706 = CARTESIAN_POINT ( 'NONE',  ( 10.63769571983496753, 9.743641844683596176, 11.97995059178971289 ) ) ;
#707 = CIRCLE ( 'NONE', #6715, 1.500000000000001554 ) ;
#708 = EDGE_CURVE ( 'NONE', #6143, #4757, #4920, .T. ) ;
#709 = CARTESIAN_POINT ( 'NONE',  ( -13.01508767021584845, 8.526040938946223946, -8.750000000000001776 ) ) ;
#710 = EDGE_CURVE ( 'NONE', #509, #7497, #3756, .T. ) ;
#711 = DIRECTION ( 'NONE',  ( -0.3183999683310897999, -0.9479564653330665447, 7.280709565353634522E-15 ) ) ;
#712 = LINE ( 'NONE', #60, #2719 ) ;
#713 = ORIENTED_EDGE ( 'NONE', *, *, #4931, .F. ) ;
#714 = CARTESIAN_POINT ( 'NONE',  ( -14.33471518854417859, 12.52665513958391585, -8.750000000000003553 ) ) ;
#715 = DIRECTION ( 'NONE',  ( 0.000000000000000000, 0.000000000000000000, 1.000000000000000000 ) ) ;
#716 = ADVANCED_FACE ( 'NONE', ( #932 ), #5417, .T. ) ;
#717 = DIRECTION ( 'NONE',  ( -0.7071067811865463515, -0.000000000000000000, -0.7071067811865487940 ) ) ;
#718 = VERTEX_POINT ( 'NONE', #2968 ) ;
#719 = DIRECTION ( 'NONE',  ( -0.000000000000000000, 1.000000000000000000, -0.000000000000000000 ) ) ;
#720 = CARTESIAN_POINT ( 'NONE',  ( 8.548219689541419086, 13.02520802816003176, -14.61693415389267869 ) ) ;
#721 = CARTESIAN_POINT ( 'NONE',  ( -15.08222394068663519, 13.02670547754429542, -8.780981721072290469 ) ) ;
#722 = CARTESIAN_POINT ( 'NONE',  ( 12.15887298135860028, 10.57427464455498978, 12.51242637183024442 ) ) ;
#723 = CARTESIAN_POINT ( 'NONE',  ( 13.98051959650381448, 11.16487927768694099, -8.750000000000001776 ) ) ;
#724 = VECTOR ( 'NONE', #4270, 1000.000000000000000 ) ;
#725 = AXIS2_PLACEMENT_3D ( 'NONE', #400, #7775, #8242 ) ;
#726 = CARTESIAN_POINT ( 'NONE',  ( 8.750000000000003553, 8.402260421651140732, 13.30369996220391116 ) ) ;
#727 = CARTESIAN_POINT ( 'NONE',  ( -14.65974925560509767, 12.49999999999999467, -8.750000000000001776 ) ) ;
#728 = CONICAL_SURFACE ( 'NONE', #4511, 15.22167330524445106, 0.2709468503384205862 ) ;
#729 = AXIS2_PLACEMENT_3D ( 'NONE', #5689, #1780, #6906 ) ;
#730 = CARTESIAN_POINT ( 'NONE',  ( 0.000000000000000000, 15.99999999999999645, 0.000000000000000000 ) ) ;
#731 = VERTEX_POINT ( 'NONE', #3671 ) ;
#732 = ORIENTED_EDGE ( 'NONE', *, *, #1875, .T. ) ;
#733 = VECTOR ( 'NONE', #423, 1000.000000000000114 ) ;
#734 = CARTESIAN_POINT ( 'NONE',  ( 15.55634918610403616, 11.00004516124001697, 14.14213562373099009 ) ) ;
#735 = FACE_OUTER_BOUND ( 'NONE', #4456, .T. ) ;
#736 = FACE_BOUND ( 'NONE', #534, .T. ) ;
#737 = CARTESIAN_POINT ( 'NONE',  ( 8.750000000000003553, 8.500000000000007105, -13.34286252986123422 ) ) ;
#738 = ORIENTED_EDGE ( 'NONE', *, *, #8435, .T. ) ;
#739 = AXIS2_PLACEMENT_3D ( 'NONE', #3572, #751, #6226 ) ;
#740 = CARTESIAN_POINT ( 'NONE',  ( 5.584253854782636139, 8.715602117731954479, 18.13672589166707994 ) ) ;
#741 = EDGE_CURVE ( 'NONE', #5343, #7953, #95, .T. ) ;
#742 = EDGE_LOOP ( 'NONE', ( #7621, #6781, #2954, #4011 ) ) ;
#743 = CARTESIAN_POINT ( 'NONE',  ( 14.14213562373099009, 10.99999999999999645, -15.55634918610403439 ) ) ;
#744 = ORIENTED_EDGE ( 'NONE', *, *, #617, .F. ) ;
#745 = CARTESIAN_POINT ( 'NONE',  ( 16.28295780944633719, 10.38016710650748919, 8.238700874537491003 ) ) ;
#746 = CARTESIAN_POINT ( 'NONE',  ( 14.95700454175144500, 12.97212972406310882, -8.590543591307723048 ) ) ;
#747 = CARTESIAN_POINT ( 'NONE',  ( -8.356280993867423845, 7.833270834070211741, 13.38479989127069558 ) ) ;
#748 = APPROVAL_PERSON_ORGANIZATION ( #7578, #4594, #1036 ) ;
#749 =( BOUNDED_SURFACE ( )  B_SPLINE_SURFACE ( 3, 2, ( 
 ( #1220, #3866, #3290 ),
 ( #7987, #6516, #8534 ),
 ( #614, #1265, #8491 ),
 ( #5342, #4550, #5998 ),
 ( #2588, #5956, #7854 ),
 ( #1878, #4593, #2004 ),
 ( #1134, #7941, #7196 ),
 ( #5164, #8452, #5296 ) ),
 .UNSPECIFIED., .F., .F., .F. ) 
 B_SPLINE_SURFACE_WITH_KNOTS ( ( 4, 2, 2, 4 ),
 ( 3, 3 ),
 ( 0.000000000000000000, 0.0008074505961729776596, 0.001211175894259466489, 0.001614901192345955319 ),
 ( 0.000000000000000000, 1.000000000000000000 ),
 .UNSPECIFIED. ) 
 GEOMETRIC_REPRESENTATION_ITEM ( )  RATIONAL_B_SPLINE_SURFACE ( (
 ( 1.000000000000000000, 0.6051264893449501692, 1.000000000000000000),
 ( 1.000000000000000000, 0.6550048280230955644, 1.000000000000000000),
 ( 1.000000000000000000, 0.7092397592861074962, 1.000000000000000000),
 ( 1.000000000000000000, 0.7804418821292846697, 1.000000000000000000),
 ( 1.000000000000000000, 0.8021789468601338013, 1.000000000000000000),
 ( 1.000000000000000000, 0.8402471071839400230, 1.000000000000000000),
 ( 1.000000000000000000, 0.8564372837795961591, 1.000000000000000000),
 ( 1.000000000000000000, 0.8677983030863934966, 1.000000000000000000) ) ) 
 REPRESENTATION_ITEM ( '' )  SURFACE ( )  );
#750 = CARTESIAN_POINT ( 'NONE',  ( 8.980199218265404681, 8.459853420432095206, -13.46309704045871314 ) ) ;
#751 = DIRECTION ( 'NONE',  ( 0.000000000000000000, 1.000000000000000000, 0.000000000000000000 ) ) ;
#752 = FACE_BOUND ( 'NONE', #3909, .T. ) ;
#753 = ORIENTED_EDGE ( 'NONE', *, *, #2497, .T. ) ;
#754 = EDGE_CURVE ( 'NONE', #5824, #8106, #2332, .T. ) ;
#755 = ORIENTED_EDGE ( 'NONE', *, *, #1769, .F. ) ;
#756 = EDGE_CURVE ( 'NONE', #2218, #1166, #4704, .T. ) ;
#757 = CARTESIAN_POINT ( 'NONE',  ( 13.61194688593825042, 7.750000000000001776, -7.999999999999996447 ) ) ;
#758 = FACE_OUTER_BOUND ( 'NONE', #5609, .T. ) ;
#759 = DIRECTION ( 'NONE',  ( -0.7071067811865487940, -0.000000000000000000, 0.7071067811865463515 ) ) ;
#760 = CYLINDRICAL_SURFACE ( 'NONE', #3321, 0.5000000000000031086 ) ;
#761 = CARTESIAN_POINT ( 'NONE',  ( 5.383093979516941019, 9.731686437435309145, 18.73704138511030592 ) ) ;
#762 = B_SPLINE_CURVE_WITH_KNOTS ( 'NONE', 3,
 ( #433, #2394, #3024, #6472, #5072, #7725 ),
 .UNSPECIFIED., .F., .F.,
 ( 4, 2, 4 ),
 ( 2.047295639393791101E-07, 0.0003969848757565319283, 0.0007937650219491244712 ),
 .UNSPECIFIED. ) ;
#763 = CARTESIAN_POINT ( 'NONE',  ( 8.634679535677486584, 13.10715127519786627, -14.59230164900179361 ) ) ;
#764 = CARTESIAN_POINT ( 'NONE',  ( -14.65974925560509767, 12.49999999999999467, -8.750000000000001776 ) ) ;
#765 = ORIENTED_EDGE ( 'NONE', *, *, #7107, .T. ) ;
#766 = DIRECTION ( 'NONE',  ( 0.000000000000000000, 0.000000000000000000, -1.000000000000000000 ) ) ;
#767 = EDGE_LOOP ( 'NONE', ( #331, #3419, #4693, #2666 ) ) ;
#768 = EDGE_CURVE ( 'NONE', #7365, #6682, #5772, .T. ) ;
#769 = CARTESIAN_POINT ( 'NONE',  ( 13.01508767021575608, 8.526040938946250591, -8.750000000000000000 ) ) ;
#770 = B_SPLINE_CURVE_WITH_KNOTS ( 'NONE', 3,
 ( #1137, #5080, #7045, #7685, #1699, #7814, #1749, #5116, #6389, #1791 ),
 .UNSPECIFIED., .F., .F.,
 ( 4, 2, 2, 2, 4 ),
 ( 0.000000000000000000, 0.0003546342519730204040, 0.0007092685039460408080, 0.001063902755919061104, 0.001418537007892081616 ),
 .UNSPECIFIED. ) ;
#771 = CARTESIAN_POINT ( 'NONE',  ( 8.292261264974008839, 7.579207985828376515, 13.61225263373929018 ) ) ;
#772 = DIRECTION ( 'NONE',  ( -0.000000000000000000, 1.000000000000000000, -0.000000000000000000 ) ) ;
#773 = CARTESIAN_POINT ( 'NONE',  ( 8.978349813631847809, 9.791335230845758630, -13.90891547465454003 ) ) ;
#774 = CARTESIAN_POINT ( 'NONE',  ( -14.51997992680848171, 13.02831930840319785, 8.715210575702430518 ) ) ;
#775 = ADVANCED_FACE ( 'NONE', ( #2382 ), #7604, .T. ) ;
#776 = ORIENTED_EDGE ( 'NONE', *, *, #6527, .T. ) ;
#777 = PLANE ( 'NONE',  #3966 ) ;
#778 = PLANE ( 'NONE',  #4656 ) ;
#779 = DIRECTION ( 'NONE',  ( -0.1892527910123291968, -0.9635179096299408830, -0.1892527910399020852 ) ) ;
#780 = VERTEX_POINT ( 'NONE', #3079 ) ;
#781 = CARTESIAN_POINT ( 'NONE',  ( 8.606667686415010010, 7.721735418345184065, -13.46247486233799506 ) ) ;
#782 = AXIS2_PLACEMENT_3D ( 'NONE', #1148, #505, #5714 ) ;
#783 = DIRECTION ( 'NONE',  ( 0.7071067811902367328, 1.878589876251150727E-11, -0.7071067811828583016 ) ) ;
#784 = ORIENTED_EDGE ( 'NONE', *, *, #7479, .F. ) ;
#785 = ORIENTED_EDGE ( 'NONE', *, *, #43, .F. ) ;
#786 = CARTESIAN_POINT ( 'NONE',  ( 10.00000000000000000, 12.49999999999999645, 1.224646799147353256E-15 ) ) ;
#787 = DIRECTION ( 'NONE',  ( 0.000000000000000000, 1.000000000000000000, -0.000000000000000000 ) ) ;
#788 = CIRCLE ( 'NONE', #5695, 0.1499999999999996059 ) ;
#789 = DIRECTION ( 'NONE',  ( 0.6813100476940172623, -0.2676438637860938941, 0.6813100476940192607 ) ) ;
#790 = LINE ( 'NONE', #4827, #1429 ) ;
#791 = CARTESIAN_POINT ( 'NONE',  ( 13.09409000288371949, 7.884293299494384399, -8.439836590247336900 ) ) ;
#792 = EDGE_LOOP ( 'NONE', ( #7071, #4802, #3192, #7802 ) ) ;
#793 = CARTESIAN_POINT ( 'NONE',  ( 15.58006697086411840, 13.35985342043208846, -8.066449984402261464 ) ) ;
#794 = AXIS2_PLACEMENT_3D ( 'NONE', #3278, #3858, #5948 ) ;
#795 =( BOUNDED_SURFACE ( )  B_SPLINE_SURFACE ( 3, 2, ( 
 ( #6203, #4806, #2119 ),
 ( #726, #3413, #6685 ),
 ( #6078, #6724, #205 ),
 ( #3540, #2033, #3370 ),
 ( #851, #1427, #2883 ),
 ( #4717, #3453, #8100 ),
 ( #1387, #6809, #6034 ),
 ( #4760, #36, #771 ),
 ( #6118, #811, #3498 ),
 ( #2718, #6160, #691 ) ),
 .UNSPECIFIED., .F., .F., .F. ) 
 B_SPLINE_SURFACE_WITH_KNOTS ( ( 4, 2, 2, 2, 4 ),
 ( 3, 3 ),
 ( 0.000000000000000000, 0.0003708656024935100054, 0.0007417312049870200107, 0.001112596807480529908, 0.001483462409974040021 ),
 ( 0.000000000000000000, 1.000000000000000000 ),
 .UNSPECIFIED. ) 
 GEOMETRIC_REPRESENTATION_ITEM ( )  RATIONAL_B_SPLINE_SURFACE ( (
 ( 1.000000000000000000, 0.4823580334654603008, 1.000000000000000000),
 ( 1.000000000000000000, 0.4634727774808894973, 1.000000000000000000),
 ( 1.000000000000000000, 0.4512768202423733110, 1.000000000000000000),
 ( 1.000000000000000000, 0.4477664979987729388, 1.000000000000000000),
 ( 1.000000000000000000, 0.4565384444210801584, 1.000000000000000000),
 ( 1.000000000000000000, 0.4880917172428641537, 1.000000000000000000),
 ( 1.000000000000000000, 0.5099908375221310353, 1.000000000000000000),
 ( 1.000000000000000000, 0.5563214462310747122, 1.000000000000000000),
 ( 1.000000000000000000, 0.5810327076334664831, 1.000000000000000000),
 ( 1.000000000000000000, 0.6051264893449548321, 1.000000000000000000) ) ) 
 REPRESENTATION_ITEM ( '' )  SURFACE ( )  );
#796 = ORIENTED_EDGE ( 'NONE', *, *, #3337, .T. ) ;
#797 = CARTESIAN_POINT ( 'NONE',  ( 0.000000000000000000, 15.49999999999999289, 0.000000000000000000 ) ) ;
#798 = EDGE_CURVE ( 'NONE', #5019, #2, #4036, .T. ) ;
#799 = CIRCLE ( 'NONE', #7780, 0.1499999999999995226 ) ;
#800 = CARTESIAN_POINT ( 'NONE',  ( 8.432164417905347875, 7.878614268797332620, -13.34476493561052024 ) ) ;
#801 = CARTESIAN_POINT ( 'NONE',  ( 8.975003248201149475, 12.45985342043207922, 14.78329181874943998 ) ) ;
#802 = CARTESIAN_POINT ( 'NONE',  ( 8.572527594031473190E-16, 5.999999999999999112, -7.000000000000000000 ) ) ;
#803 = CARTESIAN_POINT ( 'NONE',  ( -3.480102169636830833, 15.49999999999999467, -6.960204339273664331 ) ) ;
#804 = ORIENTED_EDGE ( 'NONE', *, *, #7418, .T. ) ;
#805 = ORIENTED_EDGE ( 'NONE', *, *, #3682, .T. ) ;
#806 = CARTESIAN_POINT ( 'NONE',  ( -7.999999999999996447, 12.49999999999999822, -21.00000000000002132 ) ) ;
#807 = DIRECTION ( 'NONE',  ( 0.000000000000000000, -1.000000000000000000, 0.000000000000000000 ) ) ;
#808 = ORIENTED_EDGE ( 'NONE', *, *, #455, .T. ) ;
#809 = CARTESIAN_POINT ( 'NONE',  ( 14.82524942834536574, 12.58867656368705035, 8.974846694154525295 ) ) ;
#810 = ADVANCED_FACE ( 'NONE', ( #3748 ), #929, .T. ) ;
#811 = CARTESIAN_POINT ( 'NONE',  ( 8.196382122786911140, 7.762467190370129444, 13.72945202021734268 ) ) ;
#812 = ADVANCED_FACE ( 'NONE', ( #3033 ), #1880, .T. ) ;
#813 = DIRECTION ( 'NONE',  ( 0.000000000000000000, 1.000000000000000000, -0.000000000000000000 ) ) ;
#814 = CIRCLE ( 'NONE', #6692, 19.19999999999999929 ) ;
#815 = DIRECTION ( 'NONE',  ( 0.000000000000000000, -1.000000000000000000, 0.000000000000000000 ) ) ;
#816 = DIRECTION ( 'NONE',  ( 0.000000000000000000, 0.000000000000000000, -1.000000000000000000 ) ) ;
#817 = ORIENTED_EDGE ( 'NONE', *, *, #3001, .T. ) ;
#818 = ORIENTED_EDGE ( 'NONE', *, *, #2953, .T. ) ;
#819 = CARTESIAN_POINT ( 'NONE',  ( 14.64914373833228289, 12.89750503239667445, 8.643773929270459178 ) ) ;
#820 = EDGE_CURVE ( 'NONE', #8424, #406, #1367, .T. ) ;
#821 = DIRECTION ( 'NONE',  ( 0.6813100476940172623, -0.2676438637860938941, 0.6813100476940192607 ) ) ;
#822 = CARTESIAN_POINT ( 'NONE',  ( 0.000000000000000000, 7.749999999999998224, 10.12193181625839067 ) ) ;
#823 = CARTESIAN_POINT ( 'NONE',  ( 10.71539899879700819, 10.33337770646207510, 12.12961256117014130 ) ) ;
#824 = DIRECTION ( 'NONE',  ( -0.000000000000000000, 1.000000000000000000, -0.000000000000000000 ) ) ;
#825 = ORIENTED_EDGE ( 'NONE', *, *, #5534, .T. ) ;
#826 = CARTESIAN_POINT ( 'NONE',  ( 0.000000000000000000, 8.249999999999998224, 0.000000000000000000 ) ) ;
#827 = DIRECTION ( 'NONE',  ( 0.6813100476940172623, -0.2676438637860938941, 0.6813100476940191497 ) ) ;
#828 = ORIENTED_EDGE ( 'NONE', *, *, #4219, .T. ) ;
#829 = CARTESIAN_POINT ( 'NONE',  ( -14.89011991898615328, 12.89695940036001076, 8.644104815981235035 ) ) ;
#830 = CARTESIAN_POINT ( 'NONE',  ( 14.88266352113497071, 12.71244515963547528, -8.946514592190856874 ) ) ;
#831 = CIRCLE ( 'NONE', #2371, 17.04777566953916335 ) ;
#832 = CARTESIAN_POINT ( 'NONE',  ( -8.606667686415079288, 7.721735418345040181, 13.46247486233790269 ) ) ;
#833 = EDGE_CURVE ( 'NONE', #7976, #4822, #7774, .T. ) ;
#834 = CARTESIAN_POINT ( 'NONE',  ( -8.749999999999998224, 8.500000000000007105, 13.09261806874822653 ) ) ;
#835 = CARTESIAN_POINT ( 'NONE',  ( 12.97298074387730082, 7.801298536509188253, -8.448927483758470913 ) ) ;
#836 = EDGE_LOOP ( 'NONE', ( #6994, #2885, #5226, #7396, #1494 ) ) ;
#837 = CARTESIAN_POINT ( 'NONE',  ( -8.032741233847685791, 7.640146579567910656, 13.18261026417635584 ) ) ;
#838 = CIRCLE ( 'NONE', #422, 0.1500000000000003830 ) ;
#839 = VERTEX_POINT ( 'NONE', #3162 ) ;
#840 = DIRECTION ( 'NONE',  ( -0.6813100476940172623, 0.2676438637860938941, -0.6813100476940191497 ) ) ;
#841 = FACE_OUTER_BOUND ( 'NONE', #1914, .T. ) ;
#842 = DIRECTION ( 'NONE',  ( 0.000000000000000000, 1.000000000000000000, 0.000000000000000000 ) ) ;
#843 = CARTESIAN_POINT ( 'NONE',  ( -15.30192110941530714, 13.26598998306061006, 8.531726717526996850 ) ) ;
#844 = CARTESIAN_POINT ( 'NONE',  ( 8.822756670269294332, 11.49450147501797659, -13.95188131918265384 ) ) ;
#845 = DIRECTION ( 'NONE',  ( 0.000000000000000000, 1.000000000000000000, -0.000000000000000000 ) ) ;
#846 = CARTESIAN_POINT ( 'NONE',  ( -8.976776105053286159, 11.03420945429614797, -14.31688257117269991 ) ) ;
#847 = CARTESIAN_POINT ( 'NONE',  ( 0.000000000000000000, 15.49999999999999645, 0.000000000000000000 ) ) ;
#848 = ADVANCED_FACE ( 'NONE', ( #2506 ), #5879, .F. ) ;
#849 = B_SPLINE_CURVE_WITH_KNOTS ( 'NONE', 3,
 ( #588, #2566, #5852, #6629 ),
 .UNSPECIFIED., .F., .F.,
 ( 4, 4 ),
 ( 2.076015042740992355E-07, 0.001038212668214632010 ),
 .UNSPECIFIED. ) ;
#850 = B_SPLINE_CURVE_WITH_KNOTS ( 'NONE', 3,
 ( #2517, #7828, #5050, #1020, #7056, #7699 ),
 .UNSPECIFIED., .F., .F.,
 ( 4, 2, 4 ),
 ( 0.000000000000000000, 0.0007182194465963622973, 0.001436438893192724595 ),
 .UNSPECIFIED. ) ;
#851 = CARTESIAN_POINT ( 'NONE',  ( 8.587850649769515954, 8.023388668473934615, 13.28137216181372615 ) ) ;
#852 = EDGE_LOOP ( 'NONE', ( #1597, #4522 ) ) ;
#853 = DIRECTION ( 'NONE',  ( -0.3183999683311019013, -0.9479564653330624369, 0.000000000000000000 ) ) ;
#854 = CARTESIAN_POINT ( 'NONE',  ( 8.646609089362730316, 12.89282570282475504, 14.88674526411340437 ) ) ;
#855 = ORIENTED_EDGE ( 'NONE', *, *, #4457, .F. ) ;
#856 = PERSON_AND_ORGANIZATION ( #5881, #3284 ) ;
#857 = CARTESIAN_POINT ( 'NONE',  ( -14.37797326388094277, 12.79986805340124789, 8.824401017279800641 ) ) ;
#858 = AXIS2_PLACEMENT_3D ( 'NONE', #2745, #3318, #6026 ) ;
#859 = ADVANCED_FACE ( 'NONE', ( #5960 ), #1920, .T. ) ;
#860 = VERTEX_POINT ( 'NONE', #1836 ) ;
#861 = EDGE_CURVE ( 'NONE', #2354, #3835, #3892, .T. ) ;
#862 = CARTESIAN_POINT ( 'NONE',  ( -8.975003248201142370, 12.45985342043207744, -14.78329181874944709 ) ) ;
#863 = CARTESIAN_POINT ( 'NONE',  ( -10.64979952082717318, 10.00004516124002407, -12.06401308320030985 ) ) ;
#864 = AXIS2_PLACEMENT_3D ( 'NONE', #683, #4707, #7363 ) ;
#865 = CARTESIAN_POINT ( 'NONE',  ( -14.29338720761957404, 12.54014657956790835, -8.824077831548116535 ) ) ;
#866 = CIRCLE ( 'NONE', #6465, 0.1500000000000007161 ) ;
#867 = CARTESIAN_POINT ( 'NONE',  ( -8.749999999999998224, 8.400656771591341609, -13.05257714036895678 ) ) ;
#868 = CARTESIAN_POINT ( 'NONE',  ( -8.749999999999998224, 8.500000000000007105, 13.09261806874822653 ) ) ;
#869 = DIRECTION ( 'NONE',  ( 0.000000000000000000, 0.000000000000000000, 1.000000000000000000 ) ) ;
#870 = ORIENTED_EDGE ( 'NONE', *, *, #8373, .T. ) ;
#871 = DIRECTION ( 'NONE',  ( -0.7071067811865487940, -0.000000000000000000, 0.7071067811865463515 ) ) ;
#872 = ORIENTED_EDGE ( 'NONE', *, *, #6771, .T. ) ;
#873 = ORIENTED_EDGE ( 'NONE', *, *, #2375, .T. ) ;
#874 = EDGE_CURVE ( 'NONE', #2568, #3254, #6077, .T. ) ;
#875 = VECTOR ( 'NONE', #4689, 1000.000000000000000 ) ;
#876 = CARTESIAN_POINT ( 'NONE',  ( 12.37048677869447211, 9.851636212341924548, 12.01693338795888799 ) ) ;
#877 = CIRCLE ( 'NONE', #5785, 0.1499999999999996059 ) ;
#878 = FACE_OUTER_BOUND ( 'NONE', #1881, .T. ) ;
#879 = CARTESIAN_POINT ( 'NONE',  ( 15.45172114225276339, 13.25000000000000178, -7.999999999999996447 ) ) ;
#880 = CARTESIAN_POINT ( 'NONE',  ( -10.64979063314487817, 10.00000000000000355, 12.06400419551793490 ) ) ;
#881 = CIRCLE ( 'NONE', #3698, 0.1500000000000001610 ) ;
#882 = AXIS2_PLACEMENT_3D ( 'NONE', #2262, #6293, #4325 ) ;
#883 = CARTESIAN_POINT ( 'NONE',  ( -13.58075849978837546, 8.327313230534459265, -8.738144137826179048 ) ) ;
#884 = DIRECTION ( 'NONE',  ( 0.000000000000000000, 0.000000000000000000, 1.000000000000000000 ) ) ;
#885 = ORIENTED_EDGE ( 'NONE', *, *, #7496, .T. ) ;
#886 = ORIENTED_EDGE ( 'NONE', *, *, #276, .F. ) ;
#887 = EDGE_CURVE ( 'NONE', #583, #5645, #2631, .T. ) ;
#888 = CARTESIAN_POINT ( 'NONE',  ( 13.59507296107067020, 7.939250728021972847, 8.511068465226765412 ) ) ;
#889 = VECTOR ( 'NONE', #6524, 1000.000000000000000 ) ;
#890 = CARTESIAN_POINT ( 'NONE',  ( 13.75014605625137776, 9.317154316690071880, -8.979008442493274345 ) ) ;
#891 = CARTESIAN_POINT ( 'NONE',  ( 8.750000000000003553, 12.49999999999999467, -14.41636719170869263 ) ) ;
#892 = CARTESIAN_POINT ( 'NONE',  ( -8.749999999999998224, 8.402113164676920931, 13.05316414480311948 ) ) ;
#893 = DIRECTION ( 'NONE',  ( 0.000000000000000000, 0.000000000000000000, -1.000000000000000000 ) ) ;
#894 = VECTOR ( 'NONE', #4422, 1000.000000000000000 ) ;
#895 = CARTESIAN_POINT ( 'NONE',  ( -14.96291945331398665, 13.44014657956861747, 8.173854357471634913 ) ) ;
#896 = CARTESIAN_POINT ( 'NONE',  ( -8.824239899341421278, 12.67034420679756224, 14.33578991974747829 ) ) ;
#897 = CYLINDRICAL_SURFACE ( 'NONE', #8306, 7.000000000000000000 ) ;
#898 = CARTESIAN_POINT ( 'NONE',  ( 8.818749239510214721, 8.540146579567920782, -12.97309164460349074 ) ) ;
#899 = CARTESIAN_POINT ( 'NONE',  ( 8.980365443689489524, 8.340179164047302862, -13.42302665483224189 ) ) ;
#900 = EDGE_CURVE ( 'NONE', #1666, #3818, #7360, .T. ) ;
#901 = PLANE ( 'NONE',  #5207 ) ;
#902 = PLANE ( 'NONE',  #4453 ) ;
#903 = ORIENTED_EDGE ( 'NONE', *, *, #7443, .F. ) ;
#904 = CARTESIAN_POINT ( 'NONE',  ( 2.204364238465235428E-15, 14.99999999999999645, -18.00000000000000000 ) ) ;
#905 = DIRECTION ( 'NONE',  ( -0.7071067811902390643, -1.878358579787687368E-11, 0.7071067811828559702 ) ) ;
#906 = DIRECTION ( 'NONE',  ( 0.000000000000000000, 0.000000000000000000, 1.000000000000000000 ) ) ;
#907 = EDGE_CURVE ( 'NONE', #6300, #6652, #1248, .T. ) ;
#908 = ADVANCED_FACE ( 'NONE', ( #2705 ), #1985, .F. ) ;
#909 = CARTESIAN_POINT ( 'NONE',  ( -8.175070468196869555, 7.764965620696889559, 13.24903177467703763 ) ) ;
#910 = CARTESIAN_POINT ( 'NONE',  ( -8.655302799542500480, 12.91039679328045509, 14.88872311297541806 ) ) ;
#911 = EDGE_LOOP ( 'NONE', ( #7920, #1670 ) ) ;
#912 = DIRECTION ( 'NONE',  ( -0.7071067811902383982, -1.878531035695747697E-11, 0.7071067811828567473 ) ) ;
#913 = CARTESIAN_POINT ( 'NONE',  ( 8.980199218265404681, 8.459853420432093429, 13.46309704045871314 ) ) ;
#914 = CARTESIAN_POINT ( 'NONE',  ( -13.57003270634269576, 8.064230066280282827, 8.617692080985307257 ) ) ;
#915 = CARTESIAN_POINT ( 'NONE',  ( -8.371546015299859533, 13.15837493937026181, 14.94020683378385073 ) ) ;
#916 = EDGE_CURVE ( 'NONE', #4934, #5180, #2916, .T. ) ;
#917 = EDGE_CURVE ( 'NONE', #5276, #3573, #5660, .T. ) ;
#918 = CARTESIAN_POINT ( 'NONE',  ( -13.46247486233792223, 7.721735418345138768, -8.606667686415100604 ) ) ;
#919 = CARTESIAN_POINT ( 'NONE',  ( 14.29338720761957404, 12.54014657956791012, -8.824077831548116535 ) ) ;
#920 = ORIENTED_EDGE ( 'NONE', *, *, #8216, .T. ) ;
#921 = DIRECTION ( 'NONE',  ( 0.000000000000000000, 0.000000000000000000, 1.000000000000000000 ) ) ;
#922 = ORIENTED_EDGE ( 'NONE', *, *, #5900, .T. ) ;
#923 = CARTESIAN_POINT ( 'NONE',  ( 13.38810533673350989, 7.990468327341402777, 8.857535505476430870 ) ) ;
#924 = DIRECTION ( 'NONE',  ( -0.5066894108117285800, 0.000000000000000000, -0.8621286684545778067 ) ) ;
#925 = EDGE_CURVE ( 'NONE', #4853, #8317, #5556, .T. ) ;
#926 = CARTESIAN_POINT ( 'NONE',  ( 14.49568901432426671, 11.50000000000000000, -15.20279579551075777 ) ) ;
#927 = VERTEX_POINT ( 'NONE', #6531 ) ;
#928 = CARTESIAN_POINT ( 'NONE',  ( 8.066449984402265017, 13.35985342043209023, -15.58006697086412018 ) ) ;
#929 = TOROIDAL_SURFACE ( 'NONE', #5849, 7.246931816258390668, 0.3750000000000000555 ) ;
#930 = DIRECTION ( 'NONE',  ( 0.000000000000000000, 0.000000000000000000, 1.000000000000000000 ) ) ;
#931 = CYLINDRICAL_SURFACE ( 'NONE', #5298, 0.7500000000000006661 ) ;
#932 = FACE_OUTER_BOUND ( 'NONE', #1545, .T. ) ;
#933 = CARTESIAN_POINT ( 'NONE',  ( 7.999999999999998224, 7.750000000000001776, 13.61194688593825042 ) ) ;
#934 = ORIENTED_EDGE ( 'NONE', *, *, #7488, .F. ) ;
#935 = DIRECTION ( 'NONE',  ( -0.000000000000000000, 1.000000000000000000, -0.000000000000000000 ) ) ;
#936 = AXIS2_PLACEMENT_3D ( 'NONE', #2384, #2524, #7707 ) ;
#937 = CARTESIAN_POINT ( 'NONE',  ( 11.72316929097208593, 11.05603359935587093, 13.13738285323733557 ) ) ;
#938 = ORIENTED_EDGE ( 'NONE', *, *, #504, .F. ) ;
#939 = CARTESIAN_POINT ( 'NONE',  ( -8.729593321320166410, 8.297074742545763826, -13.27793572838416480 ) ) ;
#940 = CARTESIAN_POINT ( 'NONE',  ( 8.238700874592471024, 10.38016710649807095, 16.28295780938763571 ) ) ;
#941 = ORIENTED_EDGE ( 'NONE', *, *, #6791, .F. ) ;
#942 = PERSON_AND_ORGANIZATION_ROLE ( 'classification_officer' ) ;
#943 = CARTESIAN_POINT ( 'NONE',  ( 8.818749239510214721, 8.540146579567920782, -12.97309164460348896 ) ) ;
#944 = AXIS2_PLACEMENT_3D ( 'NONE', #7187, #1210, #3895 ) ;
#945 = ORIENTED_EDGE ( 'NONE', *, *, #3622, .F. ) ;
#946 = AXIS2_PLACEMENT_3D ( 'NONE', #6081, #8025, #816 ) ;
#947 = CARTESIAN_POINT ( 'NONE',  ( -15.58006697086412018, 13.35985342043208490, 8.066449984402259687 ) ) ;
#948 = CARTESIAN_POINT ( 'NONE',  ( -13.46309704045878242, 8.459853420432072113, 8.980199218265399352 ) ) ;
#949 = CARTESIAN_POINT ( 'NONE',  ( -1.521141872692263163E-16, 13.25000000000000178, 0.000000000000000000 ) ) ;
#950 = DIRECTION ( 'NONE',  ( 1.000000000000000000, -0.000000000000000000, -0.000000000000000000 ) ) ;
#951 = ORIENTED_EDGE ( 'NONE', *, *, #7644, .T. ) ;
#952 = DIRECTION ( 'NONE',  ( -0.6813100476940172623, 0.2676438637860938941, -0.6813100476940192607 ) ) ;
#953 = EDGE_LOOP ( 'NONE', ( #5895, #204, #7531, #4377 ) ) ;
#954 = ORIENTED_EDGE ( 'NONE', *, *, #3485, .F. ) ;
#955 = ORIENTED_EDGE ( 'NONE', *, *, #7522, .F. ) ;
#956 = FACE_OUTER_BOUND ( 'NONE', #6776, .T. ) ;
#957 = EDGE_CURVE ( 'NONE', #144, #7665, #5703, .T. ) ;
#958 = CARTESIAN_POINT ( 'NONE',  ( -13.30320641798142134, 8.401028654342317381, 8.749999999999998224 ) ) ;
#959 = CARTESIAN_POINT ( 'NONE',  ( -13.72945202021807454, 7.762467190370743175, 8.196382122787305491 ) ) ;
#960 = CARTESIAN_POINT ( 'NONE',  ( -12.89809729706817976, 8.071204273341825441, -8.697249031094598237 ) ) ;
#961 = DIRECTION ( 'NONE',  ( 0.000000000000000000, 1.000000000000000000, -0.000000000000000000 ) ) ;
#962 = CARTESIAN_POINT ( 'NONE',  ( 1.668205519698433427E-15, 7.749999999999999112, -13.62193181625839422 ) ) ;
#963 = DIRECTION ( 'NONE',  ( 0.000000000000000000, 0.000000000000000000, 1.000000000000000000 ) ) ;
#964 = ORIENTED_EDGE ( 'NONE', *, *, #124, .T. ) ;
#965 = CARTESIAN_POINT ( 'NONE',  ( -1.947630796179198266E-15, 13.44014657956791581, 0.000000000000000000 ) ) ;
#966 = ORIENTED_EDGE ( 'NONE', *, *, #8275, .F. ) ;
#967 = CARTESIAN_POINT ( 'NONE',  ( 13.27831509158966306, 8.298063307274825107, 8.729610196012513867 ) ) ;
#968 = AXIS2_PLACEMENT_3D ( 'NONE', #5432, #6661, #5391 ) ;
#969 = ADVANCED_FACE ( 'NONE', ( #2561 ), #2515, .F. ) ;
#970 = ADVANCED_FACE ( 'NONE', ( #4654 ), #3687, .T. ) ;
#971 = CARTESIAN_POINT ( 'NONE',  ( 0.000000000000000000, 13.40000000000000036, 3.367544397130177162E-16 ) ) ;
#972 = CARTESIAN_POINT ( 'NONE',  ( -11.00524528020069326, 9.743605435133188664, 12.34750588644722491 ) ) ;
#973 = ORIENTED_EDGE ( 'NONE', *, *, #8434, .F. ) ;
#974 = FACE_BOUND ( 'NONE', #3744, .T. ) ;
#975 = AXIS2_PLACEMENT_3D ( 'NONE', #7971, #1984, #715 ) ;
#976 = CARTESIAN_POINT ( 'NONE',  ( -8.749999999999998224, 9.831481917026517081, 13.78744740362694010 ) ) ;
#977 =( BOUNDED_SURFACE ( )  B_SPLINE_SURFACE ( 3, 2, ( 
 ( #4866, #6220, #8333 ),
 ( #3031, #1793, #7120 ),
 ( #6480, #7162, #6390 ),
 ( #5838, #1750, #2505 ) ),
 .UNSPECIFIED., .F., .F., .F. ) 
 B_SPLINE_SURFACE_WITH_KNOTS ( ( 4, 4 ),
 ( 3, 3 ),
 ( -1.734723475976807094E-18, 0.004211198243782914193 ),
 ( 0.000000000000000000, 1.000000000000000000 ),
 .UNSPECIFIED. ) 
 GEOMETRIC_REPRESENTATION_ITEM ( )  RATIONAL_B_SPLINE_SURFACE ( (
 ( 1.000000000000000000, 0.4999891725456191427, 1.000000000000000000),
 ( 1.000000000000000000, 0.4945821811962645698, 1.000000000000000000),
 ( 1.000000000000000000, 0.4887473536760963966, 1.000000000000000000),
 ( 1.000000000000000000, 0.4823580334654676838, 1.000000000000000000) ) ) 
 REPRESENTATION_ITEM ( '' )  SURFACE ( )  );
#978 = CARTESIAN_POINT ( 'NONE',  ( 8.900000000000005684, 8.500000000000007105, 13.34286252986123245 ) ) ;
#979 = ORIENTED_EDGE ( 'NONE', *, *, #1257, .F. ) ;
#980 = DIRECTION ( 'NONE',  ( -1.000000000000000000, -1.084202172485505174E-16, 0.000000000000000000 ) ) ;
#981 = FACE_OUTER_BOUND ( 'NONE', #2499, .T. ) ;
#982 = B_SPLINE_CURVE_WITH_KNOTS ( 'NONE', 3,
 ( #7060, #7664, #8177, #7016 ),
 .UNSPECIFIED., .F., .F.,
 ( 4, 4 ),
 ( 0.000000000000000000, 0.004213349230782855413 ),
 .UNSPECIFIED. ) ;
#983 = EDGE_CURVE ( 'NONE', #1698, #5444, #6903, .T. ) ;
#984 = AXIS2_PLACEMENT_3D ( 'NONE', #6829, #8239, #1656 ) ;
#985 = CARTESIAN_POINT ( 'NONE',  ( 8.733595056974778004, 8.308530766424290448, -12.95330784402443491 ) ) ;
#986 = EDGE_LOOP ( 'NONE', ( #4863, #8565, #404, #1534 ) ) ;
#987 = CARTESIAN_POINT ( 'NONE',  ( 13.28298719308802767, 8.016464888795821864, 8.582305853721647892 ) ) ;
#988 = DIRECTION ( 'NONE',  ( -0.000000000000000000, -0.000000000000000000, 1.000000000000000000 ) ) ;
#989 = APPROVAL_DATE_TIME ( #6983, #315 ) ;
#990 = FACE_OUTER_BOUND ( 'NONE', #2209, .T. ) ;
#991 = DIRECTION ( 'NONE',  ( 0.000000000000000000, 0.000000000000000000, 1.000000000000000000 ) ) ;
#992 = ORIENTED_EDGE ( 'NONE', *, *, #4348, .F. ) ;
#993 = EDGE_CURVE ( 'NONE', #2717, #2535, #3618, .T. ) ;
#994 = DIRECTION ( 'NONE',  ( 1.000000000000000000, -0.000000000000000000, -0.000000000000000000 ) ) ;
#995 = DIRECTION ( 'NONE',  ( -0.4653245021537720238, 0.000000000000000000, 0.8851401627399719807 ) ) ;
#996 = CARTESIAN_POINT ( 'NONE',  ( -13.39842269756388227, 8.217301863741225176, 8.955808916243091389 ) ) ;
#997 = CARTESIAN_POINT ( 'NONE',  ( 0.000000000000000000, 15.42678132618368458, 13.29311039424772645 ) ) ;
#998 = CARTESIAN_POINT ( 'NONE',  ( -8.749999999999998224, 12.72343304759305482, 14.74687782792862123 ) ) ;
#999 = EDGE_LOOP ( 'NONE', ( #4725, #3500, #7441, #1829 ) ) ;
#1000 = CARTESIAN_POINT ( 'NONE',  ( 8.052420073413994572, 13.25000000000067857, -15.55296868683377909 ) ) ;
#1001 = ORIENTED_EDGE ( 'NONE', *, *, #5363, .T. ) ;
#1002 = CARTESIAN_POINT ( 'NONE',  ( 7.999999999999998224, 13.25000000000000178, -21.00000000000002132 ) ) ;
#1003 = AXIS2_PLACEMENT_3D ( 'NONE', #3676, #4935, #249 ) ;
#1004 = CIRCLE ( 'NONE', #8109, 19.89999999999999858 ) ;
#1005 = CARTESIAN_POINT ( 'NONE',  ( -8.701114436120498397, 12.80068307768078917, -15.05641782987693844 ) ) ;
#1006 = CARTESIAN_POINT ( 'NONE',  ( -13.37062271443167738, 7.749999999999996447, -7.999999999999994671 ) ) ;
#1007 = CARTESIAN_POINT ( 'NONE',  ( 6.182290697176473060, 10.40693149288440367, 18.20310597722551549 ) ) ;
#1008 = CARTESIAN_POINT ( 'NONE',  ( -13.42368093700152620, 8.342133252336219940, -8.980362733744845727 ) ) ;
#1009 = DIRECTION ( 'NONE',  ( 0.000000000000000000, 1.000000000000000000, 0.000000000000000000 ) ) ;
#1010 = ADVANCED_FACE ( 'NONE', ( #4132, #2222, #1408, #7553 ), #4041, .T. ) ;
#1011 = AXIS2_PLACEMENT_3D ( 'NONE', #2652, #1370, #6832 ) ;
#1012 = VECTOR ( 'NONE', #1818, 1000.000000000000000 ) ;
#1013 = PLANE ( 'NONE',  #7514 ) ;
#1014 = ORIENTED_EDGE ( 'NONE', *, *, #6002, .T. ) ;
#1015 = DIRECTION ( 'NONE',  ( 0.000000000000000000, -0.3183999683310905771, -0.9479564653330659896 ) ) ;
#1016 = CIRCLE ( 'NONE', #6891, 0.1500000000000003830 ) ;
#1017 = AXIS2_PLACEMENT_3D ( 'NONE', #8150, #4898, #2649 ) ;
#1018 = CARTESIAN_POINT ( 'NONE',  ( 12.28076636725513282, 10.85530070153508397, 12.28076636714039971 ) ) ;
#1019 = CARTESIAN_POINT ( 'NONE',  ( 13.57345694518113177, 8.258189023234601578, -8.714324879742077812 ) ) ;
#1020 = CARTESIAN_POINT ( 'NONE',  ( -8.654904210150094812, 12.91096995526479674, -14.64773306970226763 ) ) ;
#1021 = ORIENTED_EDGE ( 'NONE', *, *, #4681, .F. ) ;
#1022 = CARTESIAN_POINT ( 'NONE',  ( -8.749999999999998224, 8.500000000000007105, 13.09261806874823364 ) ) ;
#1023 = ADVANCED_FACE ( 'NONE', ( #1529 ), #2141, .F. ) ;
#1024 = ADVANCED_FACE ( 'NONE', ( #8161 ), #6355, .T. ) ;
#1025 = CARTESIAN_POINT ( 'NONE',  ( 0.000000000000000000, 8.249999999999998224, 0.000000000000000000 ) ) ;
#1026 = CARTESIAN_POINT ( 'NONE',  ( 7.925793772813728211, 7.640146579567915985, -13.24659978108555336 ) ) ;
#1027 = DIRECTION ( 'NONE',  ( 0.000000000000000000, 0.000000000000000000, -1.000000000000000000 ) ) ;
#1028 = DIRECTION ( 'NONE',  ( -0.7071067811865463515, -0.000000000000000000, -0.7071067811865487940 ) ) ;
#1029 = CARTESIAN_POINT ( 'NONE',  ( 8.360915864009365706, 7.717815767996988541, -13.00325511311576676 ) ) ;
#1030 = AXIS2_PLACEMENT_3D ( 'NONE', #5026, #7075, #5606 ) ;
#1031 =( BOUNDED_SURFACE ( )  B_SPLINE_SURFACE ( 3, 3, ( 
 ( #2975, #4366, #5778, #380 ),
 ( #3061, #252, #7030, #5644 ),
 ( #5730, #1037, #8357, #4976 ),
 ( #2390, #8228, #2933, #7719 ) ),
 .UNSPECIFIED., .F., .F., .F. ) 
 B_SPLINE_SURFACE_WITH_KNOTS ( ( 4, 4 ),
 ( 4, 4 ),
 ( 0.000000000000000000, 1.000000000000000000 ),
 ( 0.000000000000000000, 1.000000000000000000 ),
 .UNSPECIFIED. ) 
 GEOMETRIC_REPRESENTATION_ITEM ( )  RATIONAL_B_SPLINE_SURFACE ( (
 ( 1.000000000000000000, 0.3333333333333334259, 0.3333333333333334259, 1.000000000000000000),
 ( 1.000000000000000000, 0.3333333333333334259, 0.3333333333333334259, 1.000000000000000000),
 ( 1.000000000000000000, 0.3333333333333334259, 0.3333333333333334259, 1.000000000000000000),
 ( 1.000000000000000000, 0.3333333333333334259, 0.3333333333333334259, 1.000000000000000000) ) ) 
 REPRESENTATION_ITEM ( '' )  SURFACE ( )  );
#1032 = ORIENTED_EDGE ( 'NONE', *, *, #2589, .T. ) ;
#1033 = CARTESIAN_POINT ( 'NONE',  ( -7.999999999999991118, 7.750000000000001776, -13.61194688593825042 ) ) ;
#1034 = EDGE_CURVE ( 'NONE', #5666, #2241, #4615, .T. ) ;
#1035 = CARTESIAN_POINT ( 'NONE',  ( -7.999999999999991118, 13.25000000000000000, -21.00000000000002132 ) ) ;
#1036 = APPROVAL_ROLE ( '' ) ;
#1037 = CARTESIAN_POINT ( 'NONE',  ( -10.00000000000000000, 15.50164662274214322, 19.99999999999999645 ) ) ;
#1038 = CARTESIAN_POINT ( 'NONE',  ( -13.01813923478695401, 8.103838748557215865, -8.645449072876958851 ) ) ;
#1039 = VERTEX_POINT ( 'NONE', #1910 ) ;
#1040 = DIRECTION ( 'NONE',  ( 0.000000000000000000, 0.000000000000000000, -1.000000000000000000 ) ) ;
#1041 = CARTESIAN_POINT ( 'NONE',  ( -21.00000000000002132, 8.500000000000007105, -8.750000000000001776 ) ) ;
#1042 = EDGE_CURVE ( 'NONE', #3907, #1679, #4546, .T. ) ;
#1043 = CARTESIAN_POINT ( 'NONE',  ( 11.14860055452309950, 10.66666596192059124, -12.56281411689615091 ) ) ;
#1044 = DIRECTION ( 'NONE',  ( 0.000000000000000000, -1.000000000000000000, 0.000000000000000000 ) ) ;
#1045 = VERTEX_POINT ( 'NONE', #3902 ) ;
#1046 = DIRECTION ( 'NONE',  ( -0.000000000000000000, -0.000000000000000000, 1.000000000000000000 ) ) ;
#1047 = VERTEX_POINT ( 'NONE', #1176 ) ;
#1048 = CARTESIAN_POINT ( 'NONE',  ( 12.91246536907850917, 7.967325227471901528, 8.624445984872920690 ) ) ;
#1049 = CARTESIAN_POINT ( 'NONE',  ( -8.781374653154852439, 13.02640908403360953, -15.08190658247909077 ) ) ;
#1050 = CARTESIAN_POINT ( 'NONE',  ( -12.95330784402475643, 8.308530766424309988, -8.733595056974676751 ) ) ;
#1051 = EDGE_CURVE ( 'NONE', #5039, #7590, #4398, .T. ) ;
#1052 = CARTESIAN_POINT ( 'NONE',  ( -8.955808916243086060, 8.217301863741221624, -13.39842269756387871 ) ) ;
#1053 = CARTESIAN_POINT ( 'NONE',  ( -13.01818372554173031, 8.103276485728930112, 8.645115147375591391 ) ) ;
#1054 = ORIENTED_EDGE ( 'NONE', *, *, #7592, .T. ) ;
#1055 = ORIENTED_EDGE ( 'NONE', *, *, #6791, .T. ) ;
#1056 = DIRECTION ( 'NONE',  ( -0.7071067811865492381, 0.000000000000000000, 0.7071067811865457964 ) ) ;
#1057 = VERTEX_POINT ( 'NONE', #6184 ) ;
#1058 = DIRECTION ( 'NONE',  ( 0.000000000000000000, 0.000000000000000000, 1.000000000000000000 ) ) ;
#1059 = DIRECTION ( 'NONE',  ( -0.8851401627399576588, 0.000000000000000000, 0.4653245021537996129 ) ) ;
#1060 = CC_DESIGN_PERSON_AND_ORGANIZATION_ASSIGNMENT ( #3373, #40, ( #3554 ) ) ;
#1061 = CARTESIAN_POINT ( 'NONE',  ( -8.794056414146396605, 8.297319658348369487, -12.90836097519262182 ) ) ;
#1062 = CARTESIAN_POINT ( 'NONE',  ( 2.228857174448182931E-15, 15.49999999999999289, 18.19999999999999929 ) ) ;
#1063 = ORIENTED_EDGE ( 'NONE', *, *, #5259, .F. ) ;
#1064 = CARTESIAN_POINT ( 'NONE',  ( -8.624445984873013060, 7.967325227471856230, 12.91246536907843101 ) ) ;
#1065 = CARTESIAN_POINT ( 'NONE',  ( 0.000000000000000000, 1.999999999999999556, 0.000000000000000000 ) ) ;
#1066 = CARTESIAN_POINT ( 'NONE',  ( 13.55825311177119197, 8.744362080210381194, 8.979805978441149250 ) ) ;
#1067 = ORIENTED_EDGE ( 'NONE', *, *, #5370, .F. ) ;
#1068 = AXIS2_PLACEMENT_3D ( 'NONE', #6275, #5579, #148 ) ;
#1069 = CARTESIAN_POINT ( 'NONE',  ( 12.62840217852562219, 10.99999999999999645, -11.21418861615248375 ) ) ;
#1070 = DIRECTION ( 'NONE',  ( 0.000000000000000000, 0.000000000000000000, -1.000000000000000000 ) ) ;
#1071 = FACE_OUTER_BOUND ( 'NONE', #152, .T. ) ;
#1072 = EDGE_CURVE ( 'NONE', #7041, #839, #3999, .T. ) ;
#1073 = B_SPLINE_CURVE_WITH_KNOTS ( 'NONE', 3,
 ( #3013, #1639, #3592, #8399, #987, #6331, #1077, #3770, #6287, #4362 ),
 .UNSPECIFIED., .F., .F.,
 ( 4, 2, 2, 2, 4 ),
 ( 0.000000000000000000, 0.0003162973803822046273, 0.0006325947607644092545, 0.0009488921411466139360, 0.001265189521528819376 ),
 .UNSPECIFIED. ) ;
#1074 = VECTOR ( 'NONE', #244, 1000.000000000000000 ) ;
#1075 = CARTESIAN_POINT ( 'NONE',  ( 8.750000000000003553, 8.500000000000007105, -13.09261806874823009 ) ) ;
#1076 = ORIENTED_EDGE ( 'NONE', *, *, #665, .F. ) ;
#1077 = CARTESIAN_POINT ( 'NONE',  ( 13.38924546360153300, 7.829301867517131086, 8.348305505091492051 ) ) ;
#1078 = LINE ( 'NONE', #7839, #383 ) ;
#1079 = CARTESIAN_POINT ( 'NONE',  ( 14.29338720761957582, 12.54014657956790479, 8.824077831548112982 ) ) ;
#1080 = DIRECTION ( 'NONE',  ( -1.776356839400250465E-15, 0.000000000000000000, 1.000000000000000000 ) ) ;
#1081 = AXIS2_PLACEMENT_3D ( 'NONE', #4876, #4027, #3349 ) ;
#1082 = ORIENTED_EDGE ( 'NONE', *, *, #5159, .T. ) ;
#1083 = ADVANCED_FACE ( 'NONE', ( #493 ), #3164, .F. ) ;
#1084 = EDGE_CURVE ( 'NONE', #8550, #3516, #1916, .T. ) ;
#1085 = DIRECTION ( 'NONE',  ( 0.000000000000000000, 1.000000000000000000, 0.000000000000000000 ) ) ;
#1086 = FACE_OUTER_BOUND ( 'NONE', #3057, .T. ) ;
#1087 = AXIS2_PLACEMENT_3D ( 'NONE', #8520, #2577, #5243 ) ;
#1088 = CARTESIAN_POINT ( 'NONE',  ( 15.21759819039019490, 13.39999999999999858, 7.999999999999994671 ) ) ;
#1089 = ORIENTED_EDGE ( 'NONE', *, *, #3313, .T. ) ;
#1090 = CARTESIAN_POINT ( 'NONE',  ( 14.65974925560509590, 12.49999999999999289, -8.900000000000003908 ) ) ;
#1091 = VERTEX_POINT ( 'NONE', #86 ) ;
#1092 = VERTEX_POINT ( 'NONE', #2764 ) ;
#1093 = CARTESIAN_POINT ( 'NONE',  ( 12.95732904728207835, 8.011616004711136441, 8.579345533363996523 ) ) ;
#1094 = VECTOR ( 'NONE', #5789, 1000.000000000000000 ) ;
#1095 = DIRECTION ( 'NONE',  ( 8.966701452695621111E-17, 0.6811039424772868944, -0.7321867381630841054 ) ) ;
#1096 = EDGE_CURVE ( 'NONE', #447, #2780, #2081, .T. ) ;
#1097 = CARTESIAN_POINT ( 'NONE',  ( -8.761046516183073507, 12.50831865138328602, -14.92856998448526440 ) ) ;
#1098 = DESIGN_CONTEXT ( 'detailed design', #2416, 'design' ) ;
#1099 = CARTESIAN_POINT ( 'NONE',  ( -13.04492446933942063, 7.792253935049045843, -8.334110571071457585 ) ) ;
#1100 = CARTESIAN_POINT ( 'NONE',  ( 8.978270028915678935, 9.883010326007093838, -13.93704088992245538 ) ) ;
#1101 = CARTESIAN_POINT ( 'NONE',  ( 8.201806633537694680, 13.25000000000068745, 15.09028874722509173 ) ) ;
#1102 = CARTESIAN_POINT ( 'NONE',  ( 10.87224568134110747, 11.13040873003182618, 12.28645924371424236 ) ) ;
#1103 = ORIENTED_EDGE ( 'NONE', *, *, #4060, .F. ) ;
#1104 = CIRCLE ( 'NONE', #3486, 0.5000000000000004441 ) ;
#1105 = FACE_OUTER_BOUND ( 'NONE', #8559, .T. ) ;
#1106 = VERTEX_POINT ( 'NONE', #126 ) ;
#1107 = FACE_OUTER_BOUND ( 'NONE', #792, .T. ) ;
#1108 = CARTESIAN_POINT ( 'NONE',  ( -8.089486343373625488, 7.750000000000000888, -13.30637223669045710 ) ) ;
#1109 = FACE_OUTER_BOUND ( 'NONE', #5977, .T. ) ;
#1110 = ORIENTED_EDGE ( 'NONE', *, *, #5258, .T. ) ;
#1111 = DIRECTION ( 'NONE',  ( 0.4653245021537991688, 0.000000000000000000, 0.8851401627399577698 ) ) ;
#1112 = CARTESIAN_POINT ( 'NONE',  ( 8.874931852419954769E-16, 7.874999999999998224, -6.871931816258392445 ) ) ;
#1113 = CARTESIAN_POINT ( 'NONE',  ( 13.81125204790690830, 9.503303626097588719, 8.978772366520772152 ) ) ;
#1114 = AXIS2_PLACEMENT_3D ( 'NONE', #4804, #4194, #6114 ) ;
#1115 = VERTEX_POINT ( 'NONE', #5469 ) ;
#1116 = CARTESIAN_POINT ( 'NONE',  ( 8.698272862588259713, 8.073040089626825733, -12.89802079010525482 ) ) ;
#1117 = DIRECTION ( 'NONE',  ( -0.000000000000000000, -0.000000000000000000, 1.000000000000000000 ) ) ;
#1118 = AXIS2_PLACEMENT_3D ( 'NONE', #7572, #6934, #6282 ) ;
#1119 = DIRECTION ( 'NONE',  ( -0.7071067811865487940, 0.000000000000000000, 0.7071067811865461294 ) ) ;
#1120 = ORIENTED_EDGE ( 'NONE', *, *, #2973, .F. ) ;
#1121 = CARTESIAN_POINT ( 'NONE',  ( -15.02607994316805318, 13.44014657956791758, -8.053710487957767228 ) ) ;
#1122 = PLANE ( 'NONE',  #794 ) ;
#1123 = ADVANCED_FACE ( 'NONE', ( #3507 ), #1321, .F. ) ;
#1124 = CARTESIAN_POINT ( 'NONE',  ( 13.37062271443094019, 7.750000000000001776, -7.999999999999996447 ) ) ;
#1125 = CARTESIAN_POINT ( 'NONE',  ( 0.000000000000000000, 6.499999999999997335, 0.000000000000000000 ) ) ;
#1126 = CIRCLE ( 'NONE', #4899, 2.991318522074776443 ) ;
#1127 = ORIENTED_EDGE ( 'NONE', *, *, #234, .T. ) ;
#1128 = DIRECTION ( 'NONE',  ( 0.000000000000000000, 0.000000000000000000, 1.000000000000000000 ) ) ;
#1129 = CARTESIAN_POINT ( 'NONE',  ( -14.47168223094404027, 11.06832986504764449, 8.749999999995077715 ) ) ;
#1130 = ORIENTED_EDGE ( 'NONE', *, *, #6978, .T. ) ;
#1131 = CARTESIAN_POINT ( 'NONE',  ( -13.30313517271587109, 8.400850844681491125, -8.750000000000003553 ) ) ;
#1132 = ORIENTED_EDGE ( 'NONE', *, *, #6468, .T. ) ;
#1133 = ADVANCED_FACE ( 'NONE', ( #3643 ), #1266, .T. ) ;
#1134 = CARTESIAN_POINT ( 'NONE',  ( -8.749999999999998224, 12.60782990562139183, 14.45860826633832197 ) ) ;
#1135 = EDGE_CURVE ( 'NONE', #4780, #4853, #668, .T. ) ;
#1136 = ORIENTED_EDGE ( 'NONE', *, *, #4771, .T. ) ;
#1137 = CARTESIAN_POINT ( 'NONE',  ( 14.65974925560509590, 12.49999999999999467, -8.750000000000001776 ) ) ;
#1138 = CARTESIAN_POINT ( 'NONE',  ( -12.93376907639521889, 8.422734683813265733, -8.818581855858298013 ) ) ;
#1139 = CARTESIAN_POINT ( 'NONE',  ( 8.975003248201149475, 12.45985342043208099, -14.78329181874944176 ) ) ;
#1140 = CARTESIAN_POINT ( 'NONE',  ( 8.750000000003645084, 11.19623204295985985, 13.90174206281352554 ) ) ;
#1141 = CARTESIAN_POINT ( 'NONE',  ( 0.000000000000000000, 12.39999999999999858, 0.000000000000000000 ) ) ;
#1142 = EDGE_CURVE ( 'NONE', #2160, #3076, #2193, .T. ) ;
#1143 = DIRECTION ( 'NONE',  ( -1.000000000000000000, 0.000000000000000000, 0.000000000000000000 ) ) ;
#1144 = VERTEX_POINT ( 'NONE', #5735 ) ;
#1145 = AXIS2_PLACEMENT_3D ( 'NONE', #6150, #5495, #4106 ) ;
#1146 = CARTESIAN_POINT ( 'NONE',  ( 0.000000000000000000, 6.866178068106953525, 15.22167330524445106 ) ) ;
#1147 = EDGE_LOOP ( 'NONE', ( #4581, #7239, #1001, #3647, #5875, #4448, #1856, #131 ) ) ;
#1148 = CARTESIAN_POINT ( 'NONE',  ( 0.000000000000000000, 7.749999999999998224, 0.000000000000000000 ) ) ;
#1149 = CARTESIAN_POINT ( 'NONE',  ( 13.38804520993581093, 7.991778477619721599, -8.858284710630494274 ) ) ;
#1150 = CIRCLE ( 'NONE', #1305, 6.871931816258391557 ) ;
#1151 = CIRCLE ( 'NONE', #8387, 18.00000000000000000 ) ;
#1152 = ORIENTED_EDGE ( 'NONE', *, *, #1167, .F. ) ;
#1153 = DIRECTION ( 'NONE',  ( 1.000000000000000000, 0.000000000000000000, 1.224646799147353207E-16 ) ) ;
#1154 = ORIENTED_EDGE ( 'NONE', *, *, #2152, .F. ) ;
#1155 = EDGE_CURVE ( 'NONE', #4288, #509, #7314, .T. ) ;
#1156 = CARTESIAN_POINT ( 'NONE',  ( -8.822415896049420780, 11.20502593774872935, 13.85856564109604783 ) ) ;
#1157 = VERTEX_POINT ( 'NONE', #5238 ) ;
#1158 = CARTESIAN_POINT ( 'NONE',  ( 12.38881857357498717, 11.50000000000000000, -11.68171179238840196 ) ) ;
#1159 = CARTESIAN_POINT ( 'NONE',  ( 12.26079662292900174, 10.99999999999999645, -10.84658306055586330 ) ) ;
#1160 = AXIS2_PLACEMENT_3D ( 'NONE', #2893, #3557, #3025 ) ;
#1161 = AXIS2_PLACEMENT_3D ( 'NONE', #6635, #2527, #1119 ) ;
#1162 = CARTESIAN_POINT ( 'NONE',  ( 10.92158470279899873, 9.500000000000000000, -11.62869148398550223 ) ) ;
#1163 = ORIENTED_EDGE ( 'NONE', *, *, #8384, .T. ) ;
#1164 = CARTESIAN_POINT ( 'NONE',  ( -8.066449984402256135, 13.35985342043208846, 15.58006697086412373 ) ) ;
#1165 = CARTESIAN_POINT ( 'NONE',  ( -13.46309704045871669, 8.459853420432093429, 8.980199218265399352 ) ) ;
#1166 = VERTEX_POINT ( 'NONE', #3054 ) ;
#1167 = EDGE_CURVE ( 'NONE', #5067, #3885, #245, .T. ) ;
#1168 = AXIS2_PLACEMENT_3D ( 'NONE', #8113, #824, #6128 ) ;
#1169 = CARTESIAN_POINT ( 'NONE',  ( 0.000000000000000000, 6.499999999999999112, 0.000000000000000000 ) ) ;
#1170 = CARTESIAN_POINT ( 'NONE',  ( 8.750000000000003553, 9.831370049224259944, -13.53979913321718342 ) ) ;
#1171 = EDGE_LOOP ( 'NONE', ( #7172, #21, #1870, #463 ) ) ;
#1172 = VERTEX_POINT ( 'NONE', #5724 ) ;
#1173 = AXIS2_PLACEMENT_3D ( 'NONE', #4124, #7344, #7502 ) ;
#1174 = EDGE_CURVE ( 'NONE', #5317, #6573, #5543, .T. ) ;
#1175 = CARTESIAN_POINT ( 'NONE',  ( -11.14860944079054761, 10.66671112316219983, -12.56282300316368428 ) ) ;
#1176 = CARTESIAN_POINT ( 'NONE',  ( -14.41636719170869263, 12.49999999999999467, -8.750000000000001776 ) ) ;
#1177 = CARTESIAN_POINT ( 'NONE',  ( 13.37062271443168271, 7.750000000000001776, 7.999999999999992895 ) ) ;
#1178 = CARTESIAN_POINT ( 'NONE',  ( 8.729485555698921928, 8.296532393612446654, -13.02739189056461733 ) ) ;
#1179 = EDGE_LOOP ( 'NONE', ( #4810, #4774, #2721, #1326 ) ) ;
#1180 = DIRECTION ( 'NONE',  ( 0.000000000000000000, 0.000000000000000000, -1.000000000000000000 ) ) ;
#1181 = ORIENTED_EDGE ( 'NONE', *, *, #3387, .F. ) ;
#1182 = CARTESIAN_POINT ( 'NONE',  ( 12.95330784402497493, 8.308530766424540914, 8.733595056974785109 ) ) ;
#1183 = CARTESIAN_POINT ( 'NONE',  ( -13.78744750116160667, 9.831482208910699683, 8.749999999999998224 ) ) ;
#1184 = EDGE_CURVE ( 'NONE', #1166, #5127, #6807, .T. ) ;
#1185 = CARTESIAN_POINT ( 'NONE',  ( -13.24659978108555691, 7.640146579567915985, 7.925793772813722882 ) ) ;
#1186 = CARTESIAN_POINT ( 'NONE',  ( -11.99580628550739902, 9.500000000000000000, 11.28869950432081559 ) ) ;
#1187 = CARTESIAN_POINT ( 'NONE',  ( 5.097671593693066328, 9.704922051056698251, 19.15872578047298802 ) ) ;
#1188 = ORIENTED_EDGE ( 'NONE', *, *, #5171, .F. ) ;
#1189 = FACE_OUTER_BOUND ( 'NONE', #2742, .T. ) ;
#1190 = ORIENTED_EDGE ( 'NONE', *, *, #8065, .F. ) ;
#1191 = DIRECTION ( 'NONE',  ( -0.000000000000000000, -1.000000000000000000, -0.000000000000000000 ) ) ;
#1192 = ORIENTED_EDGE ( 'NONE', *, *, #6911, .T. ) ;
#1193 = CARTESIAN_POINT ( 'NONE',  ( 14.93635629364147555, 13.17063819176099138, -8.385608573292490320 ) ) ;
#1194 = EDGE_CURVE ( 'NONE', #2413, #1057, #7081, .T. ) ;
#1195 = DIRECTION ( 'NONE',  ( 0.000000000000000000, 0.000000000000000000, -1.000000000000000000 ) ) ;
#1196 = ADVANCED_FACE ( 'NONE', ( #1071 ), #6253, .T. ) ;
#1197 = CARTESIAN_POINT ( 'NONE',  ( -8.348587370105621019, 7.739605449755859290, -13.01764705246435305 ) ) ;
#1198 = ORIENTED_EDGE ( 'NONE', *, *, #1844, .T. ) ;
#1199 = DIRECTION ( 'NONE',  ( -0.000000000000000000, -1.000000000000000000, -0.000000000000000000 ) ) ;
#1200 = ORIENTED_EDGE ( 'NONE', *, *, #7877, .F. ) ;
#1201 = DIRECTION ( 'NONE',  ( 0.000000000000000000, 0.000000000000000000, -1.000000000000000000 ) ) ;
#1202 = CARTESIAN_POINT ( 'NONE',  ( 8.794535156164991818, 8.299440474032975246, -12.90874566890950526 ) ) ;
#1203 = DIRECTION ( 'NONE',  ( 0.6813100476940173733, -0.2676438637860939496, 0.6813100476940192607 ) ) ;
#1204 = ADVANCED_FACE ( 'NONE', ( #1768 ), #3933, .F. ) ;
#1205 = CARTESIAN_POINT ( 'NONE',  ( -13.24659978108555514, 7.640146579567915985, -7.925793772813726434 ) ) ;
#1206 = ORIENTED_EDGE ( 'NONE', *, *, #4296, .T. ) ;
#1207 = CARTESIAN_POINT ( 'NONE',  ( -11.08301073212006393, 10.33333261674302328, 12.49722429449312067 ) ) ;
#1208 = CIRCLE ( 'NONE', #8303, 2.000000000000000000 ) ;
#1209 = B_SPLINE_CURVE_WITH_KNOTS ( 'NONE', 3,
 ( #4210, #6345, #909, #5691, #215, #6861, #8234, #4946, #7586, #868 ),
 .UNSPECIFIED., .F., .F.,
 ( 4, 2, 2, 2, 4 ),
 ( 0.000000000000000000, 0.0003189618469915273002, 0.0006379236939830538414, 0.0009568855409745804369, 0.001275847387966107032 ),
 .UNSPECIFIED. ) ;
#1210 = DIRECTION ( 'NONE',  ( 0.000000000000000000, 1.000000000000000000, -0.000000000000000000 ) ) ;
#1211 = DIRECTION ( 'NONE',  ( -0.7071067811865487940, -0.000000000000000000, 0.7071067811865463515 ) ) ;
#1212 = CARTESIAN_POINT ( 'NONE',  ( 8.820728691657594212, 9.963278319209058154, 13.44711090423670008 ) ) ;
#1213 = CARTESIAN_POINT ( 'NONE',  ( -8.780324235076333750, 13.02769231253557969, -15.08293099975597507 ) ) ;
#1214 = CIRCLE ( 'NONE', #6109, 0.1499999999999996059 ) ;
#1215 = FACE_OUTER_BOUND ( 'NONE', #3012, .T. ) ;
#1216 = DIRECTION ( 'NONE',  ( -0.7071067811865463515, -0.000000000000000000, -0.7071067811865487940 ) ) ;
#1217 = CARTESIAN_POINT ( 'NONE',  ( -14.69031243246425511, 12.17462593492673584, 8.975351360192433958 ) ) ;
#1218 = CARTESIAN_POINT ( 'NONE',  ( 14.49568901432421164, 11.00004516124001874, 15.20279579551080928 ) ) ;
#1219 = ORIENTED_EDGE ( 'NONE', *, *, #1669, .T. ) ;
#1220 = CARTESIAN_POINT ( 'NONE',  ( -7.999999999999991118, 13.25000000000000000, 15.21759819039019845 ) ) ;
#1221 = CIRCLE ( 'NONE', #6115, 0.1499999999999999944 ) ;
#1222 = ORIENTED_EDGE ( 'NONE', *, *, #5325, .T. ) ;
#1223 = B_SPLINE_CURVE_WITH_KNOTS ( 'NONE', 3,
 ( #6745, #3471, #2815, #706, #2049, #4016 ),
 .UNSPECIFIED., .F., .F.,
 ( 4, 2, 4 ),
 ( 0.0007976201866005210288, 0.001193770624251785060, 0.001589921061903048875 ),
 .UNSPECIFIED. ) ;
#1224 = TOROIDAL_SURFACE ( 'NONE', #6122, 5.000000000000000888, 1.999999999999999112 ) ;
#1225 = DIRECTION ( 'NONE',  ( 0.000000000000000000, -0.000000000000000000, -1.000000000000000000 ) ) ;
#1226 = CARTESIAN_POINT ( 'NONE',  ( 8.172888960819619797, 13.44014652644474772, 14.96342695255394339 ) ) ;
#1227 = CARTESIAN_POINT ( 'NONE',  ( -10.64979952082717318, 10.00004516124002407, -12.06401308320030985 ) ) ;
#1228 = EDGE_LOOP ( 'NONE', ( #4998, #4205, #5813, #6893, #5425 ) ) ;
#1229 = CYLINDRICAL_SURFACE ( 'NONE', #5585, 0.4999999999999994449 ) ;
#1230 = ADVANCED_FACE ( 'NONE', ( #758 ), #2704, .F. ) ;
#1231 = AXIS2_PLACEMENT_3D ( 'NONE', #2677, #484, #3158 ) ;
#1232 = ORIENTED_EDGE ( 'NONE', *, *, #7221, .T. ) ;
#1233 = CARTESIAN_POINT ( 'NONE',  ( -13.37062271443168093, 7.600000000000001421, 7.999999999999991118 ) ) ;
#1234 = DIRECTION ( 'NONE',  ( -0.000000000000000000, 1.000000000000000000, -0.000000000000000000 ) ) ;
#1235 = CARTESIAN_POINT ( 'NONE',  ( 0.000000000000000000, 6.866178068106953525, 0.000000000000000000 ) ) ;
#1236 = CIRCLE ( 'NONE', #946, 13.22499999999999964 ) ;
#1237 = CARTESIAN_POINT ( 'NONE',  ( -8.749999999999996447, 8.400850844681492902, 13.30313517271587465 ) ) ;
#1238 = VERTEX_POINT ( 'NONE', #6713 ) ;
#1239 = CARTESIAN_POINT ( 'NONE',  ( 8.750000000000001776, 8.400656771591341609, 13.05257714036894789 ) ) ;
#1240 = ORIENTED_EDGE ( 'NONE', *, *, #5036, .T. ) ;
#1241 = ORIENTED_EDGE ( 'NONE', *, *, #7435, .T. ) ;
#1242 = CARTESIAN_POINT ( 'NONE',  ( -8.749999999999998224, 11.16487927764143429, 13.98051959663921906 ) ) ;
#1243 = EDGE_CURVE ( 'NONE', #1855, #632, #6634, .T. ) ;
#1244 = ADVANCED_FACE ( 'NONE', ( #3315 ), #5424, .T. ) ;
#1245 = CYLINDRICAL_SURFACE ( 'NONE', #3801, 2.991318522074777775 ) ;
#1246 = CARTESIAN_POINT ( 'NONE',  ( 4.037011421913242692, 9.704922051056698251, 20.21938595225280721 ) ) ;
#1247 = CIRCLE ( 'NONE', #3066, 0.1499999999999996059 ) ;
#1248 = LINE ( 'NONE', #1293, #7491 ) ;
#1249 = CARTESIAN_POINT ( 'NONE',  ( 2.406430960324548580E-15, 14.99999999999999645, -19.39999999999999503 ) ) ;
#1250 = CARTESIAN_POINT ( 'NONE',  ( 12.01693338809935163, 9.851636212332532949, 12.37048677855031542 ) ) ;
#1251 = ORIENTED_EDGE ( 'NONE', *, *, #3560, .T. ) ;
#1252 = CARTESIAN_POINT ( 'NONE',  ( -12.18628853223972364, 9.555284701834320771, -11.10598877853956878 ) ) ;
#1253 = CARTESIAN_POINT ( 'NONE',  ( 7.996835995990407397, 11.18634183715763442, 16.84151803180670370 ) ) ;
#1254 = ORIENTED_EDGE ( 'NONE', *, *, #4563, .F. ) ;
#1255 = CARTESIAN_POINT ( 'NONE',  ( -7.999999999999991118, 13.40000000000000036, -15.21759819039019490 ) ) ;
#1256 = LINE ( 'NONE', #6509, #3062 ) ;
#1257 = EDGE_CURVE ( 'NONE', #6682, #656, #6883, .T. ) ;
#1258 = LINE ( 'NONE', #8483, #3503 ) ;
#1259 = ORIENTED_EDGE ( 'NONE', *, *, #4296, .F. ) ;
#1260 = AXIS2_PLACEMENT_3D ( 'NONE', #7887, #3191, #1823 ) ;
#1261 = CARTESIAN_POINT ( 'NONE',  ( -8.749999999999998224, 12.49999999999999289, 14.65974925560510300 ) ) ;
#1262 = CARTESIAN_POINT ( 'NONE',  ( -14.44177515264979128, 11.41421181137222796, 8.976292384117400047 ) ) ;
#1263 = DIRECTION ( 'NONE',  ( -0.7071067811865463515, -0.000000000000000000, -0.7071067811865487940 ) ) ;
#1264 = ORIENTED_EDGE ( 'NONE', *, *, #3387, .T. ) ;
#1265 = CARTESIAN_POINT ( 'NONE',  ( -8.301671051122216483, 13.22522082679450506, 14.82325153663440531 ) ) ;
#1266 =( BOUNDED_SURFACE ( )  B_SPLINE_SURFACE ( 3, 2, ( 
 ( #8277, #6342, #2303 ),
 ( #1562, #1647, #3599 ),
 ( #8231, #5602, #6251 ),
 ( #1604, #257, #2938 ) ),
 .UNSPECIFIED., .F., .F., .F. ) 
 B_SPLINE_SURFACE_WITH_KNOTS ( ( 4, 4 ),
 ( 3, 3 ),
 ( 5.204170427930421283E-18, 0.004213349230782852811 ),
 ( 0.000000000000000000, 1.000000000000000000 ),
 .UNSPECIFIED. ) 
 GEOMETRIC_REPRESENTATION_ITEM ( )  RATIONAL_B_SPLINE_SURFACE ( (
 ( 1.000000000000000000, 0.8677983030863939407, 1.000000000000000000),
 ( 1.000000000000000000, 0.8709903080357511707, 1.000000000000000000),
 ( 1.000000000000000000, 0.8743696232020858883, 1.000000000000000000),
 ( 1.000000000000000000, 0.8779725897198052964, 1.000000000000000000) ) ) 
 REPRESENTATION_ITEM ( '' )  SURFACE ( )  );
#1267 = ORIENTED_EDGE ( 'NONE', *, *, #223, .T. ) ;
#1268 = DIRECTION ( 'NONE',  ( 0.3090529753641898525, -0.9510448246105656089, 1.099866522638789523E-14 ) ) ;
#1269 = ORIENTED_EDGE ( 'NONE', *, *, #3075, .F. ) ;
#1270 = CARTESIAN_POINT ( 'NONE',  ( 15.21759819038896566, 13.24999999999999822, 8.000000000001938005 ) ) ;
#1271 = FACE_OUTER_BOUND ( 'NONE', #6313, .T. ) ;
#1272 = EDGE_LOOP ( 'NONE', ( #4951, #7128, #4089, #1498 ) ) ;
#1273 = FACE_OUTER_BOUND ( 'NONE', #7336, .T. ) ;
#1274 = CARTESIAN_POINT ( 'NONE',  ( -8.821139817153087037, 10.25560990408194861, 13.54469339120476334 ) ) ;
#1275 = EDGE_LOOP ( 'NONE', ( #4741, #6408, #5490, #6889, #7845, #5154 ) ) ;
#1276 = CARTESIAN_POINT ( 'NONE',  ( 0.000000000000000000, 12.39999999999999858, 0.000000000000000000 ) ) ;
#1277 = ORIENTED_EDGE ( 'NONE', *, *, #3994, .T. ) ;
#1278 = B_SPLINE_CURVE_WITH_KNOTS ( 'NONE', 3,
 ( #6235, #1588, #3761, #4310, #415, #284 ),
 .UNSPECIFIED., .F., .F.,
 ( 4, 2, 4 ),
 ( 0.000000000000000000, 0.0008111888087532615312, 0.001622377617506523062 ),
 .UNSPECIFIED. ) ;
#1279 = CARTESIAN_POINT ( 'NONE',  ( 7.999999999999994671, 7.600000000000001421, 13.61194688593824509 ) ) ;
#1280 = CARTESIAN_POINT ( 'NONE',  ( -11.81967221722644013, 9.556102495749826176, -10.73817995984355811 ) ) ;
#1281 = CARTESIAN_POINT ( 'NONE',  ( 10.99200138461256060, 9.870829032874269160, 12.40621494698569904 ) ) ;
#1282 = EDGE_CURVE ( 'NONE', #4572, #1172, #7622, .T. ) ;
#1283 = CARTESIAN_POINT ( 'NONE',  ( -12.97221855253982525, 7.802332139189678273, -8.450628840194264413 ) ) ;
#1284 = VERTEX_POINT ( 'NONE', #2693 ) ;
#1285 = CARTESIAN_POINT ( 'NONE',  ( 13.09261806874822831, 8.500000000000008882, 8.900000000000000355 ) ) ;
#1286 = VERTEX_POINT ( 'NONE', #5358 ) ;
#1287 = CIRCLE ( 'NONE', #6201, 0.5000000000000031086 ) ;
#1288 = CARTESIAN_POINT ( 'NONE',  ( -14.81208241069597342, 13.34643765900118062, -8.389767275976332428 ) ) ;
#1289 = ORIENTED_EDGE ( 'NONE', *, *, #4285, .T. ) ;
#1290 = FACE_OUTER_BOUND ( 'NONE', #4084, .T. ) ;
#1291 = CARTESIAN_POINT ( 'NONE',  ( -12.40620606036339524, 9.870783871992738767, 10.99199249799026035 ) ) ;
#1292 = DIRECTION ( 'NONE',  ( 0.000000000000000000, 0.000000000000000000, -1.000000000000000000 ) ) ;
#1293 = CARTESIAN_POINT ( 'NONE',  ( 19.51227917112720789, 9.704922051073163303, 4.744118203045352367 ) ) ;
#1294 = AXIS2_PLACEMENT_3D ( 'NONE', #2788, #4751, #8052 ) ;
#1295 = AXIS2_PLACEMENT_3D ( 'NONE', #1480, #8028, #1395 ) ;
#1296 = EDGE_CURVE ( 'NONE', #2377, #1404, #6579, .T. ) ;
#1297 = DIRECTION ( 'NONE',  ( 0.6813100476940172623, -0.2676438637860938941, 0.6813100476940192607 ) ) ;
#1298 = EDGE_CURVE ( 'NONE', #7705, #6347, #5333, .T. ) ;
#1299 = ORIENTED_EDGE ( 'NONE', *, *, #2536, .T. ) ;
#1300 = CARTESIAN_POINT ( 'NONE',  ( -14.29338720761957404, 12.54014657956790835, -8.824077831548116535 ) ) ;
#1301 = B_SPLINE_CURVE_WITH_KNOTS ( 'NONE', 3,
 ( #1033, #2929, #294, #5594, #7576, #4276, #8310, #939, #2972, #5638 ),
 .UNSPECIFIED., .F., .F.,
 ( 4, 2, 2, 2, 4 ),
 ( 0.000000000000000000, 0.0003181914351142949124, 0.0006363828702285898248, 0.0009545743053428847914, 0.001272765740457179650 ),
 .UNSPECIFIED. ) ;
#1302 = CARTESIAN_POINT ( 'NONE',  ( 8.824077831548116535, 12.54014657956790657, -14.29338720761957582 ) ) ;
#1303 = CARTESIAN_POINT ( 'NONE',  ( 0.000000000000000000, 13.40000000000000036, 3.886556190601316803E-15 ) ) ;
#1304 = DIRECTION ( 'NONE',  ( -0.7071067811865474617, 0.000000000000000000, 0.7071067811865474617 ) ) ;
#1305 = AXIS2_PLACEMENT_3D ( 'NONE', #2508, #6439, #7203 ) ;
#1306 = CARTESIAN_POINT ( 'NONE',  ( -8.613724413191842899, 13.18701989444667433, -15.22955656666980673 ) ) ;
#1307 = AXIS2_PLACEMENT_3D ( 'NONE', #7184, #470, #554 ) ;
#1308 = VERTEX_POINT ( 'NONE', #6423 ) ;
#1309 = ADVANCED_FACE ( 'NONE', ( #5819 ), #7630, .T. ) ;
#1310 = CARTESIAN_POINT ( 'NONE',  ( 16.60616015476926322, 16.49999999999999645, -2.033668087966649209E-15 ) ) ;
#1311 = EDGE_CURVE ( 'NONE', #6854, #2531, #7915, .T. ) ;
#1312 = AXIS2_PLACEMENT_3D ( 'NONE', #5558, #303, #3692 ) ;
#1313 = AXIS2_PLACEMENT_3D ( 'NONE', #4547, #1828, #5205 ) ;
#1314 = DIRECTION ( 'NONE',  ( 0.000000000000000000, 1.000000000000000000, -0.000000000000000000 ) ) ;
#1315 = CARTESIAN_POINT ( 'NONE',  ( -13.49329992865039252, 7.764534032041117584, -8.173903765822794654 ) ) ;
#1316 = ORIENTED_EDGE ( 'NONE', *, *, #549, .F. ) ;
#1317 = CARTESIAN_POINT ( 'NONE',  ( -8.749999999999998224, 9.831370049161742841, -13.53979913340334207 ) ) ;
#1318 = ORIENTED_EDGE ( 'NONE', *, *, #4468, .F. ) ;
#1319 = AXIS2_PLACEMENT_3D ( 'NONE', #5963, #7819, #8459 ) ;
#1320 = CARTESIAN_POINT ( 'NONE',  ( -14.65974925560509767, 12.49999999999999289, -8.900000000000003908 ) ) ;
#1321 = CYLINDRICAL_SURFACE ( 'NONE', #3463, 0.4999999999999994449 ) ;
#1322 = ORIENTED_EDGE ( 'NONE', *, *, #8021, .T. ) ;
#1323 = VECTOR ( 'NONE', #950, 1000.000000000000000 ) ;
#1324 = CARTESIAN_POINT ( 'NONE',  ( -8.761024880887465116, 12.50814509076107939, 14.92852743426257867 ) ) ;
#1325 = DIRECTION ( 'NONE',  ( -0.000000000000000000, -1.000000000000000000, -0.000000000000000000 ) ) ;
#1326 = ORIENTED_EDGE ( 'NONE', *, *, #5966, .T. ) ;
#1327 = CARTESIAN_POINT ( 'NONE',  ( -13.98051959650160292, 11.16487927768769595, 8.749999999999998224 ) ) ;
#1328 = DIRECTION ( 'NONE',  ( 0.000000000000000000, 1.000000000000000000, 2.168404344971010347E-16 ) ) ;
#1329 = EDGE_LOOP ( 'NONE', ( #1762, #377, #903, #785 ) ) ;
#1330 = CARTESIAN_POINT ( 'NONE',  ( 12.38882744790693202, 11.50004516124002052, 11.68172066672043030 ) ) ;
#1331 = CARTESIAN_POINT ( 'NONE',  ( 14.33471518854417859, 12.52665513958391408, -8.750000000000003553 ) ) ;
#1332 = CARTESIAN_POINT ( 'NONE',  ( -15.55296868683377909, 13.25000000000067679, -8.052420073413992796 ) ) ;
#1333 = EDGE_CURVE ( 'NONE', #8501, #3743, #1221, .T. ) ;
#1334 = CARTESIAN_POINT ( 'NONE',  ( 8.818579885930128981, 8.421355707417873759, 12.93330724439603863 ) ) ;
#1335 = CARTESIAN_POINT ( 'NONE',  ( 8.796805262703585981, 12.79220918280921104, -14.39250129526283040 ) ) ;
#1336 = VERTEX_POINT ( 'NONE', #6566 ) ;
#1337 = FACE_OUTER_BOUND ( 'NONE', #2724, .T. ) ;
#1338 = DIRECTION ( 'NONE',  ( 0.6813100476940172623, -0.2676438637860938941, 0.6813100476940192607 ) ) ;
#1339 = CARTESIAN_POINT ( 'NONE',  ( 13.46309704045871314, 8.459853420432093429, 8.980199218265399352 ) ) ;
#1340 = CARTESIAN_POINT ( 'NONE',  ( 8.750000000000003553, 8.500000000000007105, 13.09261806874822653 ) ) ;
#1341 = DIRECTION ( 'NONE',  ( 0.000000000000000000, 0.000000000000000000, 1.000000000000000000 ) ) ;
#1342 = FACE_OUTER_BOUND ( 'NONE', #5477, .T. ) ;
#1343 = DIRECTION ( 'NONE',  ( 0.000000000000000000, 0.000000000000000000, 1.000000000000000000 ) ) ;
#1344 = FACE_OUTER_BOUND ( 'NONE', #8213, .T. ) ;
#1345 = CARTESIAN_POINT ( 'NONE',  ( 16.84151803186457386, 11.18634183716798880, 7.996835995936630859 ) ) ;
#1346 = ADVANCED_FACE ( 'NONE', ( #7245 ), #3955, .F. ) ;
#1347 = CARTESIAN_POINT ( 'NONE',  ( 14.88223505255094459, 12.71157885175985847, 8.946758881100828731 ) ) ;
#1348 = DIRECTION ( 'NONE',  ( 0.000000000000000000, 0.000000000000000000, 1.000000000000000000 ) ) ;
#1349 = CARTESIAN_POINT ( 'NONE',  ( -14.72133013963436277, 12.26969374711711502, 8.975234794127933569 ) ) ;
#1350 = CARTESIAN_POINT ( 'NONE',  ( -14.41636719170869796, 12.49999999999999112, 8.749999999999998224 ) ) ;
#1351 = ADVANCED_FACE ( 'NONE', ( #5768 ), #1122, .F. ) ;
#1352 = AXIS2_PLACEMENT_3D ( 'NONE', #1761, #3220, #7011 ) ;
#1353 = ORIENTED_EDGE ( 'NONE', *, *, #7017, .T. ) ;
#1354 = ADVANCED_FACE ( 'NONE', ( #7227 ), #5904, .F. ) ;
#1355 = CARTESIAN_POINT ( 'NONE',  ( -12.28641834664126442, 11.13020090498585546, -10.87220478426820414 ) ) ;
#1356 = CARTESIAN_POINT ( 'NONE',  ( 12.60705276745988357, 11.05603359937935082, 12.25349937675876433 ) ) ;
#1357 = CARTESIAN_POINT ( 'NONE',  ( 15.04291915982735439, 13.25000000000023270, 7.908169986683669883 ) ) ;
#1358 = CARTESIAN_POINT ( 'NONE',  ( -15.08967093049028740, 13.44014657956791581, -7.932747726257774801 ) ) ;
#1359 = ORIENTED_EDGE ( 'NONE', *, *, #8383, .T. ) ;
#1360 = DIRECTION ( 'NONE',  ( 0.9510448246105653869, -0.3090529753641901856, 0.000000000000000000 ) ) ;
#1361 = ORIENTED_EDGE ( 'NONE', *, *, #4245, .F. ) ;
#1362 = CARTESIAN_POINT ( 'NONE',  ( -8.822756670269287227, 11.49450147501797481, 13.95188131918266095 ) ) ;
#1363 = ORIENTED_EDGE ( 'NONE', *, *, #6799, .T. ) ;
#1364 = ORIENTED_EDGE ( 'NONE', *, *, #7853, .T. ) ;
#1365 = EDGE_CURVE ( 'NONE', #4487, #7852, #6987, .T. ) ;
#1366 = CARTESIAN_POINT ( 'NONE',  ( -12.62841106462136587, 11.00004516124001697, -11.21419750224831269 ) ) ;
#1367 = CIRCLE ( 'NONE', #8457, 0.1500000000000002720 ) ;
#1368 = DIRECTION ( 'NONE',  ( 0.000000000000000000, 0.000000000000000000, 1.000000000000000000 ) ) ;
#1369 = CARTESIAN_POINT ( 'NONE',  ( 14.14213562373099009, 10.99999999999999645, -15.55634918610403439 ) ) ;
#1370 = DIRECTION ( 'NONE',  ( 0.6813100476940173733, -0.2676438637860939496, 0.6813100476940192607 ) ) ;
#1371 = AXIS2_PLACEMENT_3D ( 'NONE', #8431, #416, #8347 ) ;
#1372 = B_SPLINE_CURVE_WITH_KNOTS ( 'NONE', 3,
 ( #2680, #7860, #6654, #6001, #1355, #4044 ),
 .UNSPECIFIED., .F., .F.,
 ( 4, 2, 4 ),
 ( 0.0007962207993994271232, 0.001195811605096542933, 0.001595402410793658960 ),
 .UNSPECIFIED. ) ;
#1373 = CARTESIAN_POINT ( 'NONE',  ( -15.09104191705578124, 13.25000000000000355, -8.200612716380739187 ) ) ;
#1374 = EDGE_CURVE ( 'NONE', #4288, #8330, #1078, .T. ) ;
#1375 = FACE_OUTER_BOUND ( 'NONE', #1708, .T. ) ;
#1376 = CARTESIAN_POINT ( 'NONE',  ( 13.22499999999999964, 16.51447992314274771, -1.619595391872374543E-15 ) ) ;
#1377 = VECTOR ( 'NONE', #5253, 1000.000000000000000 ) ;
#1378 = LINE ( 'NONE', #4105, #5928 ) ;
#1379 = ORIENTED_EDGE ( 'NONE', *, *, #5586, .F. ) ;
#1380 = CARTESIAN_POINT ( 'NONE',  ( -15.11196074641865827, 12.89209278444539208, 8.655431001689128934 ) ) ;
#1381 = DIRECTION ( 'NONE',  ( 0.000000000000000000, 0.000000000000000000, 1.000000000000000000 ) ) ;
#1382 = DIRECTION ( 'NONE',  ( 0.000000000000000000, -1.000000000000000000, 0.000000000000000000 ) ) ;
#1383 = TOROIDAL_SURFACE ( 'NONE', #6969, 15.58119224487254328, 0.1499999999999999944 ) ;
#1384 = VERTEX_POINT ( 'NONE', #3814 ) ;
#1385 = DIRECTION ( 'NONE',  ( -0.7071067811865487940, -0.000000000000000000, 0.7071067811865463515 ) ) ;
#1386 = AXIS2_PLACEMENT_3D ( 'NONE', #5803, #5886, #2555 ) ;
#1387 = CARTESIAN_POINT ( 'NONE',  ( 8.355962512790537033, 7.833232447629817408, 13.38501479023436147 ) ) ;
#1388 = CARTESIAN_POINT ( 'NONE',  ( 8.034504386955234168, 7.743174061429614063, 13.21490561396561425 ) ) ;
#1389 = EDGE_CURVE ( 'NONE', #4853, #4559, #6392, .T. ) ;
#1390 = CARTESIAN_POINT ( 'NONE',  ( 8.749999999996314060, 11.06832986508143080, -14.47168223084162264 ) ) ;
#1391 = CARTESIAN_POINT ( 'NONE',  ( -13.34286252986123245, 8.500000000000007105, -8.750000000000001776 ) ) ;
#1392 = VERTEX_POINT ( 'NONE', #5150 ) ;
#1393 = VECTOR ( 'NONE', #4694, 1000.000000000000000 ) ;
#1394 = ORIENTED_EDGE ( 'NONE', *, *, #4081, .T. ) ;
#1395 = DIRECTION ( 'NONE',  ( 0.000000000000000000, 0.000000000000000000, -1.000000000000000000 ) ) ;
#1396 = CIRCLE ( 'NONE', #6290, 7.000000000000000000 ) ;
#1397 = EDGE_CURVE ( 'NONE', #2575, #8046, #427, .T. ) ;
#1398 = EDGE_CURVE ( 'NONE', #7113, #299, #674, .T. ) ;
#1399 = FACE_OUTER_BOUND ( 'NONE', #836, .T. ) ;
#1400 = FACE_BOUND ( 'NONE', #3603, .T. ) ;
#1401 = ORIENTED_EDGE ( 'NONE', *, *, #798, .T. ) ;
#1402 = CARTESIAN_POINT ( 'NONE',  ( 8.857535505476391791, 7.990468327341426757, -13.38810533673354719 ) ) ;
#1403 = CARTESIAN_POINT ( 'NONE',  ( -21.00000000000002132, 8.500000000000007105, 8.749999999999998224 ) ) ;
#1404 = VERTEX_POINT ( 'NONE', #6460 ) ;
#1405 = DIRECTION ( 'NONE',  ( 0.7071067811902367328, 1.878589876251150727E-11, -0.7071067811828583016 ) ) ;
#1406 = AXIS2_PLACEMENT_3D ( 'NONE', #7174, #5805, #3086 ) ;
#1407 = FACE_OUTER_BOUND ( 'NONE', #5166, .T. ) ;
#1408 = FACE_BOUND ( 'NONE', #7916, .T. ) ;
#1409 = CARTESIAN_POINT ( 'NONE',  ( -8.099993220059733545, 7.749999999999998224, 13.78208468598914571 ) ) ;
#1410 = EDGE_CURVE ( 'NONE', #2091, #437, #113, .T. ) ;
#1411 = CARTESIAN_POINT ( 'NONE',  ( 8.377391905626513591, 13.32885855960734567, -14.81246661917089114 ) ) ;
#1412 = CARTESIAN_POINT ( 'NONE',  ( -12.90857847512210377, 8.298496373073385612, 8.794315985925399204 ) ) ;
#1413 = DIRECTION ( 'NONE',  ( -0.000000000000000000, -1.000000000000000000, 0.000000000000000000 ) ) ;
#1414 = VERTEX_POINT ( 'NONE', #1165 ) ;
#1415 = ORIENTED_EDGE ( 'NONE', *, *, #4986, .T. ) ;
#1416 = CARTESIAN_POINT ( 'NONE',  ( -8.824077831548111206, 12.54014657956790657, -14.29338720761957937 ) ) ;
#1417 = CARTESIAN_POINT ( 'NONE',  ( -12.65405781562492571, 11.13038801458236904, -11.23984425325186720 ) ) ;
#1418 = DIRECTION ( 'NONE',  ( 0.000000000000000000, 1.000000000000000000, 0.000000000000000000 ) ) ;
#1419 = EDGE_CURVE ( 'NONE', #1967, #5108, #6508, .T. ) ;
#1420 = FACE_OUTER_BOUND ( 'NONE', #6701, .T. ) ;
#1421 = CARTESIAN_POINT ( 'NONE',  ( 0.000000000000000000, 7.874999999999998224, 6.871931816258391557 ) ) ;
#1422 = CARTESIAN_POINT ( 'NONE',  ( 4.201174670048175278E-15, 15.49999999999999467, 8.402349340096355288E-15 ) ) ;
#1423 = CYLINDRICAL_SURFACE ( 'NONE', #405, 0.7500000000000006661 ) ;
#1424 = ORIENTED_EDGE ( 'NONE', *, *, #3251, .F. ) ;
#1425 = CARTESIAN_POINT ( 'NONE',  ( 13.90174206280217284, 11.19623204296339480, -8.750000000000001776 ) ) ;
#1426 = AXIS2_PLACEMENT_3D ( 'NONE', #2438, #7027, #6244 ) ;
#1427 = CARTESIAN_POINT ( 'NONE',  ( 8.617692080985365877, 8.064230066280101639, 13.57003270634237246 ) ) ;
#1428 = CARTESIAN_POINT ( 'NONE',  ( 8.644104815981238588, 12.89695940036001431, 14.89011991898615328 ) ) ;
#1429 = VECTOR ( 'NONE', #2054, 1000.000000000000000 ) ;
#1430 = AXIS2_PLACEMENT_3D ( 'NONE', #8564, #7224, #7881 ) ;
#1431 = DATE_AND_TIME ( #4763, #2582 ) ;
#1432 = CARTESIAN_POINT ( 'NONE',  ( -14.55699867574624307, 12.96702303161604775, 8.619788718349520096 ) ) ;
#1433 = ORIENTED_EDGE ( 'NONE', *, *, #5147, .F. ) ;
#1434 = EDGE_CURVE ( 'NONE', #2978, #363, #5104, .T. ) ;
#1435 = AXIS2_PLACEMENT_3D ( 'NONE', #6603, #692, #8488 ) ;
#1436 = CARTESIAN_POINT ( 'NONE',  ( -12.93360325590113824, 8.422239567526466075, 8.818581150699406734 ) ) ;
#1437 = DIRECTION ( 'NONE',  ( -0.7071067811865463515, -0.000000000000000000, -0.7071067811865487940 ) ) ;
#1438 = VERTEX_POINT ( 'NONE', #3149 ) ;
#1439 = CARTESIAN_POINT ( 'NONE',  ( -8.471124440134362388, 13.11806047648825668, 15.28794578648235536 ) ) ;
#1440 = CYLINDRICAL_SURFACE ( 'NONE', #1173, 0.7500000000000006661 ) ;
#1441 = VERTEX_POINT ( 'NONE', #1866 ) ;
#1442 = CARTESIAN_POINT ( 'NONE',  ( -8.196010581980219811, 13.23013748590532401, -15.32066171876046745 ) ) ;
#1443 = ORIENTED_EDGE ( 'NONE', *, *, #513, .F. ) ;
#1444 = AXIS2_PLACEMENT_3D ( 'NONE', #1141, #1800, #3834 ) ;
#1445 = FACE_OUTER_BOUND ( 'NONE', #8238, .T. ) ;
#1446 = ORIENTED_EDGE ( 'NONE', *, *, #1333, .T. ) ;
#1447 = DIRECTION ( 'NONE',  ( 0.7071067811902390643, 1.878589876251150727E-11, -0.7071067811828559702 ) ) ;
#1448 = VERTEX_POINT ( 'NONE', #3188 ) ;
#1449 = EDGE_CURVE ( 'NONE', #6418, #6567, #4451, .T. ) ;
#1450 = CARTESIAN_POINT ( 'NONE',  ( 14.88674526411352517, 12.89282570282471418, -8.646609089362746303 ) ) ;
#1451 = CARTESIAN_POINT ( 'NONE',  ( -8.738144137826028057, 8.327313230534542754, 13.58075849978835947 ) ) ;
#1452 = LOCAL_TIME ( 10, 30, 1.000000000000000000, #4279 ) ;
#1453 = CARTESIAN_POINT ( 'NONE',  ( -12.06400419551797043, 10.00000000000000355, 10.64979063314483732 ) ) ;
#1454 = CARTESIAN_POINT ( 'NONE',  ( 8.824239899341428384, 12.67034420679756401, -14.33578991974747652 ) ) ;
#1455 = DIRECTION ( 'NONE',  ( 0.000000000000000000, 0.000000000000000000, -1.000000000000000000 ) ) ;
#1456 = DIRECTION ( 'NONE',  ( 0.7071067811865485719, 0.000000000000000000, -0.7071067811865465735 ) ) ;
#1457 = ORIENTED_EDGE ( 'NONE', *, *, #6283, .T. ) ;
#1458 = DIRECTION ( 'NONE',  ( -0.000000000000000000, -1.000000000000000000, -0.000000000000000000 ) ) ;
#1459 = ADVANCED_FACE ( 'NONE', ( #2486 ), #5863, .F. ) ;
#1460 = ADVANCED_FACE ( 'NONE', ( #5199 ), #4539, .T. ) ;
#1461 = B_SPLINE_CURVE_WITH_KNOTS ( 'NONE', 3,
 ( #4145, #6802, #3987, #1993, #6638, #2665, #5330, #2329, #1633, #3006 ),
 .UNSPECIFIED., .F., .F.,
 ( 4, 2, 2, 2, 4 ),
 ( 0.000000000000000000, 0.0003723559986007047261, 0.0007447119972014094522, 0.001117067995802112660, 0.001489423994402815652 ),
 .UNSPECIFIED. ) ;
#1462 = CARTESIAN_POINT ( 'NONE',  ( 11.71913493359217462, 9.499999999999998224, -10.82528558496550275 ) ) ;
#1463 = CARTESIAN_POINT ( 'NONE',  ( 8.975118759127164836, 12.36476963144511387, 14.75232311859087631 ) ) ;
#1464 = CARTESIAN_POINT ( 'NONE',  ( -14.96308990633855629, 12.60804184665016514, 8.756299999248943422 ) ) ;
#1465 =( BOUNDED_SURFACE ( )  B_SPLINE_SURFACE ( 3, 2, ( 
 ( #1022, #3717, #6887 ),
 ( #892, #7702, #6365 ),
 ( #3047, #369, #3583 ),
 ( #1721, #8214, #7058 ),
 ( #2920, #4401, #1064 ),
 ( #5581, #2238, #4923 ),
 ( #7567, #6930, #3175 ),
 ( #7917, #5136, #5976 ) ),
 .UNSPECIFIED., .F., .F., .F. ) 
 B_SPLINE_SURFACE_WITH_KNOTS ( ( 4, 2, 2, 4 ),
 ( 3, 3 ),
 ( 5.421010862427522170E-20, 0.0003716120819214045615, 0.0007432241638428091230, 0.001486448327685618246 ),
 ( 0.000000000000000000, 1.000000000000000000 ),
 .UNSPECIFIED. ) 
 GEOMETRIC_REPRESENTATION_ITEM ( )  RATIONAL_B_SPLINE_SURFACE ( (
 ( 1.000000000000000000, 0.8779725897198056295, 1.000000000000000000),
 ( 1.000000000000000000, 0.8883329342389416627, 1.000000000000000000),
 ( 1.000000000000000000, 0.8943285700269584249, 1.000000000000000000),
 ( 1.000000000000000000, 0.8958370413390940312, 1.000000000000000000),
 ( 1.000000000000000000, 0.8913729047510247083, 1.000000000000000000),
 ( 1.000000000000000000, 0.8653261271547058042, 1.000000000000000000),
 ( 1.000000000000000000, 0.8328976042031617233, 1.000000000000000000),
 ( 1.000000000000000000, 0.7961293436955120262, 1.000000000000000000) ) ) 
 REPRESENTATION_ITEM ( '' )  SURFACE ( )  );
#1466 = CARTESIAN_POINT ( 'NONE',  ( 8.750000000000003553, 12.52665513958391585, -14.33471518854417681 ) ) ;
#1467 = EDGE_LOOP ( 'NONE', ( #3973, #6992 ) ) ;
#1468 = ORIENTED_EDGE ( 'NONE', *, *, #5861, .F. ) ;
#1469 = LINE ( 'NONE', #4801, #2925 ) ;
#1470 = CARTESIAN_POINT ( 'NONE',  ( 14.14213562373093680, 10.00004516124002407, 15.55634918610408235 ) ) ;
#1471 = ORIENTED_EDGE ( 'NONE', *, *, #2965, .T. ) ;
#1472 = EDGE_CURVE ( 'NONE', #4780, #1384, #7638, .T. ) ;
#1473 = LINE ( 'NONE', #4151, #3972 ) ;
#1474 = CARTESIAN_POINT ( 'NONE',  ( 8.451203170162944645, 13.10652940250565912, 15.10459908574242149 ) ) ;
#1475 = CARTESIAN_POINT ( 'NONE',  ( 8.976625077552391474, 11.12483098435959228, -14.34847627375111401 ) ) ;
#1476 = CARTESIAN_POINT ( 'NONE',  ( -14.96342695255404109, 13.44014652644454877, 8.172888960819321369 ) ) ;
#1477 = ORIENTED_EDGE ( 'NONE', *, *, #1875, .F. ) ;
#1478 = ADVANCED_FACE ( 'NONE', ( #7884 ), #2191, .T. ) ;
#1479 = DIRECTION ( 'NONE',  ( -0.4653245021538046089, -0.000000000000000000, -0.8851401627399549943 ) ) ;
#1480 = CARTESIAN_POINT ( 'NONE',  ( -21.00000000000002132, 12.50000000000000000, -8.000000000000001776 ) ) ;
#1481 = DIRECTION ( 'NONE',  ( -0.1892527910123302792, -0.9635179096299408830, -0.1892527910399008084 ) ) ;
#1482 = CARTESIAN_POINT ( 'NONE',  ( -13.73654834780745837, 7.559853420432087745, 8.073230648290531164 ) ) ;
#1483 = CARTESIAN_POINT ( 'NONE',  ( 0.000000000000000000, 7.874999999999998224, 0.000000000000000000 ) ) ;
#1484 = EDGE_LOOP ( 'NONE', ( #5887, #4332, #4069, #6063 ) ) ;
#1485 = CARTESIAN_POINT ( 'NONE',  ( 8.356280993867429174, 7.833270834070211741, -13.38479989127069203 ) ) ;
#1486 = ORIENTED_EDGE ( 'NONE', *, *, #307, .F. ) ;
#1487 = LINE ( 'NONE', #2138, #7804 ) ;
#1488 = VERTEX_POINT ( 'NONE', #1253 ) ;
#1489 = CARTESIAN_POINT ( 'NONE',  ( -10.84658306055590771, 10.99999999999999645, 12.26079662292896444 ) ) ;
#1490 = CIRCLE ( 'NONE', #6800, 2.811851371712978054 ) ;
#1491 = LINE ( 'NONE', #7512, #3119 ) ;
#1492 = DIRECTION ( 'NONE',  ( 0.7071067811865484609, 0.000000000000000000, -0.7071067811865465735 ) ) ;
#1493 = CARTESIAN_POINT ( 'NONE',  ( 5.097671593693066328, 9.704922051056698251, 19.15872578047298802 ) ) ;
#1494 = ORIENTED_EDGE ( 'NONE', *, *, #4995, .F. ) ;
#1495 = EDGE_CURVE ( 'NONE', #1438, #5351, #103, .T. ) ;
#1496 = CYLINDRICAL_SURFACE ( 'NONE', #2659, 2.991318522074773334 ) ;
#1497 = AXIS2_PLACEMENT_3D ( 'NONE', #6417, #4412, #8400 ) ;
#1498 = ORIENTED_EDGE ( 'NONE', *, *, #6541, .F. ) ;
#1499 = CARTESIAN_POINT ( 'NONE',  ( -7.932747726257960430, 13.44014657956864056, -15.08967093049043129 ) ) ;
#1500 = CARTESIAN_POINT ( 'NONE',  ( 14.65974925560509590, 12.49999999999999467, -8.750000000000001776 ) ) ;
#1501 = CARTESIAN_POINT ( 'NONE',  ( 11.68172066672038589, 11.50004516124002052, 12.38882744790696933 ) ) ;
#1502 = CIRCLE ( 'NONE', #6956, 0.5000000000000004441 ) ;
#1503 = DIRECTION ( 'NONE',  ( 0.000000000000000000, 0.000000000000000000, 1.000000000000000000 ) ) ;
#1504 = CARTESIAN_POINT ( 'NONE',  ( 0.000000000000000000, 16.49999999999999645, 0.000000000000000000 ) ) ;
#1505 = LINE ( 'NONE', #4189, #6043 ) ;
#1506 = ADVANCED_FACE ( 'NONE', ( #29 ), #3406, .F. ) ;
#1507 = EDGE_CURVE ( 'NONE', #4423, #4730, #2779, .T. ) ;
#1508 = CARTESIAN_POINT ( 'NONE',  ( -8.750000000013212542, 9.730057129898954216, 14.03587582700042269 ) ) ;
#1509 = DIRECTION ( 'NONE',  ( -0.000000000000000000, -0.000000000000000000, 1.000000000000000000 ) ) ;
#1510 = CARTESIAN_POINT ( 'NONE',  ( 12.39543897012401175, 11.77867203159241427, 12.74899236063012076 ) ) ;
#1511 = VECTOR ( 'NONE', #2166, 1000.000000000000000 ) ;
#1512 = CARTESIAN_POINT ( 'NONE',  ( 5.597104675785064209, -23.17234933597579172, 5.597104675671378260 ) ) ;
#1513 = ORIENTED_EDGE ( 'NONE', *, *, #336, .T. ) ;
#1514 = CARTESIAN_POINT ( 'NONE',  ( 8.196010581980225140, 13.23013748590533112, 15.32066171876046567 ) ) ;
#1515 = ADVANCED_FACE ( 'NONE', ( #1342 ), #3114, .T. ) ;
#1516 = CARTESIAN_POINT ( 'NONE',  ( 8.750000000000003553, 9.831481917026627215, -13.78744740362697208 ) ) ;
#1517 = DIRECTION ( 'NONE',  ( 0.000000000000000000, -1.000000000000000000, 0.000000000000000000 ) ) ;
#1518 = ORIENTED_EDGE ( 'NONE', *, *, #3291, .F. ) ;
#1519 = CARTESIAN_POINT ( 'NONE',  ( -12.64495718987100581, 11.25649900083778476, 11.30310072173160307 ) ) ;
#1520 = DIRECTION ( 'NONE',  ( 0.000000000000000000, 1.000000000000000000, 0.000000000000000000 ) ) ;
#1521 = CARTESIAN_POINT ( 'NONE',  ( -12.19122869614246163, 11.44337233328919545, 11.10880033392873401 ) ) ;
#1522 = PLANE ( 'NONE',  #8263 ) ;
#1523 = VERTEX_POINT ( 'NONE', #7407 ) ;
#1524 = AXIS2_PLACEMENT_3D ( 'NONE', #7720, #5780, #4454 ) ;
#1525 = CARTESIAN_POINT ( 'NONE',  ( 8.955848606822367941, 8.217529388980933547, -13.39847186156535841 ) ) ;
#1526 = CARTESIAN_POINT ( 'NONE',  ( -13.24903177467703408, 7.764965620696889559, -8.175070468196878437 ) ) ;
#1527 = ORIENTED_EDGE ( 'NONE', *, *, #4713, .F. ) ;
#1528 = DIRECTION ( 'NONE',  ( -0.7071067811865482389, 0.000000000000000000, 0.7071067811865467956 ) ) ;
#1529 = FACE_OUTER_BOUND ( 'NONE', #3101, .T. ) ;
#1530 = AXIS2_PLACEMENT_3D ( 'NONE', #4703, #6191, #6712 ) ;
#1531 = CARTESIAN_POINT ( 'NONE',  ( -8.587380124079563970, 12.97584934340082263, 14.72000357673993776 ) ) ;
#1532 = DIRECTION ( 'NONE',  ( 0.000000000000000000, -1.000000000000000000, 0.000000000000000000 ) ) ;
#1533 = CARTESIAN_POINT ( 'NONE',  ( 13.09261806874822831, 8.500000000000007105, -8.750000000000001776 ) ) ;
#1534 = ORIENTED_EDGE ( 'NONE', *, *, #4771, .F. ) ;
#1535 = DIRECTION ( 'NONE',  ( 0.000000000000000000, 0.000000000000000000, 1.000000000000000000 ) ) ;
#1536 = AXIS2_PLACEMENT_3D ( 'NONE', #5564, #221, #5700 ) ;
#1537 = ORIENTED_EDGE ( 'NONE', *, *, #3352, .T. ) ;
#1538 =( BOUNDED_SURFACE ( )  B_SPLINE_SURFACE ( 3, 2, ( 
 ( #5266, #4606, #5969 ),
 ( #6816, #2116, #809 ),
 ( #5377, #3495, #1347 ),
 ( #4679, #6684, #2030 ),
 ( #78, #6158, #644 ),
 ( #4714, #7371, #7935 ),
 ( #2753, #4114, #7278 ),
 ( #5415, #1595, #6202 ) ),
 .UNSPECIFIED., .F., .F., .F. ) 
 B_SPLINE_SURFACE_WITH_KNOTS ( ( 4, 2, 2, 4 ),
 ( 3, 3 ),
 ( -1.680513367352531873E-18, 0.0004036688787783281399, 0.0008073377575566580144, 0.001614675515113317764 ),
 ( 0.000000000000000000, 1.000000000000000000 ),
 .UNSPECIFIED. ) 
 GEOMETRIC_REPRESENTATION_ITEM ( )  RATIONAL_B_SPLINE_SURFACE ( (
 ( 1.000000000000000000, 0.4999891725456191427, 1.000000000000000000),
 ( 1.000000000000000000, 0.5197078490997717459, 1.000000000000000000),
 ( 1.000000000000000000, 0.5456012001867431849, 1.000000000000000000),
 ( 1.000000000000000000, 0.5997498632868139001, 1.000000000000000000),
 ( 1.000000000000000000, 0.6280861849768413219, 1.000000000000000000),
 ( 1.000000000000000000, 0.7090358915268450968, 1.000000000000000000),
 ( 1.000000000000000000, 0.7588536844509654600, 1.000000000000000000),
 ( 1.000000000000000000, 0.7961293436954848257, 1.000000000000000000) ) ) 
 REPRESENTATION_ITEM ( '' )  SURFACE ( )  );
#1539 = CARTESIAN_POINT ( 'NONE',  ( 13.73654834780746015, 7.559853420432087745, 8.073230648290532940 ) ) ;
#1540 = DIRECTION ( 'NONE',  ( -1.000000000000000000, 0.000000000000000000, -0.000000000000000000 ) ) ;
#1541 = CARTESIAN_POINT ( 'NONE',  ( 13.09815870032676877, 7.878150682722417031, 8.431524371106688065 ) ) ;
#1542 = CARTESIAN_POINT ( 'NONE',  ( 14.14213562373099009, 10.00000000000000355, -15.55634918610403439 ) ) ;
#1543 = FACE_OUTER_BOUND ( 'NONE', #5971, .T. ) ;
#1544 = CARTESIAN_POINT ( 'NONE',  ( 8.822260737903242500, 11.11450008719849691, -13.82698582278498733 ) ) ;
#1545 = EDGE_LOOP ( 'NONE', ( #7659, #527, #3345, #2365, #7126 ) ) ;
#1546 = CARTESIAN_POINT ( 'NONE',  ( 0.000000000000000000, 7.749999999999998224, 0.000000000000000000 ) ) ;
#1547 = DIRECTION ( 'NONE',  ( 0.000000000000000000, 0.000000000000000000, -1.000000000000000000 ) ) ;
#1548 = ADVANCED_FACE ( 'NONE', ( #5409 ), #7280, .T. ) ;
#1549 = EDGE_CURVE ( 'NONE', #7715, #1336, #1461, .T. ) ;
#1550 = CARTESIAN_POINT ( 'NONE',  ( 8.137072679445548573, 7.640146572924926716, -13.12018597688915023 ) ) ;
#1551 = CARTESIAN_POINT ( 'NONE',  ( 8.725463172536970902, 12.71482775611408478, 14.76138205624057953 ) ) ;
#1552 = CARTESIAN_POINT ( 'NONE',  ( 11.62870035885070585, 9.500045161240020519, 10.92159357766420236 ) ) ;
#1553 = ORIENTED_EDGE ( 'NONE', *, *, #2051, .F. ) ;
#1554 = CARTESIAN_POINT ( 'NONE',  ( -12.43164150781003308, 10.00004516124002407, -11.01742794543697812 ) ) ;
#1555 = AXIS2_PLACEMENT_3D ( 'NONE', #5103, #5059, #4449 ) ;
#1556 = EDGE_LOOP ( 'NONE', ( #7837, #6112, #6904, #4015 ) ) ;
#1557 = ADVANCED_FACE ( 'NONE', ( #3584 ), #3667, .F. ) ;
#1558 = ADVANCED_FACE ( 'NONE', ( #6324 ), #424, .T. ) ;
#1559 = CARTESIAN_POINT ( 'NONE',  ( 8.086911769995008825, 7.750000000000002665, 13.55065124623707185 ) ) ;
#1560 = AXIS2_PLACEMENT_3D ( 'NONE', #4911, #3036, #1620 ) ;
#1561 = B_SPLINE_CURVE_WITH_KNOTS ( 'NONE', 3,
 ( #7255, #6096, #3967, #6624, #5312, #267, #2903, #3518, #958, #2221 ),
 .UNSPECIFIED., .F., .F.,
 ( 4, 2, 2, 2, 4 ),
 ( 0.000000000000000000, 0.0003181914351142957798, 0.0006363828702285906922, 0.0009545743053428855504, 0.001272765740457180517 ),
 .UNSPECIFIED. ) ;
#1562 = CARTESIAN_POINT ( 'NONE',  ( 13.98051959664421950, 11.16487927763968990, 8.749999999999998224 ) ) ;
#1563 = AXIS2_PLACEMENT_3D ( 'NONE', #2360, #6354, #358 ) ;
#1564 = DIRECTION ( 'NONE',  ( -0.7071067811865463515, -0.000000000000000000, -0.7071067811865487940 ) ) ;
#1565 = CARTESIAN_POINT ( 'NONE',  ( -12.26079662292900174, 10.99999999999999645, 10.84658306055586685 ) ) ;
#1566 = CARTESIAN_POINT ( 'NONE',  ( 12.19521000268852795, 10.66671105323900370, 10.78099644031547122 ) ) ;
#1567 = EDGE_LOOP ( 'NONE', ( #4893, #7768, #5240, #365 ) ) ;
#1568 = CARTESIAN_POINT ( 'NONE',  ( 10.64979063314487995, 10.00000000000000355, -12.06400419551793313 ) ) ;
#1569 = ORIENTED_EDGE ( 'NONE', *, *, #2633, .T. ) ;
#1570 = CIRCLE ( 'NONE', #7848, 2.811851371712976277 ) ;
#1571 = DIRECTION ( 'NONE',  ( -0.000000000000000000, -1.000000000000000000, -0.000000000000000000 ) ) ;
#1572 = CIRCLE ( 'NONE', #6471, 19.19999999999999929 ) ;
#1573 = EDGE_CURVE ( 'NONE', #2554, #7050, #3882, .T. ) ;
#1574 = DIRECTION ( 'NONE',  ( 0.000000000000000000, 0.000000000000000000, -1.000000000000000000 ) ) ;
#1575 = CARTESIAN_POINT ( 'NONE',  ( -8.648157251820526525, 8.108845755606996164, 13.26756979557901950 ) ) ;
#1576 = VECTOR ( 'NONE', #4286, 1000.000000000000000 ) ;
#1577 = CARTESIAN_POINT ( 'NONE',  ( -13.61316501057494754, 7.578629056975023204, -8.290471641223787103 ) ) ;
#1578 = CARTESIAN_POINT ( 'NONE',  ( 12.95314631857998400, 8.307667043738440782, -8.733406266119365213 ) ) ;
#1579 = ORIENTED_EDGE ( 'NONE', *, *, #5966, .F. ) ;
#1580 = CARTESIAN_POINT ( 'NONE',  ( -8.349861332235830602, 7.740398399099404969, 13.01708323365588527 ) ) ;
#1581 = EDGE_LOOP ( 'NONE', ( #7879, #589, #3635, #7149 ) ) ;
#1582 = B_SPLINE_CURVE_WITH_KNOTS ( 'NONE', 3,
 ( #3200, #5111, #7809, #2448, #2498, #6605, #3948, #7767, #1830, #5916 ),
 .UNSPECIFIED., .F., .F.,
 ( 4, 3, 3, 4 ),
 ( 0.000000000000000000, 0.0003000000171804524554, 0.001500001973123547177, 0.004212287932787167274 ),
 .UNSPECIFIED. ) ;
#1583 = CARTESIAN_POINT ( 'NONE',  ( 13.42368093700157949, 8.342133252336193294, 8.980362733744749804 ) ) ;
#1584 = AXIS2_PLACEMENT_3D ( 'NONE', #5175, #1325, #7169 ) ;
#1585 = CARTESIAN_POINT ( 'NONE',  ( 14.78329181874944176, 12.45985342043207922, -8.975003248201147699 ) ) ;
#1586 = CARTESIAN_POINT ( 'NONE',  ( -15.30138167409437422, 13.26516569961200176, -8.532180665313031653 ) ) ;
#1587 = VERTEX_POINT ( 'NONE', #4882 ) ;
#1588 = CARTESIAN_POINT ( 'NONE',  ( 14.86844073379256415, 12.72128775345137974, 8.974685649142241317 ) ) ;
#1589 = CARTESIAN_POINT ( 'NONE',  ( 0.000000000000000000, 9.500045161240020519, 0.000000000000000000 ) ) ;
#1590 = CIRCLE ( 'NONE', #3146, 0.5000000000000004441 ) ;
#1591 = CC_DESIGN_PERSON_AND_ORGANIZATION_ASSIGNMENT ( #6941, #5016, ( #6350 ) ) ;
#1592 = CYLINDRICAL_SURFACE ( 'NONE', #2648, 0.7500000000000006661 ) ;
#1593 = EDGE_LOOP ( 'NONE', ( #7759, #1858, #5685, #7588 ) ) ;
#1594 = FACE_OUTER_BOUND ( 'NONE', #2300, .T. ) ;
#1595 = CARTESIAN_POINT ( 'NONE',  ( 15.55296868683378264, 13.25000000000067502, 8.052420073413989243 ) ) ;
#1596 = CARTESIAN_POINT ( 'NONE',  ( 8.648376600419656057, 8.109214744792321738, -13.01792744404266422 ) ) ;
#1597 = ORIENTED_EDGE ( 'NONE', *, *, #5382, .F. ) ;
#1598 = CARTESIAN_POINT ( 'NONE',  ( 8.586110897162472000, 8.021434452352306010, 13.03308700979652102 ) ) ;
#1599 = CARTESIAN_POINT ( 'NONE',  ( 8.761046516183451871, 12.50831865138354537, 14.92856998448408845 ) ) ;
#1600 = EDGE_CURVE ( 'NONE', #7270, #2410, #4172, .T. ) ;
#1601 = CARTESIAN_POINT ( 'NONE',  ( 13.26020760016767319, 9.397436235609388788, 8.819971429984910571 ) ) ;
#1602 = ORIENTED_EDGE ( 'NONE', *, *, #1072, .T. ) ;
#1603 = DIRECTION ( 'NONE',  ( -0.8880362771229287633, 0.000000000000000000, 0.4597733903931904287 ) ) ;
#1604 = CARTESIAN_POINT ( 'NONE',  ( 13.09261806874832246, 8.499999999999980460, 8.750000000000000000 ) ) ;
#1605 = CARTESIAN_POINT ( 'NONE',  ( -14.03587582688284208, 9.730057129937881299, 8.749999999987984722 ) ) ;
#1606 = CARTESIAN_POINT ( 'NONE',  ( -12.97309164460348896, 8.540146579567924334, 8.818749239510209392 ) ) ;
#1607 = LINE ( 'NONE', #2264, #4120 ) ;
#1608 = ORIENTED_EDGE ( 'NONE', *, *, #7118, .F. ) ;
#1609 = EDGE_CURVE ( 'NONE', #4960, #3818, #4190, .T. ) ;
#1610 = CARTESIAN_POINT ( 'NONE',  ( 8.647049310778852416, 12.89208588240142994, -14.88614673452774184 ) ) ;
#1611 = EDGE_CURVE ( 'NONE', #2627, #4049, #1673, .T. ) ;
#1612 = EDGE_LOOP ( 'NONE', ( #5505, #5197, #4515, #4004, #1602, #1055, #2683, #4551, #5767, #2986, #69, #8419, #4886, #4200, #3566, #2857 ) ) ;
#1613 = VERTEX_POINT ( 'NONE', #7485 ) ;
#1614 = CARTESIAN_POINT ( 'NONE',  ( 6.690469899185666591, 6.689314220719701609, 16.23450878470094949 ) ) ;
#1615 = DIRECTION ( 'NONE',  ( 0.7071067811865484609, 0.000000000000000000, -0.7071067811865464625 ) ) ;
#1616 = CARTESIAN_POINT ( 'NONE',  ( -13.12018597688927635, 7.640146572924955137, -8.137072679445354950 ) ) ;
#1617 = CARTESIAN_POINT ( 'NONE',  ( 0.000000000000000000, 7.749999999999998224, 0.000000000000000000 ) ) ;
#1618 = AXIS2_PLACEMENT_3D ( 'NONE', #6318, #2285, #4964 ) ;
#1619 = B_SPLINE_CURVE_WITH_KNOTS ( 'NONE', 3,
 ( #2623, #7933, #1869, #6641, #642, #3325, #4542, #7980, #2490, #4678 ),
 .UNSPECIFIED., .F., .F.,
 ( 4, 3, 3, 4 ),
 ( 0.000000000000000000, 0.0003000000167233678899, 0.001500001923805341624, 0.004212255759556305691 ),
 .UNSPECIFIED. ) ;
#1620 = DIRECTION ( 'NONE',  ( -1.776356839400250465E-15, 0.000000000000000000, 1.000000000000000000 ) ) ;
#1621 = CARTESIAN_POINT ( 'NONE',  ( -13.14403170858762593, 7.828793847273427531, 8.347244453591306623 ) ) ;
#1622 = EDGE_LOOP ( 'NONE', ( #613, #6812, #4922, #7772 ) ) ;
#1623 = ADVANCED_FACE ( 'NONE', ( #4229 ), #286, .F. ) ;
#1624 = DIRECTION ( 'NONE',  ( 0.000000000000000000, -1.000000000000000000, 0.000000000000000000 ) ) ;
#1625 = ORIENTED_EDGE ( 'NONE', *, *, #2375, .F. ) ;
#1626 = CARTESIAN_POINT ( 'NONE',  ( 13.68631877054548518, 7.792822965649139455, 8.284266106205146585 ) ) ;
#1627 = AXIS2_PLACEMENT_3D ( 'NONE', #105, #2662, #27 ) ;
#1628 = DIRECTION ( 'NONE',  ( 0.000000000000000000, 0.000000000000000000, 1.000000000000000000 ) ) ;
#1629 = CARTESIAN_POINT ( 'NONE',  ( -11.28869950432085467, 9.500000000000000000, 11.99580628550735817 ) ) ;
#1630 = ORIENTED_EDGE ( 'NONE', *, *, #1806, .F. ) ;
#1631 = CARTESIAN_POINT ( 'NONE',  ( 8.974685649142248423, 12.72128775345138330, -14.86844073379255882 ) ) ;
#1632 = CIRCLE ( 'NONE', #7484, 0.4999999999999982236 ) ;
#1633 = CARTESIAN_POINT ( 'NONE',  ( -13.42302665483224899, 8.340179164047306415, -8.980365443689493077 ) ) ;
#1634 = CYLINDRICAL_SURFACE ( 'NONE', #6000, 6.871931816258391557 ) ;
#1635 = CARTESIAN_POINT ( 'NONE',  ( -8.796805262703577100, 12.79220918280920571, 14.39250129526283573 ) ) ;
#1636 = AXIS2_PLACEMENT_3D ( 'NONE', #222, #8122, #6786 ) ;
#1637 = CARTESIAN_POINT ( 'NONE',  ( 0.000000000000000000, 6.999999999999998224, 0.000000000000000000 ) ) ;
#1638 = ORIENTED_EDGE ( 'NONE', *, *, #5211, .T. ) ;
#1639 = CARTESIAN_POINT ( 'NONE',  ( 13.30313517271587287, 8.400850844681492902, 8.749999999999998224 ) ) ;
#1640 = CARTESIAN_POINT ( 'NONE',  ( 0.000000000000000000, 6.499999999999999112, 19.89999999999999858 ) ) ;
#1641 = CARTESIAN_POINT ( 'NONE',  ( 14.26242018023594937, 12.44506224921793169, 8.823959472189910613 ) ) ;
#1642 = AXIS2_PLACEMENT_3D ( 'NONE', #7589, #306, #7683 ) ;
#1643 = ORIENTED_EDGE ( 'NONE', *, *, #983, .F. ) ;
#1644 = EDGE_CURVE ( 'NONE', #7085, #2218, #5756, .T. ) ;
#1645 = AXIS2_PLACEMENT_3D ( 'NONE', #4541, #3815, #8441 ) ;
#1646 = DIRECTION ( 'NONE',  ( 0.000000000000000000, -2.168404344971010347E-16, 1.000000000000000000 ) ) ;
#1647 = CARTESIAN_POINT ( 'NONE',  ( 13.90174206293885106, 11.19623204291768026, 8.749999999999998224 ) ) ;
#1648 = CARTESIAN_POINT ( 'NONE',  ( -1.640245189779697337E-16, 13.35985342043208846, 0.000000000000000000 ) ) ;
#1649 = DIRECTION ( 'NONE',  ( -1.000000000000000000, 0.000000000000000000, 0.000000000000000000 ) ) ;
#1650 = DIRECTION ( 'NONE',  ( -1.000000000000000000, 0.000000000000000000, 0.000000000000000000 ) ) ;
#1651 = ORIENTED_EDGE ( 'NONE', *, *, #4402, .F. ) ;
#1652 = FACE_OUTER_BOUND ( 'NONE', #3641, .T. ) ;
#1653 = VERTEX_POINT ( 'NONE', #2878 ) ;
#1654 = CIRCLE ( 'NONE', #6554, 17.04777566953916690 ) ;
#1655 = VERTEX_POINT ( 'NONE', #8175 ) ;
#1656 = DIRECTION ( 'NONE',  ( 0.000000000000000000, 0.000000000000000000, 1.000000000000000000 ) ) ;
#1657 = CARTESIAN_POINT ( 'NONE',  ( 0.000000000000000000, 7.750000000000001776, 0.000000000000000000 ) ) ;
#1658 = CARTESIAN_POINT ( 'NONE',  ( -13.73654834780745837, 7.559853420432085080, 8.073230648290532940 ) ) ;
#1659 = EDGE_CURVE ( 'NONE', #1587, #7326, #6261, .T. ) ;
#1660 = CARTESIAN_POINT ( 'NONE',  ( -12.95732904728186341, 8.011616004711141770, -8.579345533364003629 ) ) ;
#1661 = EDGE_CURVE ( 'NONE', #7663, #1970, #6931, .T. ) ;
#1662 = CARTESIAN_POINT ( 'NONE',  ( -8.978349813693240478, 9.791335230858219774, -13.90891547461781741 ) ) ;
#1663 = VECTOR ( 'NONE', #8248, 1000.000000000000000 ) ;
#1664 = CARTESIAN_POINT ( 'NONE',  ( -13.34286252986123600, 8.500000000000007105, -8.750000000000001776 ) ) ;
#1665 = DIRECTION ( 'NONE',  ( -0.000000000000000000, -1.000000000000000000, -0.000000000000000000 ) ) ;
#1666 = VERTEX_POINT ( 'NONE', #7954 ) ;
#1667 = DIRECTION ( 'NONE',  ( -0.000000000000000000, 1.000000000000000000, -0.000000000000000000 ) ) ;
#1668 = AXIS2_PLACEMENT_3D ( 'NONE', #1403, #8074, #7758 ) ;
#1669 = EDGE_CURVE ( 'NONE', #2091, #5657, #3780, .T. ) ;
#1670 = ORIENTED_EDGE ( 'NONE', *, *, #289, .T. ) ;
#1671 = CARTESIAN_POINT ( 'NONE',  ( 14.93774812434661570, 13.17116922684469493, -8.383832903148462634 ) ) ;
#1672 = AXIS2_PLACEMENT_3D ( 'NONE', #7006, #4873, #1015 ) ;
#1673 = LINE ( 'NONE', #3628, #2334 ) ;
#1674 = CARTESIAN_POINT ( 'NONE',  ( 8.000000000000003553, 8.500000000000001776, -21.00000000000002132 ) ) ;
#1675 = CARTESIAN_POINT ( 'NONE',  ( -8.635727963869381796, 13.10584149361010375, 14.59125800877507295 ) ) ;
#1676 = AXIS2_PLACEMENT_3D ( 'NONE', #4988, #1571, #4257 ) ;
#1677 = ADVANCED_FACE ( 'NONE', ( #3093 ), #1224, .T. ) ;
#1678 = DIRECTION ( 'NONE',  ( -0.7071067811902381761, -1.878451414598705793E-11, 0.7071067811828569694 ) ) ;
#1679 = VERTEX_POINT ( 'NONE', #4051 ) ;
#1680 = FACE_OUTER_BOUND ( 'NONE', #7215, .T. ) ;
#1681 = CARTESIAN_POINT ( 'NONE',  ( 8.384452665209641609, 13.17178046006660530, 15.17567671707624477 ) ) ;
#1682 = VERTEX_POINT ( 'NONE', #1112 ) ;
#1683 = CALENDAR_DATE ( 2022, 31, 3 ) ;
#1684 = FACE_OUTER_BOUND ( 'NONE', #4264, .T. ) ;
#1685 = CARTESIAN_POINT ( 'NONE',  ( -13.09261806874822653, 8.500000000000007105, -8.750000000000001776 ) ) ;
#1686 = ORIENTED_EDGE ( 'NONE', *, *, #3878, .F. ) ;
#1687 = EDGE_CURVE ( 'NONE', #4055, #2091, #5052, .T. ) ;
#1688 = LINE ( 'NONE', #4324, #6878 ) ;
#1689 = CARTESIAN_POINT ( 'NONE',  ( -10.87224568134110925, 11.13040873003182796, -12.28645924371424414 ) ) ;
#1690 = DIRECTION ( 'NONE',  ( -0.7071067811865463515, -0.000000000000000000, -0.7071067811865487940 ) ) ;
#1691 = CIRCLE ( 'NONE', #2828, 19.19999999999999929 ) ;
#1692 = CARTESIAN_POINT ( 'NONE',  ( -1.640245189779696351E-16, 13.35985342043208668, 0.000000000000000000 ) ) ;
#1693 = LINE ( 'NONE', #7727, #894 ) ;
#1694 = ORIENTED_EDGE ( 'NONE', *, *, #223, .F. ) ;
#1695 = CARTESIAN_POINT ( 'NONE',  ( 15.08967093049028740, 13.44014657956791581, -7.932747726257771248 ) ) ;
#1696 = MANIFOLD_SOLID_BREP ( 'Saliente-Extruir3', #2766 ) ;
#1697 = ORIENTED_EDGE ( 'NONE', *, *, #3661, .F. ) ;
#1698 = VERTEX_POINT ( 'NONE', #5097 ) ;
#1699 = CARTESIAN_POINT ( 'NONE',  ( 14.96019303464957240, 12.97538492151578282, -8.587768145840176004 ) ) ;
#1700 = CARTESIAN_POINT ( 'NONE',  ( 1.619595391872374543E-15, 15.49999999999999289, -13.22499999999999964 ) ) ;
#1701 = CIRCLE ( 'NONE', #6604, 15.93329261678669617 ) ;
#1702 = VECTOR ( 'NONE', #8497, 1000.000000000000114 ) ;
#1703 = CARTESIAN_POINT ( 'NONE',  ( -13.56807200422069215, 8.125727240586071431, 8.653567629720379628 ) ) ;
#1704 = FACE_OUTER_BOUND ( 'NONE', #1963, .T. ) ;
#1705 = PLANE ( 'NONE',  #4294 ) ;
#1706 = DIRECTION ( 'NONE',  ( 0.000000000000000000, 0.000000000000000000, 1.000000000000000000 ) ) ;
#1707 = CARTESIAN_POINT ( 'NONE',  ( 0.000000000000000000, 7.750000000000001776, 0.000000000000000000 ) ) ;
#1708 = EDGE_LOOP ( 'NONE', ( #886, #8575, #1063, #1477 ) ) ;
#1709 = CIRCLE ( 'NONE', #3544, 0.1500000000000002720 ) ;
#1710 = CIRCLE ( 'NONE', #5642, 2.991318522074773334 ) ;
#1711 = DIRECTION ( 'NONE',  ( 0.000000000000000000, 1.000000000000000000, 2.168404344971010347E-16 ) ) ;
#1712 = EDGE_CURVE ( 'NONE', #5127, #6243, #7218, .T. ) ;
#1713 = ORIENTED_EDGE ( 'NONE', *, *, #4149, .T. ) ;
#1714 = CARTESIAN_POINT ( 'NONE',  ( 13.61194688593825042, 7.750000000000001776, 7.999999999999992895 ) ) ;
#1715 = B_SPLINE_CURVE_WITH_KNOTS ( 'NONE', 3,
 ( #8369, #5794, #4381, #8414 ),
 .UNSPECIFIED., .F., .F.,
 ( 4, 4 ),
 ( 2.075988400870139545E-07, 0.001038203994294061060 ),
 .UNSPECIFIED. ) ;
#1716 = MANIFOLD_SOLID_BREP ( 'Saliente-Extruir7[2]', #8454 ) ;
#1717 = AXIS2_PLACEMENT_3D ( 'NONE', #7039, #640, #1343 ) ;
#1718 = CIRCLE ( 'NONE', #4805, 7.000000000000000000 ) ;
#1719 = CARTESIAN_POINT ( 'NONE',  ( 18.19999999999999929, 16.51447992314274771, -2.228857174448182931E-15 ) ) ;
#1720 = VERTEX_POINT ( 'NONE', #5765 ) ;
#1721 = CARTESIAN_POINT ( 'NONE',  ( -8.648376600419648952, 8.109214744792321738, 13.01792744404256119 ) ) ;
#1722 = DIRECTION ( 'NONE',  ( -0.6813100476940172623, 0.2676438637860938941, -0.6813100476940192607 ) ) ;
#1723 = CARTESIAN_POINT ( 'NONE',  ( -7.999999999999996447, 8.500000000000001776, -21.00000000000002132 ) ) ;
#1724 = EDGE_CURVE ( 'NONE', #1404, #5384, #3472, .T. ) ;
#1725 = ADVANCED_FACE ( 'NONE', ( #6618 ), #1968, .F. ) ;
#1726 = AXIS2_PLACEMENT_3D ( 'NONE', #5706, #8418, #3751 ) ;
#1727 = DIRECTION ( 'NONE',  ( 0.6813100476940172623, -0.2676438637860939496, 0.6813100476940193717 ) ) ;
#1728 = CARTESIAN_POINT ( 'NONE',  ( 0.000000000000000000, 7.749999999999998224, 0.000000000000000000 ) ) ;
#1729 = CARTESIAN_POINT ( 'NONE',  ( 8.572527594031473190E-16, 5.999999999999999112, -7.000000000000000000 ) ) ;
#1730 = DIRECTION ( 'NONE',  ( 0.000000000000000000, 0.3103308818458678231, -0.9506286045416296737 ) ) ;
#1731 = AXIS2_PLACEMENT_3D ( 'NONE', #7424, #3466, #8152 ) ;
#1732 = EDGE_LOOP ( 'NONE', ( #7061, #546, #5835, #556 ) ) ;
#1733 = CARTESIAN_POINT ( 'NONE',  ( 8.355510904106591141, 7.832882390318658850, 13.13930822334918780 ) ) ;
#1734 = B_SPLINE_CURVE_WITH_KNOTS ( 'NONE', 3,
 ( #407, #6490, #3084, #8377, #2412, #2640, #2688, #4732, #3469, #704 ),
 .UNSPECIFIED., .F., .F.,
 ( 4, 2, 2, 2, 4 ),
 ( 0.000000000000000000, 0.0003559867478060484516, 0.0007119734956120969032, 0.001067960243418145409, 0.001423946991224193806 ),
 .UNSPECIFIED. ) ;
#1735 = CARTESIAN_POINT ( 'NONE',  ( -14.50417305984271543, 12.72414454693841357, 8.750000000000000000 ) ) ;
#1736 = CARTESIAN_POINT ( 'NONE',  ( 19.15872578053393482, 9.704922051073163303, 5.097671593638625431 ) ) ;
#1737 = ADVANCED_FACE ( 'NONE', ( #5965 ), #3806, .T. ) ;
#1738 = CARTESIAN_POINT ( 'NONE',  ( 12.74899236071913222, 11.77867203160180587, 12.39543897003868977 ) ) ;
#1739 = ORIENTED_EDGE ( 'NONE', *, *, #676, .F. ) ;
#1740 = VERTEX_POINT ( 'NONE', #3140 ) ;
#1741 = CARTESIAN_POINT ( 'NONE',  ( -15.08293099975597329, 13.02769231253557614, 8.780324235076333750 ) ) ;
#1742 = CARTESIAN_POINT ( 'NONE',  ( 15.20279579551075777, 9.500045161240020519, 14.49568901432426671 ) ) ;
#1743 = CARTESIAN_POINT ( 'NONE',  ( 0.000000000000000000, 15.49999999999999645, 0.000000000000000000 ) ) ;
#1744 = CARTESIAN_POINT ( 'NONE',  ( 14.80960307706623169, 13.34416902484766254, -8.392814450962257311 ) ) ;
#1745 = ORIENTED_EDGE ( 'NONE', *, *, #5282, .T. ) ;
#1746 = DIRECTION ( 'NONE',  ( 7.993605777301127091E-14, 0.000000000000000000, -1.000000000000000000 ) ) ;
#1747 = ADVANCED_FACE ( 'NONE', ( #7346 ), #371, .T. ) ;
#1748 = ORIENTED_EDGE ( 'NONE', *, *, #4942, .T. ) ;
#1749 = CARTESIAN_POINT ( 'NONE',  ( 15.17794169866943754, 13.15822734738287458, -8.371830143653903988 ) ) ;
#1750 = CARTESIAN_POINT ( 'NONE',  ( 13.60124325485369745, 8.413726081778209576, -8.750000000000003553 ) ) ;
#1751 = CARTESIAN_POINT ( 'NONE',  ( -13.30369996220370332, 8.402260421651252642, 8.749999999999998224 ) ) ;
#1752 = FACE_OUTER_BOUND ( 'NONE', #4156, .T. ) ;
#1753 = CARTESIAN_POINT ( 'NONE',  ( 10.71539011131259400, 10.33333254522021427, -12.12960367368565073 ) ) ;
#1754 = CARTESIAN_POINT ( 'NONE',  ( -13.30840184899989787, 7.750000000000001776, 8.086659553818094537 ) ) ;
#1755 = CARTESIAN_POINT ( 'NONE',  ( 0.000000000000000000, 13.25000000000000000, 3.854030125426750882E-15 ) ) ;
#1756 = ORIENTED_EDGE ( 'NONE', *, *, #3878, .T. ) ;
#1757 = DIRECTION ( 'NONE',  ( -0.8880362771229312058, -1.026998251629457205E-14, 0.4597733903931856547 ) ) ;
#1758 = ORIENTED_EDGE ( 'NONE', *, *, #1644, .T. ) ;
#1759 = EDGE_CURVE ( 'NONE', #4605, #7684, #799, .T. ) ;
#1760 = CARTESIAN_POINT ( 'NONE',  ( -8.586110897162464894, 8.021434452352306010, -13.03308700979631141 ) ) ;
#1761 = CARTESIAN_POINT ( 'NONE',  ( -7.999999999999989342, 7.600000000000001421, 13.37062271443168271 ) ) ;
#1762 = ORIENTED_EDGE ( 'NONE', *, *, #3787, .T. ) ;
#1763 = DIRECTION ( 'NONE',  ( 0.8851401627399599903, 0.000000000000000000, -0.4653245021537949500 ) ) ;
#1764 = DIRECTION ( 'NONE',  ( -0.3090529753641859112, -0.9510448246105669412, -1.099866522638790943E-14 ) ) ;
#1765 = CARTESIAN_POINT ( 'NONE',  ( -8.749999999999998224, 9.863111771004049899, 13.46263208842719017 ) ) ;
#1766 = TOROIDAL_SURFACE ( 'NONE', #4290, 5.000000000000000888, 1.999999999999999112 ) ;
#1767 = FACE_BOUND ( 'NONE', #1983, .T. ) ;
#1768 = FACE_OUTER_BOUND ( 'NONE', #4022, .T. ) ;
#1769 = EDGE_CURVE ( 'NONE', #7389, #7715, #1783, .T. ) ;
#1770 = CIRCLE ( 'NONE', #2324, 0.1500000000000008271 ) ;
#1771 = DIRECTION ( 'NONE',  ( -0.6813100476940172623, 0.2676438637860938941, -0.6813100476940191497 ) ) ;
#1772 = ADVANCED_FACE ( 'NONE', ( #1273 ), #5750, .T. ) ;
#1773 = VERTEX_POINT ( 'NONE', #50 ) ;
#1774 = CARTESIAN_POINT ( 'NONE',  ( 0.000000000000000000, 8.249999999999998224, 0.000000000000000000 ) ) ;
#1775 = CARTESIAN_POINT ( 'NONE',  ( 13.13738285335256428, 11.05603359939343733, 11.72316929087162229 ) ) ;
#1776 = CARTESIAN_POINT ( 'NONE',  ( 8.819688323532371754, 9.204027547351445904, 13.19504132681568720 ) ) ;
#1777 = CARTESIAN_POINT ( 'NONE',  ( 0.000000000000000000, 12.49999999999999645, 0.000000000000000000 ) ) ;
#1778 = AXIS2_PLACEMENT_3D ( 'NONE', #6871, #2052, #1574 ) ;
#1779 = EDGE_LOOP ( 'NONE', ( #7690, #4612, #6595, #2491 ) ) ;
#1780 = DIRECTION ( 'NONE',  ( 0.7071067811902383982, 1.878531035695747697E-11, -0.7071067811828567473 ) ) ;
#1781 = ADVANCED_FACE ( 'NONE', ( #2087 ), #4819, .T. ) ;
#1782 = CARTESIAN_POINT ( 'NONE',  ( -14.78329181874944531, 12.45985342043207744, 8.975003248201144146 ) ) ;
#1783 = CIRCLE ( 'NONE', #3767, 15.93329261678669617 ) ;
#1784 = CARTESIAN_POINT ( 'NONE',  ( 8.431524371106693394, 7.878150682722415254, -13.09815870032676344 ) ) ;
#1785 = ORIENTED_EDGE ( 'NONE', *, *, #1397, .T. ) ;
#1786 = CARTESIAN_POINT ( 'NONE',  ( -8.980199218265397576, 8.459853420432093429, 13.46309704045872024 ) ) ;
#1787 = ORIENTED_EDGE ( 'NONE', *, *, #6105, .F. ) ;
#1788 = MANIFOLD_SOLID_BREP ( 'Revolución1', #5131 ) ;
#1789 = ORIENTED_EDGE ( 'NONE', *, *, #7341, .T. ) ;
#1790 = VERTEX_POINT ( 'NONE', #7385 ) ;
#1791 = CARTESIAN_POINT ( 'NONE',  ( 15.45172114225276339, 13.25000000000000178, -7.999999999999996447 ) ) ;
#1792 = CIRCLE ( 'NONE', #7924, 2.811851371712976277 ) ;
#1793 = CARTESIAN_POINT ( 'NONE',  ( 14.47168223092518957, 11.06832986505357042, -8.750000000004922285 ) ) ;
#1794 = CARTESIAN_POINT ( 'NONE',  ( -13.67266869362426362, 7.559853416866537223, 8.181921453815045098 ) ) ;
#1795 = CARTESIAN_POINT ( 'NONE',  ( 7.930201324676929175, 13.40000000000000213, -15.08482716597919371 ) ) ;
#1796 = EDGE_CURVE ( 'NONE', #4055, #8424, #8270, .T. ) ;
#1797 = CARTESIAN_POINT ( 'NONE',  ( 8.977134644401322916, 10.74122420985702142, -14.22134909590587171 ) ) ;
#1798 = CARTESIAN_POINT ( 'NONE',  ( -8.749999999999998224, 8.499999999999987566, -13.34286252986130172 ) ) ;
#1799 =( BOUNDED_SURFACE ( )  B_SPLINE_SURFACE ( 3, 2, ( 
 ( #7122, #2313, #6959 ),
 ( #4469, #5035, #1138 ),
 ( #4991, #1050, #5749 ),
 ( #7641, #7082, #960 ),
 ( #5704, #1660, #3749 ),
 ( #8372, #1099, #5797 ),
 ( #4337, #8416, #1616 ),
 ( #1006, #3702, #2407 ) ),
 .UNSPECIFIED., .F., .F., .F. ) 
 B_SPLINE_SURFACE_WITH_KNOTS ( ( 4, 2, 2, 4 ),
 ( 3, 3 ),
 ( 5.421010862427522170E-20, 0.0003716120819214046699, 0.0007432241638428093398, 0.001486448327685618680 ),
 ( 0.000000000000000000, 1.000000000000000000 ),
 .UNSPECIFIED. ) 
 GEOMETRIC_REPRESENTATION_ITEM ( )  RATIONAL_B_SPLINE_SURFACE ( (
 ( 1.000000000000000000, 0.8779725897198052964, 1.000000000000000000),
 ( 1.000000000000000000, 0.8883329342388953664, 1.000000000000000000),
 ( 1.000000000000000000, 0.8943285700270213745, 1.000000000000000000),
 ( 1.000000000000000000, 0.8958370413390333020, 1.000000000000000000),
 ( 1.000000000000000000, 0.8913729047509482140, 1.000000000000000000),
 ( 1.000000000000000000, 0.8653261271548587930, 1.000000000000000000),
 ( 1.000000000000000000, 0.8328976042030471483, 1.000000000000000000),
 ( 1.000000000000000000, 0.7961293436955102498, 1.000000000000000000) ) ) 
 REPRESENTATION_ITEM ( '' )  SURFACE ( )  );
#1800 = DIRECTION ( 'NONE',  ( 0.000000000000000000, 1.000000000000000000, 0.000000000000000000 ) ) ;
#1801 = EDGE_LOOP ( 'NONE', ( #7329, #6477, #210, #1686 ) ) ;
#1802 = LINE ( 'NONE', #4477, #5449 ) ;
#1803 = ORIENTED_EDGE ( 'NONE', *, *, #5106, .T. ) ;
#1804 = CARTESIAN_POINT ( 'NONE',  ( -8.980362068113933560, 8.342611952867823533, -13.42384122020111903 ) ) ;
#1805 = TOROIDAL_SURFACE ( 'NONE', #6699, 17.19230335598365400, 0.1499999999999999944 ) ;
#1806 = EDGE_CURVE ( 'NONE', #7170, #3442, #4252, .T. ) ;
#1807 = CARTESIAN_POINT ( 'NONE',  ( -8.138477907033040637, 7.658789683022616757, -13.12362056837238278 ) ) ;
#1808 = CARTESIAN_POINT ( 'NONE',  ( -14.78329181874944354, 12.45985342043208099, -8.975003248201147699 ) ) ;
#1809 = CARTESIAN_POINT ( 'NONE',  ( 0.000000000000000000, 7.640146579567915985, 0.000000000000000000 ) ) ;
#1810 = ORIENTED_EDGE ( 'NONE', *, *, #983, .T. ) ;
#1811 = CARTESIAN_POINT ( 'NONE',  ( -14.41636719170876368, 12.49999999999996980, 8.749999999999998224 ) ) ;
#1812 = VERTEX_POINT ( 'NONE', #1568 ) ;
#1813 = DIRECTION ( 'NONE',  ( -0.7071067811865487940, -0.000000000000000000, 0.7071067811865463515 ) ) ;
#1814 = ORIENTED_EDGE ( 'NONE', *, *, #7116, .T. ) ;
#1815 = CARTESIAN_POINT ( 'NONE',  ( -12.34690903235128800, 9.742941622863687812, 11.00563144801566118 ) ) ;
#1816 = ADVANCED_FACE ( 'NONE', ( #4904 ), #8115, .F. ) ;
#1817 = CIRCLE ( 'NONE', #7254, 1.500000000000001998 ) ;
#1818 = DIRECTION ( 'NONE',  ( -0.6813100476940172623, 0.2676438637860938941, -0.6813100476940191497 ) ) ;
#1819 = ORIENTED_EDGE ( 'NONE', *, *, #5195, .F. ) ;
#1820 = CARTESIAN_POINT ( 'NONE',  ( -15.58006697086412018, 13.35985342043208490, 8.066449984402257911 ) ) ;
#1821 = CARTESIAN_POINT ( 'NONE',  ( 8.170569869803417262, 10.40693149288440367, 16.21482680459857662 ) ) ;
#1822 = CARTESIAN_POINT ( 'NONE',  ( 12.97309164460348896, 8.540146579567922558, -8.818749239510212945 ) ) ;
#1823 = DIRECTION ( 'NONE',  ( 0.000000000000000000, -0.000000000000000000, -1.000000000000000000 ) ) ;
#1824 = VECTOR ( 'NONE', #5728, 1000.000000000000000 ) ;
#1825 = EDGE_CURVE ( 'NONE', #7590, #4734, #2858, .T. ) ;
#1826 = ORIENTED_EDGE ( 'NONE', *, *, #6922, .F. ) ;
#1827 = CARTESIAN_POINT ( 'NONE',  ( 11.68172066672038589, 11.50004516124002052, 12.38882744790696933 ) ) ;
#1828 = DIRECTION ( 'NONE',  ( 0.7071067811865487940, 0.000000000000000000, -0.7071067811865463515 ) ) ;
#1829 = ORIENTED_EDGE ( 'NONE', *, *, #5854, .F. ) ;
#1830 = CARTESIAN_POINT ( 'NONE',  ( -8.823007753824073873, 11.68049656659817970, -14.01341672884576894 ) ) ;
#1831 = CARTESIAN_POINT ( 'NONE',  ( -8.749999999999998224, 11.16487927768386434, -13.98051959651372478 ) ) ;
#1832 = ADVANCED_FACE ( 'NONE', ( #3561 ), #3065, .T. ) ;
#1833 = EDGE_LOOP ( 'NONE', ( #2043, #6091, #3865, #5446 ) ) ;
#1834 = ADVANCED_FACE ( 'NONE', ( #3695 ), #6348, .F. ) ;
#1835 = CARTESIAN_POINT ( 'NONE',  ( 13.09261806874823364, 8.500000000000007105, 8.749999999999998224 ) ) ;
#1836 = CARTESIAN_POINT ( 'NONE',  ( 13.11088746261579807, 10.54751025819986054, 11.69667390012107511 ) ) ;
#1837 = CARTESIAN_POINT ( 'NONE',  ( 0.000000000000000000, 7.749999999999999112, 13.62193181625839422 ) ) ;
#1838 = CARTESIAN_POINT ( 'NONE',  ( 8.619788718350047674, 12.96702303161550773, 14.55699867574635853 ) ) ;
#1839 = CARTESIAN_POINT ( 'NONE',  ( -10.62440394913915398, 9.871001900377041949, -12.03861751151229065 ) ) ;
#1840 = ORIENTED_EDGE ( 'NONE', *, *, #8135, .T. ) ;
#1841 = ORIENTED_EDGE ( 'NONE', *, *, #4932, .T. ) ;
#1842 = CARTESIAN_POINT ( 'NONE',  ( -8.899999999999998579, 12.49999999999999289, 14.41636719170869618 ) ) ;
#1843 = ORIENTED_EDGE ( 'NONE', *, *, #8168, .T. ) ;
#1844 = EDGE_CURVE ( 'NONE', #2387, #447, #3055, .T. ) ;
#1845 = CIRCLE ( 'NONE', #8108, 10.00000000000000000 ) ;
#1846 = CARTESIAN_POINT ( 'NONE',  ( -8.606597760034281563, 7.721508883812326474, -13.46244960079899755 ) ) ;
#1847 = AXIS2_PLACEMENT_3D ( 'NONE', #7342, #4642, #6693 ) ;
#1848 = CARTESIAN_POINT ( 'NONE',  ( 2.375814790345864793E-15, 6.499999999999999112, -19.39999999999999858 ) ) ;
#1849 = CARTESIAN_POINT ( 'NONE',  ( 14.64391144064916439, 12.90681061163123999, -8.657992919649855068 ) ) ;
#1850 = FACE_BOUND ( 'NONE', #4316, .T. ) ;
#1851 = CARTESIAN_POINT ( 'NONE',  ( 0.000000000000000000, 7.640146579567915985, 0.000000000000000000 ) ) ;
#1852 = VECTOR ( 'NONE', #5939, 1000.000000000000000 ) ;
#1853 = ORIENTED_EDGE ( 'NONE', *, *, #7017, .F. ) ;
#1854 = DIRECTION ( 'NONE',  ( 0.000000000000000000, -1.000000000000000000, 0.000000000000000000 ) ) ;
#1855 = VERTEX_POINT ( 'NONE', #2944 ) ;
#1856 = ORIENTED_EDGE ( 'NONE', *, *, #1142, .T. ) ;
#1857 = DIRECTION ( 'NONE',  ( -0.000000000000000000, -1.000000000000000000, -0.000000000000000000 ) ) ;
#1858 = ORIENTED_EDGE ( 'NONE', *, *, #8067, .F. ) ;
#1859 = CARTESIAN_POINT ( 'NONE',  ( 0.000000000000000000, 5.999999999999999112, 7.000000000000000000 ) ) ;
#1860 = DIRECTION ( 'NONE',  ( 0.000000000000000000, -1.000000000000000000, 0.000000000000000000 ) ) ;
#1861 = AXIS2_PLACEMENT_3D ( 'NONE', #1493, #2098, #5568 ) ;
#1862 = AXIS2_PLACEMENT_3D ( 'NONE', #3231, #2435, #7795 ) ;
#1863 = DIRECTION ( 'NONE',  ( 0.000000000000000000, 0.000000000000000000, 1.000000000000000000 ) ) ;
#1864 = ORIENTED_EDGE ( 'NONE', *, *, #3726, .F. ) ;
#1865 = CARTESIAN_POINT ( 'NONE',  ( 7.999999999999998224, 7.750000000000001776, -21.00000000000002132 ) ) ;
#1866 = CARTESIAN_POINT ( 'NONE',  ( 12.32163038163416502, 11.02926921299134833, 12.67518377211959724 ) ) ;
#1867 = AXIS2_PLACEMENT_3D ( 'NONE', #4430, #8338, #6308 ) ;
#1868 = CARTESIAN_POINT ( 'NONE',  ( 8.750000000000003553, 12.49999999999999467, -14.41636719170869263 ) ) ;
#1869 = CARTESIAN_POINT ( 'NONE',  ( -8.979936430117987811, 8.649515348347611265, 13.52656586587946030 ) ) ;
#1870 = ORIENTED_EDGE ( 'NONE', *, *, #2348, .T. ) ;
#1871 = VECTOR ( 'NONE', #7891, 1000.000000000000000 ) ;
#1872 = FACE_OUTER_BOUND ( 'NONE', #3085, .T. ) ;
#1873 = CARTESIAN_POINT ( 'NONE',  ( 12.62841106462136231, 11.00004516124001697, 11.21419750224830736 ) ) ;
#1874 = CYLINDRICAL_SURFACE ( 'NONE', #2850, 7.000000000000000000 ) ;
#1875 = EDGE_CURVE ( 'NONE', #7287, #8032, #1502, .T. ) ;
#1876 = CARTESIAN_POINT ( 'NONE',  ( 8.000000000000003553, 12.50000000000000000, -21.00000000000002132 ) ) ;
#1877 = ORIENTED_EDGE ( 'NONE', *, *, #4795, .T. ) ;
#1878 = CARTESIAN_POINT ( 'NONE',  ( -8.726586477827723343, 12.71093372026445856, 14.51633403283851287 ) ) ;
#1879 = MANIFOLD_SOLID_BREP ( 'Saliente-Extruir5', #6116 ) ;
#1880 =( BOUNDED_SURFACE ( )  B_SPLINE_SURFACE ( 3, 2, ( 
 ( #3609, #5032, #7080 ),
 ( #4383, #6262, #6303 ),
 ( #5661, #4335, #5612 ),
 ( #7687, #8370, #1049 ),
 ( #8241, #1005, #6996 ),
 ( #3701, #5702, #2406 ),
 ( #2359, #1097, #6436 ),
 ( #3120, #5796, #2550 ) ),
 .UNSPECIFIED., .F., .F., .F. ) 
 B_SPLINE_SURFACE_WITH_KNOTS ( ( 4, 2, 2, 4 ),
 ( 3, 3 ),
 ( 0.000000000000000000, 0.0008049667892843601503, 0.001207450183926540334, 0.001609933578568720301 ),
 ( 0.000000000000000000, 1.000000000000000000 ),
 .UNSPECIFIED. ) 
 GEOMETRIC_REPRESENTATION_ITEM ( )  RATIONAL_B_SPLINE_SURFACE ( (
 ( 1.000000000000000000, 0.7961293436955138025, 1.000000000000000000),
 ( 1.000000000000000000, 0.7590296441232911029, 1.000000000000000000),
 ( 1.000000000000000000, 0.7095879552991464223, 1.000000000000000000),
 ( 1.000000000000000000, 0.6279729591165180702, 1.000000000000000000),
 ( 1.000000000000000000, 0.5999943386106625365, 1.000000000000000000),
 ( 1.000000000000000000, 0.5457910702374726419, 1.000000000000000000),
 ( 1.000000000000000000, 0.5197420517725427347, 1.000000000000000000),
 ( 1.000000000000000000, 0.4999891725456175884, 1.000000000000000000) ) ) 
 REPRESENTATION_ITEM ( '' )  SURFACE ( )  );
#1881 = EDGE_LOOP ( 'NONE', ( #4602, #6617, #3177, #6276 ) ) ;
#1882 = VERTEX_POINT ( 'NONE', #5608 ) ;
#1883 = CARTESIAN_POINT ( 'NONE',  ( -13.21490561396575281, 7.743174061429461297, 8.034504386955498845 ) ) ;
#1884 = EDGE_CURVE ( 'NONE', #1682, #6726, #5290, .T. ) ;
#1885 = EDGE_CURVE ( 'NONE', #84, #7623, #5380, .T. ) ;
#1886 = CARTESIAN_POINT ( 'NONE',  ( -11.99581516010200133, 9.500045161240020519, -11.28870837891549783 ) ) ;
#1887 = CARTESIAN_POINT ( 'NONE',  ( 14.49568901432421342, 9.500045161240020519, 15.20279579551080751 ) ) ;
#1888 = ORIENTED_EDGE ( 'NONE', *, *, #6099, .T. ) ;
#1889 = ORIENTED_EDGE ( 'NONE', *, *, #662, .T. ) ;
#1890 = CARTESIAN_POINT ( 'NONE',  ( 8.655302799542523573, 12.91039679328043377, -14.88872311297539497 ) ) ;
#1891 = ORIENTED_EDGE ( 'NONE', *, *, #2902, .T. ) ;
#1892 = CARTESIAN_POINT ( 'NONE',  ( -8.714324879742413543, 8.258189023234207227, -13.57345694518027557 ) ) ;
#1893 = DIRECTION ( 'NONE',  ( -1.000000000000000000, -1.084202172485505174E-16, 0.000000000000000000 ) ) ;
#1894 = DIRECTION ( 'NONE',  ( 0.000000000000000000, 0.000000000000000000, 1.000000000000000000 ) ) ;
#1895 = CARTESIAN_POINT ( 'NONE',  ( -8.647737146703633471, 8.108092669121523599, -13.01799458444450686 ) ) ;
#1896 = ADVANCED_FACE ( 'NONE', ( #1652 ), #5076, .T. ) ;
#1897 = ORIENTED_EDGE ( 'NONE', *, *, #3946, .F. ) ;
#1898 = CYLINDRICAL_SURFACE ( 'NONE', #456, 0.5000000000000006661 ) ;
#1899 = VERTEX_POINT ( 'NONE', #1695 ) ;
#1900 = LINE ( 'NONE', #6500, #6827 ) ;
#1901 = CARTESIAN_POINT ( 'NONE',  ( 11.28869950432085290, 9.500000000000000000, -11.99580628550735639 ) ) ;
#1902 = CARTESIAN_POINT ( 'NONE',  ( 13.09261806874822653, 8.500000000000007105, -8.750000000000001776 ) ) ;
#1903 = EDGE_CURVE ( 'NONE', #5051, #6400, #3198, .T. ) ;
#1904 = CARTESIAN_POINT ( 'NONE',  ( -14.81246661917089291, 13.32885855960734567, -8.377391905626511814 ) ) ;
#1905 = CARTESIAN_POINT ( 'NONE',  ( -11.30310960576026247, 11.25654416183281015, -12.64496607428685238 ) ) ;
#1906 = CARTESIAN_POINT ( 'NONE',  ( -14.78329181874944354, 12.45985342043207567, 8.975003248201144146 ) ) ;
#1907 = CARTESIAN_POINT ( 'NONE',  ( 8.750000000000005329, 8.526040938946223946, -13.01508767021584312 ) ) ;
#1908 = CIRCLE ( 'NONE', #8045, 2.811851371712978054 ) ;
#1909 = DIRECTION ( 'NONE',  ( 0.000000000000000000, 0.3183999683311010132, -0.9479564653330626589 ) ) ;
#1910 = CARTESIAN_POINT ( 'NONE',  ( -13.24659978108555691, 7.640146579567915985, 7.925793772813722882 ) ) ;
#1911 = DIRECTION ( 'NONE',  ( 0.000000000000000000, 1.000000000000000000, -0.000000000000000000 ) ) ;
#1912 = EDGE_LOOP ( 'NONE', ( #6364, #3686, #2791, #2813 ) ) ;
#1913 = CARTESIAN_POINT ( 'NONE',  ( -13.38924546360153123, 7.829301867517132862, -8.348305505091497380 ) ) ;
#1914 = EDGE_LOOP ( 'NONE', ( #6921, #2355, #2357, #6558 ) ) ;
#1915 = CARTESIAN_POINT ( 'NONE',  ( 13.09261806874822653, 8.500000000000007105, 8.749999999999998224 ) ) ;
#1916 = CIRCLE ( 'NONE', #6536, 1.010151393566353528 ) ;
#1917 = ORIENTED_EDGE ( 'NONE', *, *, #7686, .F. ) ;
#1918 = ORIENTED_EDGE ( 'NONE', *, *, #5587, .T. ) ;
#1919 = EDGE_CURVE ( 'NONE', #2962, #1106, #4305, .T. ) ;
#1920 = PLANE ( 'NONE',  #530 ) ;
#1921 = FACE_OUTER_BOUND ( 'NONE', #6155, .T. ) ;
#1922 =( BOUNDED_SURFACE ( )  B_SPLINE_SURFACE ( 3, 2, ( 
 ( #6550, #3238, #5151 ),
 ( #7931, #7144, #7189 ),
 ( #8402, #2488, #7105 ),
 ( #2440, #7800, #2532 ) ),
 .UNSPECIFIED., .F., .F., .F. ) 
 B_SPLINE_SURFACE_WITH_KNOTS ( ( 4, 4 ),
 ( 3, 3 ),
 ( -2.773822838086914544E-15, 0.004211198243780136033 ),
 ( 0.000000000000000000, 1.000000000000000000 ),
 .UNSPECIFIED. ) 
 GEOMETRIC_REPRESENTATION_ITEM ( )  RATIONAL_B_SPLINE_SURFACE ( (
 ( 1.000000000000000000, 0.4999891725456058200, 1.000000000000000000),
 ( 1.000000000000000000, 0.4945821811962730075, 1.000000000000000000),
 ( 1.000000000000000000, 0.4887473536760936210, 1.000000000000000000),
 ( 1.000000000000000000, 0.4823580334654603008, 1.000000000000000000) ) ) 
 REPRESENTATION_ITEM ( '' )  SURFACE ( )  );
#1923 = CARTESIAN_POINT ( 'NONE',  ( 0.000000000000000000, 12.49999999999999645, 0.000000000000000000 ) ) ;
#1924 = DIRECTION ( 'NONE',  ( 0.9485212707595829240, 0.3167134334325371059, 0.000000000000000000 ) ) ;
#1925 = ORIENTED_EDGE ( 'NONE', *, *, #1243, .T. ) ;
#1926 = CARTESIAN_POINT ( 'NONE',  ( 15.20279579551075777, 11.50004516124002052, 14.49568901432426671 ) ) ;
#1927 = CIRCLE ( 'NONE', #4733, 15.78876493034220374 ) ;
#1928 = ORIENTED_EDGE ( 'NONE', *, *, #5147, .T. ) ;
#1929 = CARTESIAN_POINT ( 'NONE',  ( -12.43163262118707024, 10.00000000000000355, 11.01741905881393713 ) ) ;
#1930 = ADVANCED_FACE ( 'NONE', ( #5653 ), #4424, .F. ) ;
#1931 = EDGE_CURVE ( 'NONE', #780, #5802, #5010, .T. ) ;
#1932 = CARTESIAN_POINT ( 'NONE',  ( 14.96342695255394695, 13.44014652644474772, -8.172888960819616244 ) ) ;
#1933 = DIRECTION ( 'NONE',  ( -0.3103308818458475060, -0.9506286045416362240, -1.458277348861341945E-14 ) ) ;
#1934 = B_SPLINE_CURVE_WITH_KNOTS ( 'NONE', 3,
 ( #8611, #3323, #1043, #3896 ),
 .UNSPECIFIED., .F., .F.,
 ( 4, 4 ),
 ( 2.075997255071598533E-07, 0.001038203995379365649 ),
 .UNSPECIFIED. ) ;
#1935 = AXIS2_PLACEMENT_3D ( 'NONE', #3096, #1857, #1201 ) ;
#1936 = CARTESIAN_POINT ( 'NONE',  ( -8.131584214301783575, 7.753036476073078553, -13.15863219267315287 ) ) ;
#1937 = EDGE_LOOP ( 'NONE', ( #4972, #636 ) ) ;
#1938 = LINE ( 'NONE', #4613, #3401 ) ;
#1939 = ORIENTED_EDGE ( 'NONE', *, *, #4932, .F. ) ;
#1940 = EDGE_LOOP ( 'NONE', ( #3665, #920, #3130, #2227 ) ) ;
#1941 = FACE_OUTER_BOUND ( 'NONE', #7692, .T. ) ;
#1942 = ORIENTED_EDGE ( 'NONE', *, *, #4995, .T. ) ;
#1943 = CARTESIAN_POINT ( 'NONE',  ( 4.744118203099789710, 9.704922051056698251, 19.51227917106626109 ) ) ;
#1944 = EDGE_CURVE ( 'NONE', #6924, #5821, #6430, .T. ) ;
#1945 = CARTESIAN_POINT ( 'NONE',  ( 13.22499999999999964, 15.49999999999999289, -1.619595391872374543E-15 ) ) ;
#1946 = ADVANCED_FACE ( 'NONE', ( #3202 ), #749, .T. ) ;
#1947 = PLANE ( 'NONE',  #8379 ) ;
#1948 = ORIENTED_EDGE ( 'NONE', *, *, #3021, .F. ) ;
#1949 = CARTESIAN_POINT ( 'NONE',  ( -14.39250129526283040, 12.79220918280921104, -8.796805262703580652 ) ) ;
#1950 = AXIS2_PLACEMENT_3D ( 'NONE', #1125, #2391, #991 ) ;
#1951 = CARTESIAN_POINT ( 'NONE',  ( 7.932747726257774801, 13.44014657956791581, -15.08967093049028563 ) ) ;
#1952 = DIRECTION ( 'NONE',  ( -0.000000000000000000, 1.000000000000000000, -0.000000000000000000 ) ) ;
#1953 = CARTESIAN_POINT ( 'NONE',  ( 0.000000000000000000, 7.750000000000001776, 0.000000000000000000 ) ) ;
#1954 = CARTESIAN_POINT ( 'NONE',  ( 13.09843276935589174, 7.877788207465262538, -8.430988971991748571 ) ) ;
#1955 = EDGE_CURVE ( 'NONE', #3577, #2642, #4054, .T. ) ;
#1956 = CIRCLE ( 'NONE', #3229, 37.50000000000000711 ) ;
#1957 = DIRECTION ( 'NONE',  ( -0.7071067811865463515, -0.000000000000000000, -0.7071067811865487940 ) ) ;
#1958 = DIRECTION ( 'NONE',  ( 0.6813100476940172623, -0.2676438637860938941, 0.6813100476940192607 ) ) ;
#1959 = CARTESIAN_POINT ( 'NONE',  ( 13.73654834780745659, 7.559853420432087745, -8.073230648290536493 ) ) ;
#1960 = VERTEX_POINT ( 'NONE', #8617 ) ;
#1961 = VECTOR ( 'NONE', #6587, 1000.000000000000000 ) ;
#1962 = DIRECTION ( 'NONE',  ( 0.000000000000000000, 1.000000000000000000, 0.000000000000000000 ) ) ;
#1963 = EDGE_LOOP ( 'NONE', ( #3861, #1518, #6952, #2546 ) ) ;
#1964 = DIRECTION ( 'NONE',  ( -0.000000000000000000, -0.000000000000000000, 1.000000000000000000 ) ) ;
#1965 = CARTESIAN_POINT ( 'NONE',  ( 0.000000000000000000, 7.749999999999998224, -6.871931816258391557 ) ) ;
#1966 = LINE ( 'NONE', #4645, #5373 ) ;
#1967 = VERTEX_POINT ( 'NONE', #1915 ) ;
#1968 = PLANE ( 'NONE',  #4587 ) ;
#1969 = CARTESIAN_POINT ( 'NONE',  ( -8.823840569215406049, 12.34998589140572633, 14.23142866410899643 ) ) ;
#1970 = VERTEX_POINT ( 'NONE', #5834 ) ;
#1971 = ORIENTED_EDGE ( 'NONE', *, *, #1296, .F. ) ;
#1972 = CARTESIAN_POINT ( 'NONE',  ( 14.78329181874944176, 12.45985342043207922, -8.975003248201147699 ) ) ;
#1973 = ORIENTED_EDGE ( 'NONE', *, *, #6332, .F. ) ;
#1974 = DIRECTION ( 'NONE',  ( 0.000000000000000000, -0.1927358361364404638, 0.9812506802386365967 ) ) ;
#1975 = DIRECTION ( 'NONE',  ( -0.000000000000000000, 1.000000000000000000, -0.000000000000000000 ) ) ;
#1976 = CARTESIAN_POINT ( 'NONE',  ( 12.19520111539721441, 10.66666589199718196, -10.78098755302407596 ) ) ;
#1977 = ORIENTED_EDGE ( 'NONE', *, *, #7232, .T. ) ;
#1978 = CARTESIAN_POINT ( 'NONE',  ( 8.824077831548118311, 12.54014657956790835, -14.29338720761957404 ) ) ;
#1979 = EDGE_LOOP ( 'NONE', ( #4331, #49, #5456, #32, #3732 ) ) ;
#1980 = EDGE_CURVE ( 'NONE', #7497, #1960, #7115, .T. ) ;
#1981 = CIRCLE ( 'NONE', #7717, 13.29311039424772645 ) ;
#1982 = DIRECTION ( 'NONE',  ( 0.000000000000000000, -1.000000000000000000, 0.000000000000000000 ) ) ;
#1983 = EDGE_LOOP ( 'NONE', ( #6614, #2611 ) ) ;
#1984 = DIRECTION ( 'NONE',  ( 0.000000000000000000, 1.000000000000000000, -0.000000000000000000 ) ) ;
#1985 = PLANE ( 'NONE',  #5984 ) ;
#1986 = AXIS2_PLACEMENT_3D ( 'NONE', #4152, #6205, #207 ) ;
#1987 = VECTOR ( 'NONE', #6340, 1000.000000000000114 ) ;
#1988 = DIRECTION ( 'NONE',  ( 0.000000000000000000, 0.000000000000000000, -1.000000000000000000 ) ) ;
#1989 = DIRECTION ( 'NONE',  ( 0.6813100476940173733, -0.2676438637860939496, 0.6813100476940192607 ) ) ;
#1990 = CARTESIAN_POINT ( 'NONE',  ( 15.20279579551080751, 9.500000000000000000, -14.49568901432421519 ) ) ;
#1991 = ADVANCED_FACE ( 'NONE', ( #2543 ), #2641, .T. ) ;
#1992 = ADVANCED_FACE ( 'NONE', ( #3826 ), #7893, .F. ) ;
#1993 = CARTESIAN_POINT ( 'NONE',  ( -13.50787978382501819, 7.658959718397730931, -8.502887159392704675 ) ) ;
#1994 = ORIENTED_EDGE ( 'NONE', *, *, #4207, .T. ) ;
#1995 = CYLINDRICAL_SURFACE ( 'NONE', #2573, 0.7500000000000006661 ) ;
#1996 = PLANE ( 'NONE',  #6125 ) ;
#1997 = AXIS2_PLACEMENT_3D ( 'NONE', #3974, #1153, #508 ) ;
#1998 = CARTESIAN_POINT ( 'NONE',  ( 12.67518377222928549, 11.02926921300074170, 12.32163038152816625 ) ) ;
#1999 = CIRCLE ( 'NONE', #6884, 15.58119224487254328 ) ;
#2000 = DIRECTION ( 'NONE',  ( -0.000000000000000000, 1.000000000000000000, -0.000000000000000000 ) ) ;
#2001 = CIRCLE ( 'NONE', #1160, 0.1499999999999996059 ) ;
#2002 = ADVANCED_FACE ( 'NONE', ( #6559 ), #3742, .T. ) ;
#2003 = MECHANICAL_CONTEXT ( 'NONE', #6613, 'mechanical' ) ;
#2004 = CARTESIAN_POINT ( 'NONE',  ( -8.796535021561602719, 12.79326703775308616, 14.39301247377901127 ) ) ;
#2005 = ORIENTED_EDGE ( 'NONE', *, *, #8076, .F. ) ;
#2006 = EDGE_LOOP ( 'NONE', ( #2366, #477 ) ) ;
#2007 = AXIS2_PLACEMENT_3D ( 'NONE', #2277, #3706, #6265 ) ;
#2008 = CARTESIAN_POINT ( 'NONE',  ( 4.201174670048177644E-15, 15.49999999999999289, 0.000000000000000000 ) ) ;
#2009 = CARTESIAN_POINT ( 'NONE',  ( 14.39301247377903081, 12.79326703775328689, 8.796535021561675549 ) ) ;
#2010 = DIRECTION ( 'NONE',  ( 0.000000000000000000, 1.000000000000000000, 0.000000000000000000 ) ) ;
#2011 = ORIENTED_EDGE ( 'NONE', *, *, #5282, .F. ) ;
#2012 = CARTESIAN_POINT ( 'NONE',  ( 8.181842153844293364, 7.559853424038102787, -13.67271530203554697 ) ) ;
#2013 = CARTESIAN_POINT ( 'NONE',  ( -8.818749239510207616, 8.540146579567920782, 12.97309164460349251 ) ) ;
#2014 = ORIENTED_EDGE ( 'NONE', *, *, #7794, .T. ) ;
#2015 = VERTEX_POINT ( 'NONE', #5917 ) ;
#2016 = CARTESIAN_POINT ( 'NONE',  ( 13.73654834780745837, 7.559853420432087745, 8.073230648290531164 ) ) ;
#2017 = FACE_OUTER_BOUND ( 'NONE', #2740, .T. ) ;
#2018 = DIRECTION ( 'NONE',  ( 0.6813100476940173733, -0.2676438637860939496, 0.6813100476940192607 ) ) ;
#2019 = CARTESIAN_POINT ( 'NONE',  ( -14.52166655930762573, 13.01206614368951087, -8.701329323794590564 ) ) ;
#2020 = ORIENTED_EDGE ( 'NONE', *, *, #6323, .F. ) ;
#2021 = LINE ( 'NONE', #2104, #5599 ) ;
#2022 = ADVANCED_FACE ( 'NONE', ( #6607 ), #650, .F. ) ;
#2023 = PLANE ( 'NONE',  #3552 ) ;
#2024 = VERTEX_POINT ( 'NONE', #7495 ) ;
#2025 = PLANE ( 'NONE',  #3683 ) ;
#2026 = CARTESIAN_POINT ( 'NONE',  ( 8.384165596592779934, 13.17190922403005970, -14.93785075865084977 ) ) ;
#2027 = CARTESIAN_POINT ( 'NONE',  ( -15.01064898306214701, 12.93035648441134100, -8.849860994556706828 ) ) ;
#2028 = DIRECTION ( 'NONE',  ( 1.000000000000000000, 0.000000000000000000, 0.000000000000000000 ) ) ;
#2029 = CARTESIAN_POINT ( 'NONE',  ( -21.00000000000002132, 13.24999999999999822, 7.999999999999992895 ) ) ;
#2030 = CARTESIAN_POINT ( 'NONE',  ( 15.01064898306213458, 12.93035648441138008, 8.849860994556745908 ) ) ;
#2031 = EDGE_CURVE ( 'NONE', #6628, #2869, #1236, .T. ) ;
#2032 = EDGE_CURVE ( 'NONE', #5340, #7102, #2341, .T. ) ;
#2033 = CARTESIAN_POINT ( 'NONE',  ( 8.653567629720136267, 8.125727240586105182, 13.56807200422101189 ) ) ;
#2034 = CARTESIAN_POINT ( 'NONE',  ( 7.925793772813729987, 7.640146579567915985, 13.24659978108555336 ) ) ;
#2035 = APPROVAL_ROLE ( '' ) ;
#2036 = CARTESIAN_POINT ( 'NONE',  ( -13.46309704045871314, 8.459853420432093429, -8.980199218265402905 ) ) ;
#2037 = ORIENTED_EDGE ( 'NONE', *, *, #4140, .T. ) ;
#2038 = ADVANCED_FACE ( 'NONE', ( #8146 ), #3448, .T. ) ;
#2039 = CARTESIAN_POINT ( 'NONE',  ( 8.729593321320173516, 8.297074742545762049, 13.27793572838415770 ) ) ;
#2040 = AXIS2_PLACEMENT_3D ( 'NONE', #2702, #4746, #6672 ) ;
#2041 = CARTESIAN_POINT ( 'NONE',  ( -8.749999999999998224, 12.49999999999779376, 14.65974925560424325 ) ) ;
#2042 = DIRECTION ( 'NONE',  ( -1.084202172485505174E-16, 1.000000000000000000, 0.000000000000000000 ) ) ;
#2043 = ORIENTED_EDGE ( 'NONE', *, *, #2865, .F. ) ;
#2044 = CARTESIAN_POINT ( 'NONE',  ( 8.444804520715724294, 7.881216192377641150, -13.61718835362024649 ) ) ;
#2045 = ORIENTED_EDGE ( 'NONE', *, *, #6212, .F. ) ;
#2046 = LINE ( 'NONE', #1926, #4472 ) ;
#2047 = ORIENTED_EDGE ( 'NONE', *, *, #2802, .F. ) ;
#2048 = B_SPLINE_CURVE_WITH_KNOTS ( 'NONE', 3,
 ( #1901, #3314, #7833, #4443, #5899, #2479 ),
 .UNSPECIFIED., .F., .F.,
 ( 4, 2, 4 ),
 ( 0.0007975931796256625211, 0.001193785196917227691, 0.001589977214208792861 ),
 .UNSPECIFIED. ) ;
#2049 = CARTESIAN_POINT ( 'NONE',  ( 10.62440394913915398, 9.871001900377038396, 12.03861751151228887 ) ) ;
#2050 = VECTOR ( 'NONE', #1216, 1000.000000000000000 ) ;
#2051 = EDGE_CURVE ( 'NONE', #1238, #3822, #5466, .T. ) ;
#2052 = DIRECTION ( 'NONE',  ( 1.000000000000000000, -0.000000000000000000, 0.000000000000000000 ) ) ;
#2053 = CARTESIAN_POINT ( 'NONE',  ( -10.62436404432922110, 9.870799131290018735, 12.03857760670227606 ) ) ;
#2054 = DIRECTION ( 'NONE',  ( 0.6813100476940172623, -0.2676438637860938941, 0.6813100476940191497 ) ) ;
#2055 = CARTESIAN_POINT ( 'NONE',  ( -12.91251346170007253, 7.967686214840581371, 8.624543895059968435 ) ) ;
#2056 = AXIS2_PLACEMENT_3D ( 'NONE', #6548, #8481, #2530 ) ;
#2057 = CARTESIAN_POINT ( 'NONE',  ( -10.93558353015402140, 11.25650950994057631, 12.27742343018193694 ) ) ;
#2058 = ORIENTED_EDGE ( 'NONE', *, *, #2152, .T. ) ;
#2059 = CARTESIAN_POINT ( 'NONE',  ( -7.925793772813721105, 7.640146579567915985, -13.24659978108555869 ) ) ;
#2060 = AXIS2_PLACEMENT_3D ( 'NONE', #5907, #4452, #3990 ) ;
#2061 = CARTESIAN_POINT ( 'NONE',  ( 12.26080551003167685, 11.00004516124001697, 10.84659194765861834 ) ) ;
#2062 = ORIENTED_EDGE ( 'NONE', *, *, #1333, .F. ) ;
#2063 = CARTESIAN_POINT ( 'NONE',  ( -15.28907684920355159, 13.11942249928273796, 8.469883339689298296 ) ) ;
#2064 = CARTESIAN_POINT ( 'NONE',  ( -10.00000000000000000, 15.50164662274214145, -2.449293598294706513E-15 ) ) ;
#2065 = EDGE_LOOP ( 'NONE', ( #2268, #7249, #5353, #738, #4100, #8610, #2512, #6022 ) ) ;
#2066 = CARTESIAN_POINT ( 'NONE',  ( -14.88614673452774362, 12.89208588240142994, -8.647049310778850639 ) ) ;
#2067 = DIRECTION ( 'NONE',  ( -0.7071067811865463515, -0.000000000000000000, -0.7071067811865487940 ) ) ;
#2068 = AXIS2_PLACEMENT_3D ( 'NONE', #2750, #687, #110 ) ;
#2069 = LINE ( 'NONE', #2029, #3648 ) ;
#2070 = ORIENTED_EDGE ( 'NONE', *, *, #3613, .F. ) ;
#2071 = AXIS2_PLACEMENT_3D ( 'NONE', #320, #3525, #4181 ) ;
#2072 = FACE_OUTER_BOUND ( 'NONE', #2256, .T. ) ;
#2073 = CARTESIAN_POINT ( 'NONE',  ( 7.941461297367355066, 7.750000000000000888, 13.27278535104500712 ) ) ;
#2074 = ORIENTED_EDGE ( 'NONE', *, *, #3891, .T. ) ;
#2075 = CARTESIAN_POINT ( 'NONE',  ( 0.000000000000000000, 8.249999999999998224, -6.871931816258391557 ) ) ;
#2076 = EDGE_CURVE ( 'NONE', #5755, #211, #3418, .T. ) ;
#2077 = CARTESIAN_POINT ( 'NONE',  ( -14.50115789294371638, 12.71644746103198642, 8.749999999999998224 ) ) ;
#2078 = VECTOR ( 'NONE', #76, 1000.000000000000000 ) ;
#2079 = ORIENTED_EDGE ( 'NONE', *, *, #2965, .F. ) ;
#2080 = CARTESIAN_POINT ( 'NONE',  ( -12.89816096848443649, 8.069857782741902241, 8.696486819374264599 ) ) ;
#2081 = LINE ( 'NONE', #4769, #4440 ) ;
#2082 = VECTOR ( 'NONE', #7792, 1000.000000000000000 ) ;
#2083 = CARTESIAN_POINT ( 'NONE',  ( -8.533508299221143290, 13.26444114494488780, 15.30040869374138879 ) ) ;
#2084 = CARTESIAN_POINT ( 'NONE',  ( 19.09059477576453290, 9.731686437451772420, 5.029540588869223505 ) ) ;
#2085 = ORIENTED_EDGE ( 'NONE', *, *, #146, .F. ) ;
#2086 = EDGE_CURVE ( 'NONE', #5593, #5254, #3773, .T. ) ;
#2087 = FACE_OUTER_BOUND ( 'NONE', #2442, .T. ) ;
#2088 = EDGE_LOOP ( 'NONE', ( #6433, #3203, #2871, #5707 ) ) ;
#2089 = EDGE_CURVE ( 'NONE', #8153, #1698, #5178, .T. ) ;
#2090 = DIRECTION ( 'NONE',  ( 0.000000000000000000, -1.000000000000000000, -0.000000000000000000 ) ) ;
#2091 = VERTEX_POINT ( 'NONE', #5423 ) ;
#2092 = ORIENTED_EDGE ( 'NONE', *, *, #1034, .T. ) ;
#2093 = LINE ( 'NONE', #11, #4764 ) ;
#2094 = CIRCLE ( 'NONE', #2534, 0.1500000000000003830 ) ;
#2095 = CARTESIAN_POINT ( 'NONE',  ( 15.01125074294658468, 12.93124426990612896, -8.849327263209497474 ) ) ;
#2096 = CARTESIAN_POINT ( 'NONE',  ( -8.195869156634239872, 13.23016386911116982, 15.08470218096661419 ) ) ;
#2097 = DIRECTION ( 'NONE',  ( -0.000000000000000000, -1.000000000000000000, -0.000000000000000000 ) ) ;
#2098 = DIRECTION ( 'NONE',  ( 0.6813100476940172623, -0.2676438637860938941, 0.6813100476940192607 ) ) ;
#2099 = ORIENTED_EDGE ( 'NONE', *, *, #6503, .F. ) ;
#2100 = ADVANCED_FACE ( 'NONE', ( #4809 ), #2847, .T. ) ;
#2101 = CARTESIAN_POINT ( 'NONE',  ( -14.37528664517007293, 12.64399625812321482, -8.746115887068711459 ) ) ;
#2102 = ORIENTED_EDGE ( 'NONE', *, *, #7535, .T. ) ;
#2103 = CARTESIAN_POINT ( 'NONE',  ( -8.303517041262391984, 13.22386408192071272, -14.82175755771288905 ) ) ;
#2104 = CARTESIAN_POINT ( 'NONE',  ( 14.49568901432426493, 9.500000000000000000, -15.20279579551075777 ) ) ;
#2105 = DIRECTION ( 'NONE',  ( -0.7071067811865467956, 0.000000000000000000, 0.7071067811865482389 ) ) ;
#2106 = CARTESIAN_POINT ( 'NONE',  ( 8.750000000000003553, 9.831370388437361996, 13.53979924743932983 ) ) ;
#2107 = AXIS2_PLACEMENT_3D ( 'NONE', #3441, #8050, #1988 ) ;
#2108 = FACE_OUTER_BOUND ( 'NONE', #1979, .T. ) ;
#2109 = LINE ( 'NONE', #4144, #4919 ) ;
#2110 = CARTESIAN_POINT ( 'NONE',  ( 8.824238860517949590, 12.66955441072183497, -14.33553273365739855 ) ) ;
#2111 = EDGE_CURVE ( 'NONE', #5654, #1523, #7223, .T. ) ;
#2112 = DIRECTION ( 'NONE',  ( -0.7071067811865487940, 0.000000000000000000, 0.7071067811865463515 ) ) ;
#2113 = ORIENTED_EDGE ( 'NONE', *, *, #4207, .F. ) ;
#2114 = CARTESIAN_POINT ( 'NONE',  ( 12.60705276745988357, 11.05603359937935082, 12.25349937675876433 ) ) ;
#2115 = LINE ( 'NONE', #1470, #2078 ) ;
#2116 = CARTESIAN_POINT ( 'NONE',  ( 14.92852743426319329, 12.50814509075983949, 8.761024880886289168 ) ) ;
#2117 = VECTOR ( 'NONE', #7494, 1000.000000000000000 ) ;
#2118 = AXIS2_PLACEMENT_3D ( 'NONE', #5880, #7992, #3912 ) ;
#2119 = CARTESIAN_POINT ( 'NONE',  ( 8.980199218265404681, 8.459853420432093429, 13.46309704045871669 ) ) ;
#2120 = B_SPLINE_CURVE_WITH_KNOTS ( 'NONE', 3,
 ( #3151, #3897, #8141, #8612, #6844, #7368 ),
 .UNSPECIFIED., .F., .F.,
 ( 4, 2, 4 ),
 ( 2.047269106108654661E-07, 0.0003970266339052867452, 0.0007938485408999626167 ),
 .UNSPECIFIED. ) ;
#2121 = CARTESIAN_POINT ( 'NONE',  ( 8.750000000000003553, 12.61206145962823655, 14.70344805081502138 ) ) ;
#2122 = AXIS2_PLACEMENT_3D ( 'NONE', #1923, #6569, #4473 ) ;
#2123 = CIRCLE ( 'NONE', #1862, 17.39987604145331446 ) ;
#2124 = CARTESIAN_POINT ( 'NONE',  ( 8.750000000000003553, 11.16497763736489901, -14.22591835434227825 ) ) ;
#2125 = CARTESIAN_POINT ( 'NONE',  ( 18.20485689649835948, 8.688837731368044714, 5.652384859495970026 ) ) ;
#2126 = VERTEX_POINT ( 'NONE', #5383 ) ;
#2127 = B_SPLINE_CURVE_WITH_KNOTS ( 'NONE', 3,
 ( #7430, #4130, #6785, #786 ),
 .UNSPECIFIED., .F., .F.,
 ( 4, 4 ),
 ( 0.000000000000000000, 1.000000000000000000 ),
 .UNSPECIFIED. ) ;
#2128 = CIRCLE ( 'NONE', #474, 17.39987604145331446 ) ;
#2129 = ADVANCED_FACE ( 'NONE', ( #4119 ), #7008, .T. ) ;
#2130 = CARTESIAN_POINT ( 'NONE',  ( -13.05299771608764736, 8.401700249235787510, 8.749999999999998224 ) ) ;
#2131 = CARTESIAN_POINT ( 'NONE',  ( -12.90874566890950526, 8.299440474032973469, -8.794535156164988265 ) ) ;
#2132 = CARTESIAN_POINT ( 'NONE',  ( -8.974846694154864579, 12.58867656368913224, 14.82524942834583825 ) ) ;
#2133 = DIRECTION ( 'NONE',  ( 0.7071067811865485719, 0.000000000000000000, -0.7071067811865465735 ) ) ;
#2134 = ORIENTED_EDGE ( 'NONE', *, *, #115, .F. ) ;
#2135 = CARTESIAN_POINT ( 'NONE',  ( -8.644104815981231482, 12.89695940036001431, -14.89011991898615683 ) ) ;
#2136 = ORIENTED_EDGE ( 'NONE', *, *, #8274, .T. ) ;
#2137 = AXIS2_PLACEMENT_3D ( 'NONE', #5430, #8031, #6737 ) ;
#2138 = CARTESIAN_POINT ( 'NONE',  ( -8.749999999999998224, 8.500000000000007105, -21.00000000000002132 ) ) ;
#2139 = ORIENTED_EDGE ( 'NONE', *, *, #1155, .T. ) ;
#2140 = LINE ( 'NONE', #4697, #4209 ) ;
#2141 = PLANE ( 'NONE',  #1778 ) ;
#2142 = EDGE_CURVE ( 'NONE', #7050, #1653, #576, .T. ) ;
#2143 = CARTESIAN_POINT ( 'NONE',  ( -8.101799416557332378, 13.25000000000000178, 15.15337817441109003 ) ) ;
#2144 = EDGE_CURVE ( 'NONE', #1144, #7976, #7374, .T. ) ;
#2145 = AXIS2_PLACEMENT_3D ( 'NONE', #2758, #6689, #4153 ) ;
#2146 = FACE_BOUND ( 'NONE', #3186, .T. ) ;
#2147 = FACE_OUTER_BOUND ( 'NONE', #2769, .T. ) ;
#2148 = VERTEX_POINT ( 'NONE', #1554 ) ;
#2149 = CARTESIAN_POINT ( 'NONE',  ( -14.96418132179022820, 13.44014649754410584, -8.171453982576601049 ) ) ;
#2150 = ORIENTED_EDGE ( 'NONE', *, *, #3371, .F. ) ;
#2151 = DIRECTION ( 'NONE',  ( 0.7071067811865487940, 0.000000000000000000, -0.7071067811865463515 ) ) ;
#2152 = EDGE_CURVE ( 'NONE', #6855, #3818, #1927, .T. ) ;
#2153 = DIRECTION ( 'NONE',  ( 0.000000000000000000, 1.000000000000000000, -0.000000000000000000 ) ) ;
#2154 = CARTESIAN_POINT ( 'NONE',  ( 8.643773929270476941, 12.89750503239667090, -14.64914373833227401 ) ) ;
#2155 = FACE_OUTER_BOUND ( 'NONE', #4652, .T. ) ;
#2156 = DIRECTION ( 'NONE',  ( -0.000000000000000000, -0.000000000000000000, 1.000000000000000000 ) ) ;
#2157 = EDGE_LOOP ( 'NONE', ( #7539, #3289, #4024, #6899 ) ) ;
#2158 = DIRECTION ( 'NONE',  ( -0.1892527910123286417, -0.9635179096299408830, -0.1892527910399026403 ) ) ;
#2159 = CARTESIAN_POINT ( 'NONE',  ( 13.46263208860389682, 9.863111770944888335, -8.750000000003671730 ) ) ;
#2160 = VERTEX_POINT ( 'NONE', #3017 ) ;
#2161 = EDGE_CURVE ( 'NONE', #2869, #4572, #3196, .T. ) ;
#2162 = CARTESIAN_POINT ( 'NONE',  ( 14.78329181874944354, 12.45985342043207744, 8.975003248201144146 ) ) ;
#2163 = VERTEX_POINT ( 'NONE', #6336 ) ;
#2164 = DIRECTION ( 'NONE',  ( 0.000000000000000000, -1.000000000000000000, 0.000000000000000000 ) ) ;
#2165 = DIRECTION ( 'NONE',  ( 0.000000000000000000, -0.000000000000000000, -1.000000000000000000 ) ) ;
#2166 = DIRECTION ( 'NONE',  ( -0.6813100476940172623, 0.2676438637860938941, -0.6813100476940191497 ) ) ;
#2167 = ORIENTED_EDGE ( 'NONE', *, *, #2609, .F. ) ;
#2168 = DIRECTION ( 'NONE',  ( 0.000000000000000000, 0.000000000000000000, -1.000000000000000000 ) ) ;
#2169 = CYLINDRICAL_SURFACE ( 'NONE', #1295, 0.7500000000000006661 ) ;
#2170 = CARTESIAN_POINT ( 'NONE',  ( -8.430988971991567382, 7.877788207465135528, -13.09843276935598233 ) ) ;
#2171 = CARTESIAN_POINT ( 'NONE',  ( 14.29338720761957404, 12.54014657956791012, -8.824077831548116535 ) ) ;
#2172 = CARTESIAN_POINT ( 'NONE',  ( -7.930201324676922070, 13.40000000000000213, -15.08482716597920081 ) ) ;
#2173 = VERTEX_POINT ( 'NONE', #6375 ) ;
#2174 = CARTESIAN_POINT ( 'NONE',  ( 8.750000000000003553, 12.49999999999999467, -14.65974925560509590 ) ) ;
#2175 = CARTESIAN_POINT ( 'NONE',  ( 13.69497992962823218, 10.85530070153508397, 10.86655280476730567 ) ) ;
#2176 = EDGE_LOOP ( 'NONE', ( #2899, #6, #8445, #1973 ) ) ;
#2177 = VERTEX_POINT ( 'NONE', #297 ) ;
#2178 = FACE_OUTER_BOUND ( 'NONE', #675, .T. ) ;
#2179 = CARTESIAN_POINT ( 'NONE',  ( 15.32705210642390270, 13.25000000000000355, -8.200661534436115119 ) ) ;
#2180 = AXIS2_PLACEMENT_3D ( 'NONE', #8304, #3008, #2430 ) ;
#2181 = FACE_OUTER_BOUND ( 'NONE', #237, .T. ) ;
#2182 = CARTESIAN_POINT ( 'NONE',  ( -8.181452182643697668, 7.559853420432081528, -13.67294449436311332 ) ) ;
#2183 = CARTESIAN_POINT ( 'NONE',  ( 13.01799458444462765, 8.108092669121825580, -8.647737146703809330 ) ) ;
#2184 = CARTESIAN_POINT ( 'NONE',  ( 13.04275645784639792, 10.57427464457846966, 11.62854289535167140 ) ) ;
#2185 = CARTESIAN_POINT ( 'NONE',  ( 12.56281411689619176, 10.66666596192059302, -11.14860055452305332 ) ) ;
#2186 = ADVANCED_FACE ( 'NONE', ( #1684 ), #1031, .T. ) ;
#2187 = AXIS2_PLACEMENT_3D ( 'NONE', #1279, #8495, #5215 ) ;
#2188 = ORIENTED_EDGE ( 'NONE', *, *, #1296, .T. ) ;
#2189 = ADVANCED_FACE ( 'NONE', ( #7579 ), #6289, .F. ) ;
#2190 = CARTESIAN_POINT ( 'NONE',  ( 16.60616015476926322, 16.49999999999999645, -2.033668087966649209E-15 ) ) ;
#2191 = TOROIDAL_SURFACE ( 'NONE', #8321, 19.39999999999999858, 0.5000000000000004441 ) ;
#2192 = CARTESIAN_POINT ( 'NONE',  ( 8.086952032419489456, 7.750000000000000888, -13.55062285064616923 ) ) ;
#2194 = DIRECTION ( 'NONE',  ( -0.000000000000000000, 1.000000000000000000, 0.000000000000000000 ) ) ;
#2193 = B_SPLINE_CURVE_WITH_KNOTS ( 'NONE', 3,
 ( #865, #387, #6948, #7037, #349, #3068, #6859, #3023, #3555, #8319 ),
 .UNSPECIFIED., .F., .F.,
 ( 4, 3, 3, 4 ),
 ( 0.000000000000000000, 0.0003000000100802784910, 0.001500001362103552593, 0.004212287714480105610 ),
 .UNSPECIFIED. ) ;
#2195 = PLANE ( 'NONE',  #1145 ) ;
#2196 = CARTESIAN_POINT ( 'NONE',  ( 15.55634918610408413, 10.99999999999999645, -14.14213562373093680 ) ) ;
#2197 = CARTESIAN_POINT ( 'NONE',  ( 0.000000000000000000, 6.732356136213907938, 15.70343226005942228 ) ) ;
#2198 = ADVANCED_FACE ( 'NONE', ( #990 ), #7069, .F. ) ;
#2199 = EDGE_CURVE ( 'NONE', #6347, #1047, #5597, .T. ) ;
#2200 = CARTESIAN_POINT ( 'NONE',  ( 0.000000000000000000, 7.750000000000001776, 0.000000000000000000 ) ) ;
#2201 = CIRCLE ( 'NONE', #2060, 16.50884606410363276 ) ;
#2202 = DIRECTION ( 'NONE',  ( 0.000000000000000000, 0.000000000000000000, -1.000000000000000000 ) ) ;
#2203 = EDGE_LOOP ( 'NONE', ( #4831, #5743, #6036, #7252 ) ) ;
#2204 = CARTESIAN_POINT ( 'NONE',  ( 8.856505393181045349, 7.988658280405503298, -13.38818511127741573 ) ) ;
#2205 = AXIS2_PLACEMENT_3D ( 'NONE', #1546, #6279, #242 ) ;
#2206 = CARTESIAN_POINT ( 'NONE',  ( -8.824077831548111206, 12.54014657956790657, 14.29338720761957759 ) ) ;
#2207 = DIRECTION ( 'NONE',  ( 0.7071067811865475727, 0.000000000000000000, 0.7071067811865475727 ) ) ;
#2208 = ADVANCED_FACE ( 'NONE', ( #4894 ), #902, .F. ) ;
#2209 = EDGE_LOOP ( 'NONE', ( #6248, #3587, #562, #2942 ) ) ;
#2210 = ORIENTED_EDGE ( 'NONE', *, *, #2089, .T. ) ;
#2211 = CARTESIAN_POINT ( 'NONE',  ( 6.543182248947232438, -6.248886989652646662, 10.56531071628796781 ) ) ;
#2212 = CARTESIAN_POINT ( 'NONE',  ( -13.18261026417635406, 7.640146579567911544, -8.032741233847689344 ) ) ;
#2213 = CARTESIAN_POINT ( 'NONE',  ( -8.749999999999998224, 8.500000000000007105, -21.00000000000002132 ) ) ;
#2214 = CARTESIAN_POINT ( 'NONE',  ( 8.818749239510214721, 8.540146579567922558, 12.97309164460348896 ) ) ;
#2215 = ORIENTED_EDGE ( 'NONE', *, *, #6064, .F. ) ;
#2216 = VECTOR ( 'NONE', #2333, 1000.000000000000000 ) ;
#2217 = CARTESIAN_POINT ( 'NONE',  ( -8.371830143653898659, 13.15822734738287281, -15.17794169866943754 ) ) ;
#2218 = VERTEX_POINT ( 'NONE', #943 ) ;
#2219 = ADVANCED_FACE ( 'NONE', ( #3281 ), #4585, .F. ) ;
#2220 = DIRECTION ( 'NONE',  ( -1.084202172485505174E-16, 1.000000000000000000, 0.000000000000000000 ) ) ;
#2221 = CARTESIAN_POINT ( 'NONE',  ( -13.34286252986123600, 8.500000000000007105, 8.749999999999998224 ) ) ;
#2222 = FACE_BOUND ( 'NONE', #3116, .T. ) ;
#2223 = AXIS2_PLACEMENT_3D ( 'NONE', #4747, #5491, #3358 ) ;
#2224 = CARTESIAN_POINT ( 'NONE',  ( -8.444804520715781138, 7.881216192377905827, 13.61718835362022162 ) ) ;
#2225 = DIRECTION ( 'NONE',  ( -0.000000000000000000, -0.000000000000000000, 1.000000000000000000 ) ) ;
#2226 = CARTESIAN_POINT ( 'NONE',  ( 13.37062271443103079, 7.750000000000001776, -8.000000000000900613 ) ) ;
#2227 = ORIENTED_EDGE ( 'NONE', *, *, #7296, .F. ) ;
#2228 = ORIENTED_EDGE ( 'NONE', *, *, #420, .F. ) ;
#2229 = CARTESIAN_POINT ( 'NONE',  ( -7.932747726257767695, 13.44014657956791581, -15.08967093049028918 ) ) ;
#2230 = EDGE_LOOP ( 'NONE', ( #8273, #6792, #765, #1579 ) ) ;
#2231 = CARTESIAN_POINT ( 'NONE',  ( 0.000000000000000000, 15.42678132618368458, -13.29311039424772645 ) ) ;
#2232 = B_SPLINE_CURVE_WITH_KNOTS ( 'NONE', 3,
 ( #1489, #3517, #178, #7161 ),
 .UNSPECIFIED., .F., .F.,
 ( 4, 4 ),
 ( 2.076005308170520007E-07, 0.001038212667460954074 ),
 .UNSPECIFIED. ) ;
#2233 = DIRECTION ( 'NONE',  ( 0.000000000000000000, 0.000000000000000000, -1.000000000000000000 ) ) ;
#2234 = EDGE_CURVE ( 'NONE', #2126, #3526, #2201, .T. ) ;
#2235 = CARTESIAN_POINT ( 'NONE',  ( -10.92159357766416861, 9.500045161240020519, -11.62870035885075204 ) ) ;
#2236 = CARTESIAN_POINT ( 'NONE',  ( -14.78329181874944354, 12.45985342043208099, -8.975003248201147699 ) ) ;
#2237 = ORIENTED_EDGE ( 'NONE', *, *, #7262, .T. ) ;
#2238 = CARTESIAN_POINT ( 'NONE',  ( -8.334110571071205342, 7.792253935049243019, 13.04492446933943306 ) ) ;
#2239 = CARTESIAN_POINT ( 'NONE',  ( 14.81246661917095153, 13.32885855960738475, 8.377391905626424773 ) ) ;
#2240 = CARTESIAN_POINT ( 'NONE',  ( -11.68171179238844637, 11.50000000000000000, 12.38881857357494809 ) ) ;
#2241 = VERTEX_POINT ( 'NONE', #6640 ) ;
#2242 = DIRECTION ( 'NONE',  ( 0.000000000000000000, 1.000000000000000000, -0.000000000000000000 ) ) ;
#2243 = CARTESIAN_POINT ( 'NONE',  ( -11.21418861615252816, 10.99999999999999645, 12.62840217852558311 ) ) ;
#2244 = VERTEX_POINT ( 'NONE', #603 ) ;
#2245 = CARTESIAN_POINT ( 'NONE',  ( 7.865056918868988056, 9.441672916265591908, 16.28792642843469096 ) ) ;
#2246 = ADVANCED_FACE ( 'NONE', ( #8523 ), #1922, .T. ) ;
#2247 = CARTESIAN_POINT ( 'NONE',  ( 8.729711360937068676, 8.298439434960965144, -13.02797185597933627 ) ) ;
#2248 = EDGE_CURVE ( 'NONE', #248, #2244, #6963, .T. ) ;
#2249 = ORIENTED_EDGE ( 'NONE', *, *, #7979, .F. ) ;
#2250 = CARTESIAN_POINT ( 'NONE',  ( 15.21759819039019135, 13.40000000000000213, -7.999999999999994671 ) ) ;
#2251 = B_SPLINE_CURVE_WITH_KNOTS ( 'NONE', 3,
 ( #8342, #5570, #7476, #275, #8165, #2229 ),
 .UNSPECIFIED., .F., .F.,
 ( 4, 2, 4 ),
 ( 0.000000000000000000, 0.0008057386398456057143, 0.001611477279691211429 ),
 .UNSPECIFIED. ) ;
#2252 = DIRECTION ( 'NONE',  ( 0.7071067811865483499, 0.000000000000000000, -0.7071067811865465735 ) ) ;
#2253 = PERSON_AND_ORGANIZATION ( #5881, #3284 ) ;
#2254 = CARTESIAN_POINT ( 'NONE',  ( -8.749999999999998224, 8.500000000000007105, -21.00000000000002132 ) ) ;
#2255 = CIRCLE ( 'NONE', #7982, 15.70343226005942228 ) ;
#2256 = EDGE_LOOP ( 'NONE', ( #1299, #2514, #3097, #5827 ) ) ;
#2257 = CARTESIAN_POINT ( 'NONE',  ( 0.000000000000000000, 9.500045161240020519, 0.000000000000000000 ) ) ;
#2258 = ADVANCED_FACE ( 'NONE', ( #7757 ), #5245, .F. ) ;
#2259 = AXIS2_PLACEMENT_3D ( 'NONE', #4728, #6779, #4772 ) ;
#2260 = CARTESIAN_POINT ( 'NONE',  ( 7.999999999999996447, 13.40000000000000213, -15.21759819039019135 ) ) ;
#2261 = AXIS2_PLACEMENT_3D ( 'NONE', #3163, #7817, #5256 ) ;
#2262 = CARTESIAN_POINT ( 'NONE',  ( 0.000000000000000000, 7.749999999999999112, 0.000000000000000000 ) ) ;
#2263 = DIRECTION ( 'NONE',  ( -0.6813100476940173733, 0.2676438637860937275, -0.6813100476940190386 ) ) ;
#2264 = CARTESIAN_POINT ( 'NONE',  ( 0.000000000000000000, 6.499999999999999112, 19.39999999999999858 ) ) ;
#2265 = ORIENTED_EDGE ( 'NONE', *, *, #7398, .F. ) ;
#2266 = CARTESIAN_POINT ( 'NONE',  ( 0.000000000000000000, 8.249999999999998224, 0.000000000000000000 ) ) ;
#2267 = ORIENTED_EDGE ( 'NONE', *, *, #4140, .F. ) ;
#2268 = ORIENTED_EDGE ( 'NONE', *, *, #1507, .T. ) ;
#2269 = AXIS2_PLACEMENT_3D ( 'NONE', #18, #7307, #5357 ) ;
#2270 = CARTESIAN_POINT ( 'NONE',  ( 8.857264871895807801, 7.989979565696343045, 13.38812192085653763 ) ) ;
#2271 = TOROIDAL_SURFACE ( 'NONE', #1430, 1.750000000000000000, 0.2500000000000000000 ) ;
#2272 = CARTESIAN_POINT ( 'NONE',  ( -13.28137216181383806, 8.023388668473884877, 8.587850649769455558 ) ) ;
#2273 = CARTESIAN_POINT ( 'NONE',  ( 0.000000000000000000, 14.99999999999999645, 0.000000000000000000 ) ) ;
#2274 = CARTESIAN_POINT ( 'NONE',  ( 0.000000000000000000, 6.499999999999998224, 0.000000000000000000 ) ) ;
#2275 = CIRCLE ( 'NONE', #3414, 6.871931816258391557 ) ;
#2276 = CARTESIAN_POINT ( 'NONE',  ( 12.51242637195371898, 10.57427464456438138, 12.15887298123881521 ) ) ;
#2277 = CARTESIAN_POINT ( 'NONE',  ( 0.000000000000000000, 13.40000000000000036, 3.886556190601316803E-15 ) ) ;
#2278 = ORIENTED_EDGE ( 'NONE', *, *, #569, .F. ) ;
#2279 = ORIENTED_EDGE ( 'NONE', *, *, #8574, .F. ) ;
#2280 = CARTESIAN_POINT ( 'NONE',  ( 12.39543897012401175, 11.77867203159241427, 12.74899236063012076 ) ) ;
#2281 = ORIENTED_EDGE ( 'NONE', *, *, #5426, .T. ) ;
#2282 = CARTESIAN_POINT ( 'NONE',  ( 13.60124325485363350, 8.413726081778227339, 8.750000000000000000 ) ) ;
#2283 = APPROVAL_PERSON_ORGANIZATION ( #2846, #315, #5062 ) ;
#2284 = CARTESIAN_POINT ( 'NONE',  ( 13.27847873882843643, 8.298831318437699167, -8.729789075985820546 ) ) ;
#2285 = DIRECTION ( 'NONE',  ( -0.000000000000000000, 1.000000000000000000, -0.000000000000000000 ) ) ;
#2286 = ORIENTED_EDGE ( 'NONE', *, *, #7487, .T. ) ;
#2287 = LINE ( 'NONE', #6321, #4502 ) ;
#2288 = CARTESIAN_POINT ( 'NONE',  ( 14.33578991974747652, 12.67034420679756046, 8.824239899341421278 ) ) ;
#2289 = ORIENTED_EDGE ( 'NONE', *, *, #820, .T. ) ;
#2290 = CARTESIAN_POINT ( 'NONE',  ( 12.97221999686077609, 7.802619618609078600, -8.450765044384288771 ) ) ;
#2291 = DIRECTION ( 'NONE',  ( -0.000000000000000000, -1.000000000000000000, -0.000000000000000000 ) ) ;
#2292 = EDGE_CURVE ( 'NONE', #6418, #7536, #8332, .T. ) ;
#2293 = DIRECTION ( 'NONE',  ( 0.000000000000000000, 0.3090529753642040633, -0.9510448246105610570 ) ) ;
#2294 = CARTESIAN_POINT ( 'NONE',  ( 7.280611778696551184, 13.57363290978465464, 18.49555875250092996 ) ) ;
#2295 = ORIENTED_EDGE ( 'NONE', *, *, #3182, .F. ) ;
#2296 = PLANE ( 'NONE',  #1003 ) ;
#2297 = CARTESIAN_POINT ( 'NONE',  ( -8.725307159825618442, 12.71537095137161444, 14.51900995098330682 ) ) ;
#2298 = CARTESIAN_POINT ( 'NONE',  ( 5.376077663072464929, -22.42948100314379190, 5.376077663072464929 ) ) ;
#2299 = EDGE_CURVE ( 'NONE', #2413, #3404, #3205, .T. ) ;
#2300 = EDGE_LOOP ( 'NONE', ( #3975, #5637, #3147, #8072 ) ) ;
#2301 = EDGE_CURVE ( 'NONE', #5067, #6730, #1256, .T. ) ;
#2302 = DIRECTION ( 'NONE',  ( 3.552713678800500929E-15, -1.993949234861233379E-16, 1.000000000000000000 ) ) ;
#2303 = CARTESIAN_POINT ( 'NONE',  ( 14.29338720761957937, 12.54014657956790479, 8.824077831548112982 ) ) ;
#2304 = CARTESIAN_POINT ( 'NONE',  ( -14.78329181874944354, 12.45985342043207567, 8.975003248201144146 ) ) ;
#2305 = CARTESIAN_POINT ( 'NONE',  ( 10.84659194765857748, 11.00004516124001697, 12.26080551003171237 ) ) ;
#2306 = CARTESIAN_POINT ( 'NONE',  ( 8.750000000000003553, 12.49999999999999467, 14.65974925560509590 ) ) ;
#2307 = VERTEX_POINT ( 'NONE', #1906 ) ;
#2308 = CARTESIAN_POINT ( 'NONE',  ( 8.849860994556708604, 12.93035648441134100, -15.01064898306214523 ) ) ;
#2309 = EDGE_LOOP ( 'NONE', ( #7747, #6473, #8290, #2058 ) ) ;
#2310 = EDGE_CURVE ( 'NONE', #4960, #2612, #5433, .T. ) ;
#2311 = CARTESIAN_POINT ( 'NONE',  ( -15.32066171876046567, 13.23013748590532579, 8.196010581980219811 ) ) ;
#2312 = CARTESIAN_POINT ( 'NONE',  ( -13.59503840427214350, 7.939167140484671314, 8.511079952560400841 ) ) ;
#2313 = CARTESIAN_POINT ( 'NONE',  ( -13.01508767021575608, 8.526040938946250591, -8.750000000000005329 ) ) ;
#2314 = CARTESIAN_POINT ( 'NONE',  ( -8.749999999985231369, 11.06832986504728211, -14.47168223094551109 ) ) ;
#2315 = VECTOR ( 'NONE', #7524, 1000.000000000000114 ) ;
#2316 = CARTESIAN_POINT ( 'NONE',  ( -13.61718835361991964, 7.881216192377627827, -8.444804520715585738 ) ) ;
#2317 = CARTESIAN_POINT ( 'NONE',  ( 1.729437859655800804E-15, 6.499999999999998224, 14.12193181625839244 ) ) ;
#2318 = VERTEX_POINT ( 'NONE', #1822 ) ;
#2319 = EDGE_LOOP ( 'NONE', ( #6775, #438 ) ) ;
#2320 = DIRECTION ( 'NONE',  ( -0.8851401627399647642, 0.000000000000000000, -0.4653245021537859016 ) ) ;
#2321 = ORIENTED_EDGE ( 'NONE', *, *, #124, .F. ) ;
#2322 = EDGE_CURVE ( 'NONE', #8413, #6084, #2339, .T. ) ;
#2323 = CARTESIAN_POINT ( 'NONE',  ( 13.39847186156539749, 8.217529388980954863, 8.955848606822312874 ) ) ;
#2324 = AXIS2_PLACEMENT_3D ( 'NONE', #4183, #2958, #1058 ) ;
#2325 = DIRECTION ( 'NONE',  ( -0.000000000000000000, 1.000000000000000000, -0.000000000000000000 ) ) ;
#2326 = DIRECTION ( 'NONE',  ( 0.000000000000000000, 0.000000000000000000, 1.000000000000000000 ) ) ;
#2327 = ORIENTED_EDGE ( 'NONE', *, *, #359, .T. ) ;
#2328 = LINE ( 'NONE', #5672, #724 ) ;
#2329 = CARTESIAN_POINT ( 'NONE',  ( -13.39825866328795811, 8.216370959051335632, -8.955590235349241368 ) ) ;
#2330 = VERTEX_POINT ( 'NONE', #1124 ) ;
#2331 = FACE_OUTER_BOUND ( 'NONE', #2590, .T. ) ;
#2332 = LINE ( 'NONE', #1859, #7077 ) ;
#2333 = DIRECTION ( 'NONE',  ( -0.6813100476940172623, 0.2676438637860938941, -0.6813100476940191497 ) ) ;
#2334 = VECTOR ( 'NONE', #4353, 1000.000000000000000 ) ;
#2335 = PLANE ( 'NONE',  #8526 ) ;
#2336 = VERTEX_POINT ( 'NONE', #1868 ) ;
#2337 = CARTESIAN_POINT ( 'NONE',  ( -12.08636383166246553, 9.500045161240022296, -11.19248788224105340 ) ) ;
#2338 = DIRECTION ( 'NONE',  ( -0.000000000000000000, 1.000000000000000000, -0.000000000000000000 ) ) ;
#2339 = B_SPLINE_CURVE_WITH_KNOTS ( 'NONE', 3,
 ( #5200, #4497, #7229, #3942, #1776, #8482, #1212, #475, #6597, #7276 ),
 .UNSPECIFIED., .F., .F.,
 ( 4, 3, 3, 4 ),
 ( 0.000000000000000000, 0.0003000000171804503412, 0.001500001973123546960, 0.004212287932787169877 ),
 .UNSPECIFIED. ) ;
#2340 = CARTESIAN_POINT ( 'NONE',  ( 13.54469339120475979, 10.25560990408194861, 8.821139817153090590 ) ) ;
#2341 = CIRCLE ( 'NONE', #6266, 19.39999999999999858 ) ;
#2342 = CARTESIAN_POINT ( 'NONE',  ( -13.03426457067077493, 8.016023213741304332, -8.581959042047058617 ) ) ;
#2343 = ORIENTED_EDGE ( 'NONE', *, *, #4102, .F. ) ;
#2344 = ORIENTED_EDGE ( 'NONE', *, *, #5514, .T. ) ;
#2345 = CIRCLE ( 'NONE', #688, 0.3750000000000003331 ) ;
#2346 = CARTESIAN_POINT ( 'NONE',  ( -15.21759819039019668, 13.24999999999999822, 7.999999999999992895 ) ) ;
#2347 = CARTESIAN_POINT ( 'NONE',  ( 8.780324235076344408, 13.02769231253558146, 15.08293099975597151 ) ) ;
#2348 = EDGE_CURVE ( 'NONE', #2535, #2717, #5715, .T. ) ;
#2349 = DIRECTION ( 'NONE',  ( 0.8851401627399664296, -1.023648946556628627E-14, 0.4653245021537827930 ) ) ;
#2350 = CARTESIAN_POINT ( 'NONE',  ( 12.12961256117010400, 10.33337770646207510, 10.71539899879704905 ) ) ;
#2351 = EDGE_LOOP ( 'NONE', ( #2502, #1457, #5413, #7416, #6910, #6218, #4701, #5112, #2074, #5671, #1739, #7566, #4321, #3467, #4261, #3811 ) ) ;
#2352 = CARTESIAN_POINT ( 'NONE',  ( -8.502887159392697569, 7.658959718397727379, 13.50787978382501819 ) ) ;
#2353 =( BOUNDED_SURFACE ( )  B_SPLINE_SURFACE ( 3, 2, ( 
 ( #3135, #7914, #8508 ),
 ( #1108, #2421, #7785 ),
 ( #3173, #1936, #1807 ),
 ( #2516, #4527, #1197 ),
 ( #2563, #7740, #7873 ),
 ( #1760, #5850, #5232 ),
 ( #1895, #4567, #4482 ),
 ( #7214, #412, #1061 ),
 ( #7132, #3881, #3758 ),
 ( #5760, #5188, #7827 ) ),
 .UNSPECIFIED., .F., .F., .F. ) 
 B_SPLINE_SURFACE_WITH_KNOTS ( ( 4, 2, 2, 2, 4 ),
 ( 3, 3 ),
 ( 0.000000000000000000, 0.0003713331171499301684, 0.0007426662342998603368, 0.001113999351449790559, 0.001485332468599720674 ),
 ( 0.000000000000000000, 1.000000000000000000 ),
 .UNSPECIFIED. ) 
 GEOMETRIC_REPRESENTATION_ITEM ( )  RATIONAL_B_SPLINE_SURFACE ( (
 ( 1.000000000000000000, 0.7961293436955102498, 1.000000000000000000),
 ( 1.000000000000000000, 0.8146489949728020763, 1.000000000000000000),
 ( 1.000000000000000000, 0.8315454612101839116, 1.000000000000000000),
 ( 1.000000000000000000, 0.8614977035097436397, 1.000000000000000000),
 ( 1.000000000000000000, 0.8740129294220652101, 1.000000000000000000),
 ( 1.000000000000000000, 0.8912487055336414388, 1.000000000000000000),
 ( 1.000000000000000000, 0.8958119522467242746, 1.000000000000000000),
 ( 1.000000000000000000, 0.8943686009368692069, 1.000000000000000000),
 ( 1.000000000000000000, 0.8883767022280181225, 1.000000000000000000),
 ( 1.000000000000000000, 0.8779725897198052964, 1.000000000000000000) ) ) 
 REPRESENTATION_ITEM ( '' )  SURFACE ( )  );
#2354 = VERTEX_POINT ( 'NONE', #6462 ) ;
#2355 = ORIENTED_EDGE ( 'NONE', *, *, #3293, .F. ) ;
#2356 = CIRCLE ( 'NONE', #1935, 18.19999999999999929 ) ;
#2357 = ORIENTED_EDGE ( 'NONE', *, *, #595, .F. ) ;
#2358 = FACE_OUTER_BOUND ( 'NONE', #6740, .T. ) ;
#2359 = CARTESIAN_POINT ( 'NONE',  ( -8.749999999999998224, 12.60757765759142579, -14.70169960996306280 ) ) ;
#2360 = CARTESIAN_POINT ( 'NONE',  ( 0.000000000000000000, 7.750000000000001776, 0.000000000000000000 ) ) ;
#2361 = EDGE_CURVE ( 'NONE', #3740, #1587, #2120, .T. ) ;
#2362 = ADVANCED_FACE ( 'NONE', ( #6722 ), #3492, .F. ) ;
#2363 = CARTESIAN_POINT ( 'NONE',  ( -13.54869861395404484, 7.750000000000000888, -8.089680429056262057 ) ) ;
#2364 = DIRECTION ( 'NONE',  ( -0.000000000000000000, -1.000000000000000000, 0.000000000000000000 ) ) ;
#2365 = ORIENTED_EDGE ( 'NONE', *, *, #3134, .F. ) ;
#2366 = ORIENTED_EDGE ( 'NONE', *, *, #7629, .F. ) ;
#2367 = B_SPLINE_CURVE_WITH_KNOTS ( 'NONE', 3,
 ( #2059, #2703, #4790, #6104, #4832, #5323, #3527, #4062, #6023, #5448 ),
 .UNSPECIFIED., .F., .F.,
 ( 4, 2, 2, 2, 4 ),
 ( 0.000000000000000000, 0.0003695598187948536317, 0.0007391196375897072634, 0.001108679456384560787, 0.001478239275179414527 ),
 .UNSPECIFIED. ) ;
#2368 = DIRECTION ( 'NONE',  ( -0.000000000000000000, 1.000000000000000000, 0.000000000000000000 ) ) ;
#2369 = EDGE_LOOP ( 'NONE', ( #5876, #1888 ) ) ;
#2370 = LINE ( 'NONE', #7739, #13 ) ;
#2371 = AXIS2_PLACEMENT_3D ( 'NONE', #429, #8358, #1080 ) ;
#2372 = CARTESIAN_POINT ( 'NONE',  ( 11.21419750224826650, 11.00004516124001697, 12.62841106462140317 ) ) ;
#2373 = FACE_OUTER_BOUND ( 'NONE', #615, .T. ) ;
#2374 = CARTESIAN_POINT ( 'NONE',  ( 14.03460004690634655, 10.17532717871220704, -8.977869412319488873 ) ) ;
#2375 = EDGE_CURVE ( 'NONE', #718, #1144, #1792, .T. ) ;
#2376 = CARTESIAN_POINT ( 'NONE',  ( 12.03858649438675243, 9.870844292150461996, 10.62437293201369926 ) ) ;
#2377 = VERTEX_POINT ( 'NONE', #3408 ) ;
#2378 = FACE_BOUND ( 'NONE', #1147, .T. ) ;
#2379 = TOROIDAL_SURFACE ( 'NONE', #975, 11.62193181625839244, 0.5000000000000004441 ) ;
#2380 = DIRECTION ( 'NONE',  ( -0.000000000000000000, 1.000000000000000000, -0.000000000000000000 ) ) ;
#2381 = CARTESIAN_POINT ( 'NONE',  ( 0.000000000000000000, 15.49999999999999645, -19.19999999999999929 ) ) ;
#2382 = FACE_OUTER_BOUND ( 'NONE', #767, .T. ) ;
#2383 = CARTESIAN_POINT ( 'NONE',  ( 8.170569869803417262, 10.40693149288440367, 16.21482680459857662 ) ) ;
#2384 = CARTESIAN_POINT ( 'NONE',  ( 11.04332950017867176, 10.85530070153508397, 13.51820323421685721 ) ) ;
#2385 = DIRECTION ( 'NONE',  ( 0.000000000000000000, -0.000000000000000000, -1.000000000000000000 ) ) ;
#2386 = ADVANCED_FACE ( 'NONE', ( #4677, #4711 ), #1996, .T. ) ;
#2387 = VERTEX_POINT ( 'NONE', #5992 ) ;
#2388 = CARTESIAN_POINT ( 'NONE',  ( 8.646268840479303108, 8.103663488476632537, 12.94333384757553773 ) ) ;
#2389 = DIRECTION ( 'NONE',  ( 0.6813100476940172623, -0.2676438637860938941, 0.6813100476940192607 ) ) ;
#2390 = CARTESIAN_POINT ( 'NONE',  ( -10.00000000000000000, 12.49999999999999645, 0.000000000000000000 ) ) ;
#2391 = DIRECTION ( 'NONE',  ( -0.000000000000000000, 1.000000000000000000, -0.000000000000000000 ) ) ;
#2392 = ORIENTED_EDGE ( 'NONE', *, *, #4632, .T. ) ;
#2393 = CARTESIAN_POINT ( 'NONE',  ( -15.44865512250254369, 13.33638284859455503, 8.302588189447583034 ) ) ;
#2394 = CARTESIAN_POINT ( 'NONE',  ( 10.62436404432922110, 9.870799131290018735, -12.03857760670227606 ) ) ;
#2395 = AXIS2_PLACEMENT_3D ( 'NONE', #6513, #1911, #5160 ) ;
#2396 = DIRECTION ( 'NONE',  ( 0.000000000000000000, 1.000000000000000000, 0.000000000000000000 ) ) ;
#2397 = CARTESIAN_POINT ( 'NONE',  ( 12.26080551003167685, 11.00004516124001697, 10.84659194765861834 ) ) ;
#2398 = ORIENTED_EDGE ( 'NONE', *, *, #5114, .F. ) ;
#2399 = CARTESIAN_POINT ( 'NONE',  ( -8.781832058141885611, 7.884719467235609791, 13.40303165633547167 ) ) ;
#2400 = ORIENTED_EDGE ( 'NONE', *, *, #6869, .F. ) ;
#2401 = EDGE_LOOP ( 'NONE', ( #1638, #5252, #6039, #7766 ) ) ;
#2402 = CARTESIAN_POINT ( 'NONE',  ( 13.16040266482244725, 7.736746345946694525, 8.122119202609468402 ) ) ;
#2403 = EDGE_CURVE ( 'NONE', #5444, #5859, #6551, .T. ) ;
#2404 = AXIS2_PLACEMENT_3D ( 'NONE', #2830, #6070, #2747 ) ;
#2405 = AXIS2_PLACEMENT_3D ( 'NONE', #4826, #789, #8038 ) ;
#2406 = CARTESIAN_POINT ( 'NONE',  ( -8.946514592190853321, 12.71244515963547173, -14.88266352113497248 ) ) ;
#2407 = CARTESIAN_POINT ( 'NONE',  ( -13.24659978108555336, 7.640146579567910656, -7.925793772813724658 ) ) ;
#2408 = CARTESIAN_POINT ( 'NONE',  ( 6.182290697176473948, 10.40693149288440367, 18.20310597722551549 ) ) ;
#2409 = FACE_OUTER_BOUND ( 'NONE', #6166, .T. ) ;
#2410 = VERTEX_POINT ( 'NONE', #2668 ) ;
#2411 = AXIS2_PLACEMENT_3D ( 'NONE', #962, #5705, #8337 ) ;
#2412 = CARTESIAN_POINT ( 'NONE',  ( -14.72000357673992887, 12.97584934340082263, -8.587380124079571075 ) ) ;
#2413 = VERTEX_POINT ( 'NONE', #4841 ) ;
#2414 = CARTESIAN_POINT ( 'NONE',  ( 13.04275645784639792, 10.57427464457846966, 11.62854289535167140 ) ) ;
#2415 = DIRECTION ( 'NONE',  ( 0.5134395285208465110, -0.000000000000000000, 0.8581257778159860905 ) ) ;
#2416 = APPLICATION_CONTEXT ( 'configuration controlled 3d designs of mechanical parts and assemblies' ) ;
#2417 = ADVANCED_FACE ( 'NONE', ( #4034 ), #7091, .T. ) ;
#2418 = EDGE_CURVE ( 'NONE', #2593, #5897, #1469, .T. ) ;
#2419 = AXIS2_PLACEMENT_3D ( 'NONE', #4799, #4754, #2112 ) ;
#2420 = TOROIDAL_SURFACE ( 'NONE', #165, 11.62193181625839244, 0.5000000000000004441 ) ;
#2421 = CARTESIAN_POINT ( 'NONE',  ( -8.034504386955548583, 7.743174061429275667, -13.21490561396598373 ) ) ;
#2422 = CARTESIAN_POINT ( 'NONE',  ( -11.01741905881397621, 10.00000000000000355, 12.43163262118703472 ) ) ;
#2423 = EDGE_LOOP ( 'NONE', ( #6915, #1877 ) ) ;
#2424 = DIRECTION ( 'NONE',  ( 0.6813100476940172623, -0.2676438637860938941, 0.6813100476940191497 ) ) ;
#2425 = CARTESIAN_POINT ( 'NONE',  ( -13.41898249962342504, 9.871516746714467772, 8.820647300394735879 ) ) ;
#2426 = ORIENTED_EDGE ( 'NONE', *, *, #1884, .F. ) ;
#2427 = FACE_OUTER_BOUND ( 'NONE', #8376, .T. ) ;
#2428 = ORIENTED_EDGE ( 'NONE', *, *, #874, .T. ) ;
#2429 = CIRCLE ( 'NONE', #2859, 0.1500000000000006328 ) ;
#2430 = DIRECTION ( 'NONE',  ( 0.7071067811865485719, 0.000000000000000000, -0.7071067811865464625 ) ) ;
#2431 = DIRECTION ( 'NONE',  ( -0.8880362771229419749, -0.000000000000000000, -0.4597733903931646715 ) ) ;
#2432 = CARTESIAN_POINT ( 'NONE',  ( -8.749999999999998224, 12.49999999999999289, 14.65974925560510300 ) ) ;
#2433 = EDGE_CURVE ( 'NONE', #425, #3822, #7784, .T. ) ;
#2434 = B_SPLINE_CURVE_WITH_KNOTS ( 'NONE', 3,
 ( #8143, #2755, #5379, #2796, #7372, #5461, #7453, #4074, #7333, #5545 ),
 .UNSPECIFIED., .F., .F.,
 ( 4, 3, 3, 4 ),
 ( 0.000000000000000000, 0.0003000000171804519133, 0.001500001973123546960, 0.004212287932787167274 ),
 .UNSPECIFIED. ) ;
#2435 = DIRECTION ( 'NONE',  ( 1.084202172485505174E-16, -1.000000000000000000, -0.000000000000000000 ) ) ;
#2436 = AXIS2_PLACEMENT_3D ( 'NONE', #5463, #815, #2165 ) ;
#2437 = VERTEX_POINT ( 'NONE', #2712 ) ;
#2438 = CARTESIAN_POINT ( 'NONE',  ( 13.34286252986123245, 8.500000000000007105, 8.900000000000000355 ) ) ;
#2439 = CARTESIAN_POINT ( 'NONE',  ( 11.21418861615252816, 10.99999999999999645, -12.62840217852557956 ) ) ;
#2440 = CARTESIAN_POINT ( 'NONE',  ( 8.750000000000003553, 8.499999999999987566, 13.34286252986129817 ) ) ;
#2441 = CARTESIAN_POINT ( 'NONE',  ( 15.45172114225276516, 13.39999999999999858, 7.999999999999992895 ) ) ;
#2442 = EDGE_LOOP ( 'NONE', ( #7448, #2453, #1785, #8155 ) ) ;
#2443 = ORIENTED_EDGE ( 'NONE', *, *, #8110, .F. ) ;
#2444 = ADVANCED_FACE ( 'NONE', ( #1344 ), #6154, .F. ) ;
#2445 = B_SPLINE_CURVE_WITH_KNOTS ( 'NONE', 3,
 ( #8192, #2852, #6017, #19, #629, #3307, #2694, #4815, #1334, #6667 ),
 .UNSPECIFIED., .F., .F.,
 ( 4, 2, 2, 2, 4 ),
 ( 0.000000000000000000, 0.0003695598187948526559, 0.0007391196375897053118, 0.001108679456384557968, 0.001478239275179410624 ),
 .UNSPECIFIED. ) ;
#2446 = DIRECTION ( 'NONE',  ( 0.000000000000000000, 1.000000000000000000, 2.168404344971010347E-16 ) ) ;
#2447 = CARTESIAN_POINT ( 'NONE',  ( -8.975003248201142370, 12.45985342043207744, -14.78329181874944709 ) ) ;
#2448 = CARTESIAN_POINT ( 'NONE',  ( -8.819152823647899098, 8.824648600449894076, -13.06826752149565074 ) ) ;
#2449 = VERTEX_POINT ( 'NONE', #2792 ) ;
#2450 = DIRECTION ( 'NONE',  ( 0.000000000000000000, 0.000000000000000000, 1.000000000000000000 ) ) ;
#2451 = B_SPLINE_CURVE_WITH_KNOTS ( 'NONE', 3,
 ( #250, #8269, #2297, #3612, #1531, #8200, #915, #2096, #2143, #4218 ),
 .UNSPECIFIED., .F., .F.,
 ( 4, 2, 2, 2, 4 ),
 ( 1.734723475976807094E-18, 0.0003559867478060501321, 0.0007119734956120985295, 0.001067960243418146927, 0.001423946991224195324 ),
 .UNSPECIFIED. ) ;
#2452 = CARTESIAN_POINT ( 'NONE',  ( -14.65974925560509767, 12.49999999999999467, -8.750000000000001776 ) ) ;
#2453 = ORIENTED_EDGE ( 'NONE', *, *, #190, .T. ) ;
#2454 = ORIENTED_EDGE ( 'NONE', *, *, #6589, .F. ) ;
#2455 = CARTESIAN_POINT ( 'NONE',  ( 13.27278535104501067, 7.749999999999997335, 7.941461297367350625 ) ) ;
#2456 = CARTESIAN_POINT ( 'NONE',  ( -13.34067826411779656, 7.884712886244200192, 8.440622872102123253 ) ) ;
#2457 = DIRECTION ( 'NONE',  ( 0.000000000000000000, 0.000000000000000000, 1.000000000000000000 ) ) ;
#2458 = CARTESIAN_POINT ( 'NONE',  ( 8.979936430117994917, 8.649515348347613042, -13.52656586587945498 ) ) ;
#2459 = CARTESIAN_POINT ( 'NONE',  ( -8.749999999999998224, 12.49999999999999289, -14.65974925560510300 ) ) ;
#2460 = DIRECTION ( 'NONE',  ( -0.6813100476940173733, 0.2676438637860937275, -0.6813100476940190386 ) ) ;
#2461 = CARTESIAN_POINT ( 'NONE',  ( 13.06826752149564719, 8.824648600449890523, -8.819152823647904427 ) ) ;
#2462 = ORIENTED_EDGE ( 'NONE', *, *, #4050, .T. ) ;
#2463 = EDGE_CURVE ( 'NONE', #4870, #3449, #7328, .T. ) ;
#2464 = DIRECTION ( 'NONE',  ( 1.099385171488959008E-14, -0.9506286045416355579, -0.3103308818458495599 ) ) ;
#2465 = ORIENTED_EDGE ( 'NONE', *, *, #4307, .F. ) ;
#2466 = CARTESIAN_POINT ( 'NONE',  ( -8.738194191193993987, 8.327678053776558897, -13.58084498391571948 ) ) ;
#2467 = CARTESIAN_POINT ( 'NONE',  ( 13.61225263373926531, 7.579207985828403160, -8.292261264974058577 ) ) ;
#2468 = FACE_OUTER_BOUND ( 'NONE', #571, .T. ) ;
#2469 = ORIENTED_EDGE ( 'NONE', *, *, #396, .T. ) ;
#2470 = DIRECTION ( 'NONE',  ( -0.000000000000000000, -0.000000000000000000, 1.000000000000000000 ) ) ;
#2471 = ORIENTED_EDGE ( 'NONE', *, *, #3994, .F. ) ;
#2472 = EDGE_CURVE ( 'NONE', #6571, #2605, #4147, .T. ) ;
#2473 = EDGE_CURVE ( 'NONE', #574, #3384, #6805, .T. ) ;
#2474 = CARTESIAN_POINT ( 'NONE',  ( 0.000000000000000000, 7.559853420432087745, 0.000000000000000000 ) ) ;
#2475 = ORIENTED_EDGE ( 'NONE', *, *, #6283, .F. ) ;
#2476 = DIRECTION ( 'NONE',  ( -0.6813100476940172623, 0.2676438637860938941, -0.6813100476940192607 ) ) ;
#2477 = VERTEX_POINT ( 'NONE', #4755 ) ;
#2478 = CARTESIAN_POINT ( 'NONE',  ( 8.818580449027138002, 8.421750684513044760, -12.93343952667111552 ) ) ;
#2479 = CARTESIAN_POINT ( 'NONE',  ( 11.01741905881397976, 10.00000000000000355, -12.43163262118703472 ) ) ;
#2480 = VECTOR ( 'NONE', #8344, 1000.000000000000000 ) ;
#2481 = CARTESIAN_POINT ( 'NONE',  ( 13.61194688593824864, 7.600000000000001421, 7.999999999999989342 ) ) ;
#2482 = ORIENTED_EDGE ( 'NONE', *, *, #4358, .T. ) ;
#2483 = CARTESIAN_POINT ( 'NONE',  ( 18.73704138517125983, 9.731686437451772420, 5.383093979462494794 ) ) ;
#2484 = EDGE_CURVE ( 'NONE', #7389, #1157, #1247, .T. ) ;
#2485 = ADVANCED_FACE ( 'NONE', ( #7451 ), #1423, .F. ) ;
#2486 = FACE_OUTER_BOUND ( 'NONE', #4649, .T. ) ;
#2487 = EDGE_LOOP ( 'NONE', ( #4466, #6729, #1401, #6368 ) ) ;
#2488 = CARTESIAN_POINT ( 'NONE',  ( 8.750000000004810374, 9.730057129939325478, 14.03587582687373470 ) ) ;
#2489 = B_SPLINE_CURVE_WITH_KNOTS ( 'NONE', 3,
 ( #5091, #3213, #8505, #1929 ),
 .UNSPECIFIED., .F., .F.,
 ( 4, 4 ),
 ( 2.075988401248042501E-07, 0.001038203994493984254 ),
 .UNSPECIFIED. ) ;
#2490 = CARTESIAN_POINT ( 'NONE',  ( -8.976047561179450796, 11.60021842059151531, 14.50330951220169773 ) ) ;
#2491 = ORIENTED_EDGE ( 'NONE', *, *, #420, .T. ) ;
#2492 = AXIS2_PLACEMENT_3D ( 'NONE', #5218, #491, #7243 ) ;
#2493 = ORIENTED_EDGE ( 'NONE', *, *, #4042, .T. ) ;
#2494 = CARTESIAN_POINT ( 'NONE',  ( 0.000000000000000000, 11.50000000000000000, 0.000000000000000000 ) ) ;
#2495 = DIRECTION ( 'NONE',  ( 0.7071067811865474617, 0.000000000000000000, -0.7071067811865474617 ) ) ;
#2496 = VECTOR ( 'NONE', #871, 1000.000000000000000 ) ;
#2497 = EDGE_CURVE ( 'NONE', #1679, #5775, #4232, .T. ) ;
#2498 = CARTESIAN_POINT ( 'NONE',  ( -8.819688323532364649, 9.204027547351449456, -13.19504132681569075 ) ) ;
#2499 = EDGE_LOOP ( 'NONE', ( #2289, #945, #1917, #5745, #2998 ) ) ;
#2500 = CARTESIAN_POINT ( 'NONE',  ( -8.749999999999998224, 8.526040938946250591, -13.01508767021575963 ) ) ;
#2501 = EDGE_LOOP ( 'NONE', ( #2911, #8411, #8438, #7464 ) ) ;
#2502 = ORIENTED_EDGE ( 'NONE', *, *, #1944, .F. ) ;
#2503 = CARTESIAN_POINT ( 'NONE',  ( 12.93376907639522599, 8.422734683813089873, 8.818581855858200313 ) ) ;
#2504 = AXIS2_PLACEMENT_3D ( 'NONE', #4202, #4040, #7338 ) ;
#2505 = CARTESIAN_POINT ( 'NONE',  ( 13.46309704045878242, 8.459853420432072113, -8.980199218265402905 ) ) ;
#2506 = FACE_OUTER_BOUND ( 'NONE', #1275, .T. ) ;
#2507 = CARTESIAN_POINT ( 'NONE',  ( -13.27278535104501067, 7.750000000000001776, 7.941461297367350625 ) ) ;
#2508 = CARTESIAN_POINT ( 'NONE',  ( 0.000000000000000000, 7.749999999999998224, 0.000000000000000000 ) ) ;
#2509 = CARTESIAN_POINT ( 'NONE',  ( -10.73865508587736173, 9.555275936094652423, -11.81893621159459684 ) ) ;
#2510 = VERTEX_POINT ( 'NONE', #4272 ) ;
#2511 = CARTESIAN_POINT ( 'NONE',  ( 12.27711744158322560, 11.25723559080574532, -10.93622517406631012 ) ) ;
#2512 = ORIENTED_EDGE ( 'NONE', *, *, #2142, .T. ) ;
#2513 = CARTESIAN_POINT ( 'NONE',  ( -8.440622872102121477, 7.884712886244200192, -13.34067826411780011 ) ) ;
#2514 = ORIENTED_EDGE ( 'NONE', *, *, #5048, .F. ) ;
#2515 = PLANE ( 'NONE',  #4857 ) ;
#2516 = CARTESIAN_POINT ( 'NONE',  ( -8.355510904106585812, 7.832882390318660626, -13.13930822334940984 ) ) ;
#2517 = CARTESIAN_POINT ( 'NONE',  ( -7.999999999999991118, 13.25000000000000000, -15.21759819039019490 ) ) ;
#2518 = ORIENTED_EDGE ( 'NONE', *, *, #6706, .T. ) ;
#2519 = LINE ( 'NONE', #7180, #1852 ) ;
#2520 = ORIENTED_EDGE ( 'NONE', *, *, #5514, .F. ) ;
#2521 = CARTESIAN_POINT ( 'NONE',  ( 13.46309704045871847, 8.459853420432093429, 8.980199218265399352 ) ) ;
#2522 = AXIS2_PLACEMENT_3D ( 'NONE', #8264, #6892, #8305 ) ;
#2523 = DIRECTION ( 'NONE',  ( -0.7071067811865487940, 0.000000000000000000, 0.7071067811865461294 ) ) ;
#2524 = DIRECTION ( 'NONE',  ( 0.1892527910261154467, 0.9635179096299408830, 0.1892527910261158353 ) ) ;
#2525 = EDGE_CURVE ( 'NONE', #1613, #248, #4185, .T. ) ;
#2526 = CIRCLE ( 'NONE', #1530, 14.73991435042947273 ) ;
#2527 = DIRECTION ( 'NONE',  ( -0.6813100476940172623, 0.2676438637860938941, -0.6813100476940192607 ) ) ;
#2528 = ORIENTED_EDGE ( 'NONE', *, *, #3670, .F. ) ;
#2529 = CARTESIAN_POINT ( 'NONE',  ( -11.01741905881397621, 10.00000000000000355, 12.43163262118703472 ) ) ;
#2530 = DIRECTION ( 'NONE',  ( 0.7071067811865463515, 0.000000000000000000, 0.7071067811865487940 ) ) ;
#2531 = VERTEX_POINT ( 'NONE', #6932 ) ;
#2532 = CARTESIAN_POINT ( 'NONE',  ( 8.980199218265404681, 8.459853420432072113, 13.46309704045877886 ) ) ;
#2533 = CARTESIAN_POINT ( 'NONE',  ( 8.749999999996365574, 11.19623204291359109, -13.90174206295176695 ) ) ;
#2534 = AXIS2_PLACEMENT_3D ( 'NONE', #1233, #2415, #3171 ) ;
#2535 = VERTEX_POINT ( 'NONE', #3586 ) ;
#2536 = EDGE_CURVE ( 'NONE', #927, #1308, #7793, .T. ) ;
#2537 = ADVANCED_FACE ( 'NONE', ( #8301 ), #931, .F. ) ;
#2538 = CARTESIAN_POINT ( 'NONE',  ( -18.19999999999999929, 15.49999999999999289, 0.000000000000000000 ) ) ;
#2539 = CARTESIAN_POINT ( 'NONE',  ( -14.56624153720787795, 11.79435448211306081, 8.975817624700630049 ) ) ;
#2540 = ORIENTED_EDGE ( 'NONE', *, *, #7765, .T. ) ;
#2541 = LINE ( 'NONE', #5208, #1871 ) ;
#2542 = EDGE_LOOP ( 'NONE', ( #7090, #5027, #817, #2475 ) ) ;
#2543 = FACE_OUTER_BOUND ( 'NONE', #1272, .T. ) ;
#2544 = B_SPLINE_CURVE_WITH_KNOTS ( 'NONE', 3,
 ( #7084, #1102, #317, #6440, #2994, #5664 ),
 .UNSPECIFIED., .F., .F.,
 ( 4, 2, 4 ),
 ( 2.046654927640427482E-07, 0.0004004329038960737571, 0.0008006611422993834687 ),
 .UNSPECIFIED. ) ;
#2545 = B_SPLINE_CURVE_WITH_KNOTS ( 'NONE', 3,
 ( #3136, #3803, #6449, #457, #5810, #4483, #8427, #5134, #7786, #1808 ),
 .UNSPECIFIED., .F., .F.,
 ( 4, 3, 3, 4 ),
 ( 0.000000000000000000, 0.0003000000167233678357, 0.001500001923805341407, 0.004212255759556308293 ),
 .UNSPECIFIED. ) ;
#2546 = ORIENTED_EDGE ( 'NONE', *, *, #1980, .T. ) ;
#2547 = CARTESIAN_POINT ( 'NONE',  ( 13.01792744404245283, 8.109214744792282659, 8.648376600419634741 ) ) ;
#2548 = DIRECTION ( 'NONE',  ( 0.6813100476940172623, -0.2676438637860938941, 0.6813100476940192607 ) ) ;
#2549 = ADVANCED_FACE ( 'NONE', ( #6325 ), #1634, .F. ) ;
#2550 = CARTESIAN_POINT ( 'NONE',  ( -8.975003248201142370, 12.45985342043207567, -14.78329181874944709 ) ) ;
#2551 = LINE ( 'NONE', #619, #2707 ) ;
#2552 = CARTESIAN_POINT ( 'NONE',  ( 8.092674660743941928, 13.27286299778598178, 14.95309868497461814 ) ) ;
#2553 = DIRECTION ( 'NONE',  ( -0.7071067811865492381, 0.000000000000000000, 0.7071067811865457964 ) ) ;
#2554 = VERTEX_POINT ( 'NONE', #3535 ) ;
#2555 = DIRECTION ( 'NONE',  ( 0.000000000000000000, 0.000000000000000000, 1.000000000000000000 ) ) ;
#2556 = ORIENTED_EDGE ( 'NONE', *, *, #4688, .F. ) ;
#2557 = TOROIDAL_SURFACE ( 'NONE', #2404, 15.58119224487254328, 0.1499999999999999944 ) ;
#2558 = DIRECTION ( 'NONE',  ( 0.000000000000000000, 0.9635179096299405499, 0.2676438637860946712 ) ) ;
#2559 = ORIENTED_EDGE ( 'NONE', *, *, #4668, .T. ) ;
#2560 = VECTOR ( 'NONE', #5961, 1000.000000000000000 ) ;
#2561 = FACE_OUTER_BOUND ( 'NONE', #5693, .T. ) ;
#2562 = DIRECTION ( 'NONE',  ( 0.000000000000000000, 1.000000000000000000, 0.000000000000000000 ) ) ;
#2563 = CARTESIAN_POINT ( 'NONE',  ( -8.439836590246859060, 7.884293299494034457, -13.09409000288411562 ) ) ;
#2564 = AXIS2_PLACEMENT_3D ( 'NONE', #1285, #711, #6057 ) ;
#2565 = ORIENTED_EDGE ( 'NONE', *, *, #5862, .T. ) ;
#2566 = CARTESIAN_POINT ( 'NONE',  ( -10.71539899879700641, 10.33337770646207687, -12.12961256117014308 ) ) ;
#2567 = ORIENTED_EDGE ( 'NONE', *, *, #6016, .F. ) ;
#2568 = VERTEX_POINT ( 'NONE', #3629 ) ;
#2569 = CARTESIAN_POINT ( 'NONE',  ( 0.000000000000000000, 7.749999999999998224, -7.621931816258390668 ) ) ;
#2570 = CARTESIAN_POINT ( 'NONE',  ( -8.742090727583649468, 12.76559848734417457, -14.41733140820188552 ) ) ;
#2571 = LINE ( 'NONE', #7097, #1961 ) ;
#2572 = CARTESIAN_POINT ( 'NONE',  ( 0.000000000000000000, 7.640146579567915985, 0.000000000000000000 ) ) ;
#2573 = AXIS2_PLACEMENT_3D ( 'NONE', #3738, #5906, #2667 ) ;
#2574 = CIRCLE ( 'NONE', #6600, 18.00000000000000000 ) ;
#2575 = VERTEX_POINT ( 'NONE', #6237 ) ;
#2576 = DIRECTION ( 'NONE',  ( -0.8581257778161244243, 0.000000000000000000, 0.5134395285206149184 ) ) ;
#2577 = DIRECTION ( 'NONE',  ( -1.084202172485505174E-16, 1.000000000000000000, 0.000000000000000000 ) ) ;
#2578 = AXIS2_PLACEMENT_3D ( 'NONE', #7463, #779, #4164 ) ;
#2579 = CARTESIAN_POINT ( 'NONE',  ( 12.89802079010526015, 8.073040089626825733, 8.698272862588250831 ) ) ;
#2580 = CARTESIAN_POINT ( 'NONE',  ( 2.375814790345864793E-15, 15.49999999999999645, -19.39999999999999858 ) ) ;
#2581 = CARTESIAN_POINT ( 'NONE',  ( 8.824077831548118311, 12.54014657956791012, -14.29338720761957404 ) ) ;
#2582 = LOCAL_TIME ( 10, 30, 1.000000000000000000, #8063 ) ;
#2583 = CARTESIAN_POINT ( 'NONE',  ( 14.81883984523073572, 16.49999999999999645, -29.63767969046147854 ) ) ;
#2584 = FACE_OUTER_BOUND ( 'NONE', #5999, .T. ) ;
#2585 = CYLINDRICAL_SURFACE ( 'NONE', #6209, 0.7500000000000006661 ) ;
#2586 = VERTEX_POINT ( 'NONE', #3007 ) ;
#2587 = EDGE_CURVE ( 'NONE', #7575, #3451, #6935, .T. ) ;
#2588 = CARTESIAN_POINT ( 'NONE',  ( -8.646345544355913404, 12.89326629832463134, 14.64564373570181033 ) ) ;
#2589 = EDGE_CURVE ( 'NONE', #7310, #7810, #982, .T. ) ;
#2590 = EDGE_LOOP ( 'NONE', ( #6834, #6985, #4166, #6913 ) ) ;
#2591 = EDGE_LOOP ( 'NONE', ( #1316, #2237, #6755, #3616 ) ) ;
#2592 = LINE ( 'NONE', #7947, #597 ) ;
#2593 = VERTEX_POINT ( 'NONE', #7704 ) ;
#2594 = CARTESIAN_POINT ( 'NONE',  ( 8.657992919649855068, 12.90681061163124177, 14.64391144064916439 ) ) ;
#2595 = CARTESIAN_POINT ( 'NONE',  ( 0.000000000000000000, 15.49999999999999645, 19.39999999999999858 ) ) ;
#2596 = ORIENTED_EDGE ( 'NONE', *, *, #2701, .T. ) ;
#2597 = EDGE_CURVE ( 'NONE', #6190, #1115, #7230, .T. ) ;
#2598 = LINE ( 'NONE', #2772, #1393 ) ;
#2599 = EDGE_LOOP ( 'NONE', ( #7401, #4637, #5836, #7191 ) ) ;
#2600 = B_SPLINE_CURVE_WITH_KNOTS ( 'NONE', 3,
 ( #7402, #1417, #4101, #7480, #6759, #3579 ),
 .UNSPECIFIED., .F., .F.,
 ( 4, 2, 4 ),
 ( 2.046648943378745863E-07, 0.0004003680921158108146, 0.0008005315193372837318 ),
 .UNSPECIFIED. ) ;
#2601 = CARTESIAN_POINT ( 'NONE',  ( -8.729789075985816993, 8.298831318437699167, -13.27847873882865493 ) ) ;
#2602 = CARTESIAN_POINT ( 'NONE',  ( 15.08967093049042774, 13.44014657956864234, -7.932747726257963983 ) ) ;
#2603 = CARTESIAN_POINT ( 'NONE',  ( -13.98051959664363864, 11.16487927764005228, -8.750000000000001776 ) ) ;
#2604 = CARTESIAN_POINT ( 'NONE',  ( 13.54864879925994181, 7.749999999999998224, -8.089751059444969528 ) ) ;
#2605 = VERTEX_POINT ( 'NONE', #2240 ) ;
#2606 = DIRECTION ( 'NONE',  ( -0.7071067811865487940, -0.000000000000000000, 0.7071067811865463515 ) ) ;
#2607 = VERTEX_POINT ( 'NONE', #4404 ) ;
#2608 = ORIENTED_EDGE ( 'NONE', *, *, #6419, .T. ) ;
#2609 = EDGE_CURVE ( 'NONE', #656, #5051, #5688, .T. ) ;
#2610 = CARTESIAN_POINT ( 'NONE',  ( 7.796925914099586130, 9.468437302644201026, 16.21979542366528904 ) ) ;
#2611 = ORIENTED_EDGE ( 'NONE', *, *, #5828, .T. ) ;
#2612 = VERTEX_POINT ( 'NONE', #7570 ) ;
#2613 = FACE_BOUND ( 'NONE', #6177, .T. ) ;
#2614 = FACE_BOUND ( 'NONE', #7905, .T. ) ;
#2615 = DIRECTION ( 'NONE',  ( 0.7071067811865485719, 0.000000000000000000, -0.7071067811865465735 ) ) ;
#2616 = DIRECTION ( 'NONE',  ( 0.9479564653330659896, 0.3183999683310905771, 0.000000000000000000 ) ) ;
#2617 = CIRCLE ( 'NONE', #1627, 0.4999999999999982236 ) ;
#2618 = CARTESIAN_POINT ( 'NONE',  ( 11.58462351714337935, 11.50000000000000000, -12.48036541826375512 ) ) ;
#2619 = ORIENTED_EDGE ( 'NONE', *, *, #5900, .F. ) ;
#2620 = ADVANCED_FACE ( 'NONE', ( #2331 ), #1592, .F. ) ;
#2621 = CARTESIAN_POINT ( 'NONE',  ( 12.97309164460348896, 8.540146579567922558, 8.818749239510209392 ) ) ;
#2622 = DIRECTION ( 'NONE',  ( -0.6813100476940172623, 0.2676438637860938941, -0.6813100476940191497 ) ) ;
#2623 = CARTESIAN_POINT ( 'NONE',  ( -8.980199218265397576, 8.459853420432093429, 13.46309704045872024 ) ) ;
#2624 = AXIS2_PLACEMENT_3D ( 'NONE', #3747, #5701, #5746 ) ;
#2625 = CARTESIAN_POINT ( 'NONE',  ( -18.20000000000000284, 15.49999999999999467, -36.39999999999999147 ) ) ;
#2626 = CARTESIAN_POINT ( 'NONE',  ( 0.000000000000000000, 7.749999999999998224, -6.871931816258391557 ) ) ;
#2627 = VERTEX_POINT ( 'NONE', #2197 ) ;
#2628 = CARTESIAN_POINT ( 'NONE',  ( 16.77338702709517193, 11.21310622354659792, 7.928704991167228044 ) ) ;
#2629 = ORIENTED_EDGE ( 'NONE', *, *, #7754, .F. ) ;
#2630 = CARTESIAN_POINT ( 'NONE',  ( -8.820647300394734103, 9.871516746714432244, -13.41898249962341261 ) ) ;
#2631 = CIRCLE ( 'NONE', #5855, 10.03932046860025906 ) ;
#2632 = ORIENTED_EDGE ( 'NONE', *, *, #115, .T. ) ;
#2633 = EDGE_CURVE ( 'NONE', #2307, #3254, #6140, .T. ) ;
#2634 = AXIS2_PLACEMENT_3D ( 'NONE', #4583, #7929, #7104 ) ;
#2635 = CARTESIAN_POINT ( 'NONE',  ( 7.999999999999998224, 7.750000000000001776, -13.37062271443167738 ) ) ;
#2636 = ORIENTED_EDGE ( 'NONE', *, *, #2732, .F. ) ;
#2637 = CARTESIAN_POINT ( 'NONE',  ( 14.82325153663384931, 13.22522082679471112, 8.301671051122017531 ) ) ;
#2638 = CARTESIAN_POINT ( 'NONE',  ( 1.627936509502788879E-15, 15.42678132618368458, -13.29311039424772645 ) ) ;
#2639 = CARTESIAN_POINT ( 'NONE',  ( -13.01508767021575963, 8.526040938946250591, 8.750000000000000000 ) ) ;
#2640 = CARTESIAN_POINT ( 'NONE',  ( -14.86603972309396582, 13.10679400586692900, -8.450831500921008654 ) ) ;
#2641 = CONICAL_SURFACE ( 'NONE', #4179, 13.22499999999999964, 0.7492693128846722450 ) ;
#2642 = VERTEX_POINT ( 'NONE', #2381 ) ;
#2643 = CARTESIAN_POINT ( 'NONE',  ( -8.504161089975658783, 7.659732369416289544, -13.50732363324832619 ) ) ;
#2644 = CARTESIAN_POINT ( 'NONE',  ( 14.55699867574618445, 12.96702303161577774, -8.619788718350037016 ) ) ;
#2645 = EDGE_CURVE ( 'NONE', #4730, #2318, #3852, .T. ) ;
#2646 = CARTESIAN_POINT ( 'NONE',  ( 13.13738285335256428, 11.05603359939343733, 11.72316929087162229 ) ) ;
#2647 = EDGE_CURVE ( 'NONE', #1438, #2535, #1900, .T. ) ;
#2648 = AXIS2_PLACEMENT_3D ( 'NONE', #1674, #6367, #6890 ) ;
#2649 = DIRECTION ( 'NONE',  ( 0.000000000000000000, 0.000000000000000000, 1.000000000000000000 ) ) ;
#2650 = CARTESIAN_POINT ( 'NONE',  ( -8.899999999999998579, 8.500000000000007105, 13.09261806874823186 ) ) ;
#2651 = ORIENTED_EDGE ( 'NONE', *, *, #4910, .T. ) ;
#2652 = CARTESIAN_POINT ( 'NONE',  ( 7.691525321875109178, 12.00366439451997280, 17.32112727617488090 ) ) ;
#2653 = ORIENTED_EDGE ( 'NONE', *, *, #7988, .F. ) ;
#2654 = DIRECTION ( 'NONE',  ( -0.6813100476940174843, 0.2676438637860937275, -0.6813100476940190386 ) ) ;
#2655 = B_SPLINE_CURVE_WITH_KNOTS ( 'NONE', 3,
 ( #7537, #2121, #1551, #1428, #5420, #1474, #5506, #1514, #8061, #4201 ),
 .UNSPECIFIED., .F., .F.,
 ( 4, 2, 2, 2, 4 ),
 ( 0.000000000000000000, 0.0003546342519730208919, 0.0007092685039460417838, 0.001063902755919062621, 0.001418537007892083568 ),
 .UNSPECIFIED. ) ;
#2656 = B_SPLINE_CURVE_WITH_KNOTS ( 'NONE', 3,
 ( #4287, #4982, #4376, #435 ),
 .UNSPECIFIED., .F., .F.,
 ( 4, 4 ),
 ( 0.000000000000000000, 0.004211198243782910723 ),
 .UNSPECIFIED. ) ;
#2657 = CARTESIAN_POINT ( 'NONE',  ( 7.999999999999998224, 13.25000000000000178, -21.00000000000002132 ) ) ;
#2658 = DIRECTION ( 'NONE',  ( 0.7071067811865485719, 0.000000000000000000, -0.7071067811865465735 ) ) ;
#2659 = AXIS2_PLACEMENT_3D ( 'NONE', #3659, #6312, #5618 ) ;
#2660 = ADVANCED_FACE ( 'NONE', ( #1941 ), #3225, .F. ) ;
#2661 = CARTESIAN_POINT ( 'NONE',  ( 14.14213562373093680, 11.00004516124001697, 15.55634918610408235 ) ) ;
#2662 = DIRECTION ( 'NONE',  ( 0.6813100476940172623, -0.2676438637860938941, 0.6813100476940192607 ) ) ;
#2663 = DIRECTION ( 'NONE',  ( 0.000000000000000000, -0.7321867381630841054, -0.6811039424772868944 ) ) ;
#2664 = AXIS2_PLACEMENT_3D ( 'NONE', #8403, #4168, #6376 ) ;
#2665 = CARTESIAN_POINT ( 'NONE',  ( -13.40303165633547522, 7.884719467235613344, -8.781832058141890940 ) ) ;
#2666 = ORIENTED_EDGE ( 'NONE', *, *, #6157, .F. ) ;
#2667 = DIRECTION ( 'NONE',  ( 0.000000000000000000, 0.000000000000000000, -1.000000000000000000 ) ) ;
#2668 = CARTESIAN_POINT ( 'NONE',  ( 0.000000000000000000, 5.999999999999998224, 14.73991435042947273 ) ) ;
#2669 = CARTESIAN_POINT ( 'NONE',  ( 8.818749239510214721, 8.540146579567894136, -12.97309164460357600 ) ) ;
#2670 = ORIENTED_EDGE ( 'NONE', *, *, #2763, .T. ) ;
#2671 = AXIS2_PLACEMENT_3D ( 'NONE', #193, #6968, #5044 ) ;
#2672 = EDGE_CURVE ( 'NONE', #1488, #5343, #510, .T. ) ;
#2673 = CARTESIAN_POINT ( 'NONE',  ( 13.22499999999999254, 16.51447992314274771, -26.44999999999998508 ) ) ;
#2674 = CARTESIAN_POINT ( 'NONE',  ( 16.84151803186457386, 11.18634183716798880, 7.996835995936630859 ) ) ;
#2675 = CARTESIAN_POINT ( 'NONE',  ( 8.750000000000003553, 12.49999999999998046, -14.65974925560514386 ) ) ;
#2676 = VECTOR ( 'NONE', #3030, 1000.000000000000000 ) ;
#2677 = CARTESIAN_POINT ( 'NONE',  ( -21.00000000000002132, 8.500000000000001776, 7.999999999999998224 ) ) ;
#2678 = ORIENTED_EDGE ( 'NONE', *, *, #617, .T. ) ;
#2679 = B_SPLINE_CURVE_WITH_KNOTS ( 'NONE', 3,
 ( #4516, #444, #402, #7901 ),
 .UNSPECIFIED., .F., .F.,
 ( 4, 4 ),
 ( 0.000000000000000000, 0.004213349230782858015 ),
 .UNSPECIFIED. ) ;
#2680 = CARTESIAN_POINT ( 'NONE',  ( -12.02172403916548049, 11.50004516124002052, -11.31461725797897699 ) ) ;
#2681 = CARTESIAN_POINT ( 'NONE',  ( -12.91289360147430010, 7.965867924842575221, 8.623067956161122538 ) ) ;
#2682 = CARTESIAN_POINT ( 'NONE',  ( 16.21482680467693527, 10.40693149288610009, 8.170569869768089077 ) ) ;
#2683 = ORIENTED_EDGE ( 'NONE', *, *, #7686, .T. ) ;
#2684 = CARTESIAN_POINT ( 'NONE',  ( 14.55090368015207858, 12.94493209210324380, 8.616242408257820173 ) ) ;
#2685 = DIRECTION ( 'NONE',  ( -0.7071067811902390643, -1.878127283324223686E-11, 0.7071067811828559702 ) ) ;
#2686 = ORIENTED_EDGE ( 'NONE', *, *, #5544, .F. ) ;
#2687 = CARTESIAN_POINT ( 'NONE',  ( 8.089680429056386401, 7.750000000000000888, -13.54869861395425268 ) ) ;
#2688 = CARTESIAN_POINT ( 'NONE',  ( -14.94020683378384717, 13.15837493937026181, -8.371546015299868415 ) ) ;
#2689 = EDGE_CURVE ( 'NONE', #5654, #1039, #7099, .T. ) ;
#2690 = ORIENTED_EDGE ( 'NONE', *, *, #2111, .T. ) ;
#2691 = DIRECTION ( 'NONE',  ( -0.7071067811865463515, 0.000000000000000000, -0.7071067811865487940 ) ) ;
#2692 = FACE_OUTER_BOUND ( 'NONE', #1779, .T. ) ;
#2693 = CARTESIAN_POINT ( 'NONE',  ( 7.624992097491081644, 7.866865107056288053, 15.02869199499683006 ) ) ;
#2694 = CARTESIAN_POINT ( 'NONE',  ( 8.697521184109678671, 8.071705168216849913, 12.89808126023959822 ) ) ;
#2695 = B_SPLINE_CURVE_WITH_KNOTS ( 'NONE', 3,
 ( #2521, #7878, #8393, #1066, #3849, #1113, #6409, #5856, #6454, #8512 ),
 .UNSPECIFIED., .F., .F.,
 ( 4, 3, 3, 4 ),
 ( 0.000000000000000000, 0.0003000000167233678357, 0.001500001923805342925, 0.004212255759556304824 ),
 .UNSPECIFIED. ) ;
#2696 = DIRECTION ( 'NONE',  ( 0.000000000000000000, 0.000000000000000000, -1.000000000000000000 ) ) ;
#2697 = AXIS2_PLACEMENT_3D ( 'NONE', #2250, #7103, #5680 ) ;
#2698 = DIRECTION ( 'NONE',  ( -0.7071067811865482389, 0.000000000000000000, 0.7071067811865467956 ) ) ;
#2699 = ORIENTED_EDGE ( 'NONE', *, *, #3435, .F. ) ;
#2700 = EDGE_CURVE ( 'NONE', #6059, #308, #1104, .T. ) ;
#2701 = EDGE_CURVE ( 'NONE', #417, #5384, #2695, .T. ) ;
#2702 = CARTESIAN_POINT ( 'NONE',  ( -14.41636719170869263, 12.49999999999999289, -8.900000000000003908 ) ) ;
#2703 = CARTESIAN_POINT ( 'NONE',  ( -8.032897855489212091, 7.640146579567914209, -13.18251655327305727 ) ) ;
#2704 = CYLINDRICAL_SURFACE ( 'NONE', #4302, 18.19999999999999929 ) ;
#2705 = FACE_OUTER_BOUND ( 'NONE', #37, .T. ) ;
#2706 = VECTOR ( 'NONE', #2460, 1000.000000000000114 ) ;
#2707 = VECTOR ( 'NONE', #7898, 1000.000000000000000 ) ;
#2708 = CARTESIAN_POINT ( 'NONE',  ( 18.86911181100101587, 11.02374939392322872, 5.758593819322125107 ) ) ;
#2709 = EDGE_LOOP ( 'NONE', ( #1513, #4400 ) ) ;
#2710 = CARTESIAN_POINT ( 'NONE',  ( -14.70169960996321912, 12.60757765759140980, 8.750000000000000000 ) ) ;
#2711 = FACE_OUTER_BOUND ( 'NONE', #7299, .T. ) ;
#2712 = CARTESIAN_POINT ( 'NONE',  ( 10.92159357766416861, 9.500045161240020519, 11.62870035885075026 ) ) ;
#2713 = ORIENTED_EDGE ( 'NONE', *, *, #4167, .T. ) ;
#2714 = AXIS2_PLACEMENT_3D ( 'NONE', #5331, #4584, #7228 ) ;
#2715 = CARTESIAN_POINT ( 'NONE',  ( 14.41636719170876191, 12.49999999999997158, -8.750000000000001776 ) ) ;
#2716 = AXIS2_PLACEMENT_3D ( 'NONE', #5945, #6457, #6505 ) ;
#2717 = VERTEX_POINT ( 'NONE', #2569 ) ;
#2718 = CARTESIAN_POINT ( 'NONE',  ( 7.999999999999998224, 7.749999999999999112, 13.61194688593824331 ) ) ;
#2719 = VECTOR ( 'NONE', #3392, 1000.000000000000000 ) ;
#2720 = DIRECTION ( 'NONE',  ( 0.000000000000000000, 0.000000000000000000, 1.000000000000000000 ) ) ;
#2721 = ORIENTED_EDGE ( 'NONE', *, *, #3412, .T. ) ;
#2722 = CARTESIAN_POINT ( 'NONE',  ( 8.750000000000008882, 12.41970336326912872, -14.90684508345318093 ) ) ;
#2723 = EDGE_CURVE ( 'NONE', #6561, #7345, #418, .T. ) ;
#2724 = EDGE_LOOP ( 'NONE', ( #4309, #7549, #647, #8329, #2295 ) ) ;
#2725 = CIRCLE ( 'NONE', #6626, 15.78876493034220374 ) ;
#2726 = CARTESIAN_POINT ( 'NONE',  ( 15.36934701912521284, 7.733043175093841981, 7.965647121392843033 ) ) ;
#2727 = CIRCLE ( 'NONE', #1030, 0.3750000000000003331 ) ;
#2728 = DIRECTION ( 'NONE',  ( 0.8880362771229372010, 0.000000000000000000, 0.4597733903931742194 ) ) ;
#2729 = CARTESIAN_POINT ( 'NONE',  ( 0.000000000000000000, 8.210237713098814893, 6.871931816258391557 ) ) ;
#2730 = EDGE_LOOP ( 'NONE', ( #384, #7313, #6466, #6458 ) ) ;
#2731 = CARTESIAN_POINT ( 'NONE',  ( -7.999999999999991118, 13.25000000000000000, -15.45172114225276339 ) ) ;
#2732 = EDGE_CURVE ( 'NONE', #7852, #3526, #8471, .T. ) ;
#2733 = CARTESIAN_POINT ( 'NONE',  ( 13.26767398142759724, 8.104838885399956894, -8.646012978303001972 ) ) ;
#2734 = EDGE_LOOP ( 'NONE', ( #6662, #6703 ) ) ;
#2735 = ORIENTED_EDGE ( 'NONE', *, *, #1135, .F. ) ;
#2736 = CARTESIAN_POINT ( 'NONE',  ( 15.08293099975597507, 13.02769231253558146, -8.780324235076337303 ) ) ;
#2737 = FACE_OUTER_BOUND ( 'NONE', #5831, .T. ) ;
#2738 = CARTESIAN_POINT ( 'NONE',  ( 0.000000000000000000, 7.600000000000001421, 0.000000000000000000 ) ) ;
#2739 = CARTESIAN_POINT ( 'NONE',  ( -13.18251655327305727, 7.640146579567914209, 8.032897855489213867 ) ) ;
#2740 = EDGE_LOOP ( 'NONE', ( #5975, #1154, #4476, #5262, #7192 ) ) ;
#2741 = CARTESIAN_POINT ( 'NONE',  ( -11.31460838340247399, 11.50000000000000000, 12.02171516458897749 ) ) ;
#2742 = EDGE_LOOP ( 'NONE', ( #6954, #6444, #5510, #7945, #5307 ) ) ;
#2743 = LINE ( 'NONE', #8048, #4336 ) ;
#2744 = EDGE_CURVE ( 'NONE', #1092, #211, #2356, .T. ) ;
#2745 = CARTESIAN_POINT ( 'NONE',  ( 0.000000000000000000, 7.749999999999999112, 0.000000000000000000 ) ) ;
#2746 = ORIENTED_EDGE ( 'NONE', *, *, #3020, .T. ) ;
#2747 = DIRECTION ( 'NONE',  ( 0.000000000000000000, 0.000000000000000000, -1.000000000000000000 ) ) ;
#2748 = DIRECTION ( 'NONE',  ( 0.000000000000000000, 0.000000000000000000, 1.000000000000000000 ) ) ;
#2749 = CARTESIAN_POINT ( 'NONE',  ( -14.70160954120080987, 12.60734668551392268, -8.750000000000001776 ) ) ;
#2750 = CARTESIAN_POINT ( 'NONE',  ( 16.23450878476468873, 6.689314220730876670, 6.690469899126342490 ) ) ;
#2751 = ORIENTED_EDGE ( 'NONE', *, *, #8466, .T. ) ;
#2752 = CARTESIAN_POINT ( 'NONE',  ( 14.49568901432426316, 11.00000000000000000, -15.20279579551075955 ) ) ;
#2753 = CARTESIAN_POINT ( 'NONE',  ( 15.32627835273314432, 13.25000000000064659, 8.201906951118287381 ) ) ;
#2754 = EDGE_CURVE ( 'NONE', #6945, #2642, #4533, .T. ) ;
#2755 = CARTESIAN_POINT ( 'NONE',  ( -13.00484902367621309, 8.634969845410243039, 8.818884423798827754 ) ) ;
#2756 = ADVANCED_FACE ( 'NONE', ( #2427 ), #7150, .T. ) ;
#2757 = CARTESIAN_POINT ( 'NONE',  ( 0.000000000000000000, 7.749999999999999112, 0.000000000000000000 ) ) ;
#2758 = CARTESIAN_POINT ( 'NONE',  ( 0.000000000000000000, 0.000000000000000000, 0.000000000000000000 ) ) ;
#2759 = CARTESIAN_POINT ( 'NONE',  ( -12.19521000268852440, 10.66671105323900370, -10.78099644031547477 ) ) ;
#2760 = VECTOR ( 'NONE', #1095, 1000.000000000000000 ) ;
#2761 = ORIENTED_EDGE ( 'NONE', *, *, #4900, .T. ) ;
#2762 = CARTESIAN_POINT ( 'NONE',  ( -12.48027393168856669, 11.50000000000000355, 11.58472054150094266 ) ) ;
#2763 = EDGE_CURVE ( 'NONE', #656, #3949, #5941, .T. ) ;
#2764 = CARTESIAN_POINT ( 'NONE',  ( 18.19999999999999929, 15.49999999999999289, -2.228857174448183325E-15 ) ) ;
#2765 = AXIS2_PLACEMENT_3D ( 'NONE', #1657, #7946, #7242 ) ;
#2766 = CLOSED_SHELL ( 'NONE', ( #3361, #2549, #810, #6442, #6371, #4039, #4091, #1196, #298, #2386, #6272, #8265, #2417, #1781, #3939, #6310, #1354, #1896, #1460 ) ) ;
#2767 = CARTESIAN_POINT ( 'NONE',  ( 14.81208241069615106, 13.34643765900137424, 8.389767275976129923 ) ) ;
#2768 = FACE_BOUND ( 'NONE', #6351, .T. ) ;
#2769 = EDGE_LOOP ( 'NONE', ( #3456, #4723, #6330, #5030 ) ) ;
#2770 = DIRECTION ( 'NONE',  ( 0.000000000000000000, 0.000000000000000000, -1.000000000000000000 ) ) ;
#2771 = ORIENTED_EDGE ( 'NONE', *, *, #8478, .F. ) ;
#2772 = CARTESIAN_POINT ( 'NONE',  ( 12.08506439286875356, 9.824871825953922055, 12.43861778331971912 ) ) ;
#2773 = ORIENTED_EDGE ( 'NONE', *, *, #4005, .F. ) ;
#2774 = CARTESIAN_POINT ( 'NONE',  ( -8.181921453815091283, 7.559853416866440412, -13.67266869362420323 ) ) ;
#2775 = AXIS2_PLACEMENT_3D ( 'NONE', #7380, #1437, #6734 ) ;
#2776 = CARTESIAN_POINT ( 'NONE',  ( 15.11196074641845932, 12.89209278444569939, -8.655431001689084525 ) ) ;
#2777 = CARTESIAN_POINT ( 'NONE',  ( -8.440680885325352989, 7.884901666891271255, 13.34070376544996606 ) ) ;
#2778 = CARTESIAN_POINT ( 'NONE',  ( 12.89816096848447557, 8.069857782742385410, -8.696486819374445787 ) ) ;
#2779 = CIRCLE ( 'NONE', #536, 15.43666455842805441 ) ;
#2780 = VERTEX_POINT ( 'NONE', #2610 ) ;
#2781 = PLANE ( 'NONE',  #4459 ) ;
#2782 = VERTEX_POINT ( 'NONE', #5277 ) ;
#2783 = LINE ( 'NONE', #4141, #3 ) ;
#2784 = CARTESIAN_POINT ( 'NONE',  ( 9.523804520229633752, -3.741303754971964324, 9.523804520229612436 ) ) ;
#2785 = VECTOR ( 'NONE', #120, 1000.000000000000000 ) ;
#2786 = CARTESIAN_POINT ( 'NONE',  ( 8.750000000000003553, 8.400850844681494678, -13.30313517271587287 ) ) ;
#2787 = ORIENTED_EDGE ( 'NONE', *, *, #8029, .T. ) ;
#2788 = CARTESIAN_POINT ( 'NONE',  ( -15.21759819039019312, 13.40000000000000213, -7.999999999999994671 ) ) ;
#2789 = CARTESIAN_POINT ( 'NONE',  ( 8.714463382470833963, 12.75446084439889916, -14.43051474843812798 ) ) ;
#2790 = CARTESIAN_POINT ( 'NONE',  ( -15.45357792695942756, 13.35985336748860952, -8.310759131661509258 ) ) ;
#2791 = ORIENTED_EDGE ( 'NONE', *, *, #8029, .F. ) ;
#2792 = CARTESIAN_POINT ( 'NONE',  ( -10.64979063314487817, 10.00000000000000355, 12.06400419551793490 ) ) ;
#2793 = FACE_OUTER_BOUND ( 'NONE', #8140, .T. ) ;
#2794 = EDGE_CURVE ( 'NONE', #2015, #2593, #8197, .T. ) ;
#2795 = AXIS2_PLACEMENT_3D ( 'NONE', #3343, #2090, #7999 ) ;
#2796 = CARTESIAN_POINT ( 'NONE',  ( -13.06826752149565252, 8.824648600449892299, 8.819152823647900874 ) ) ;
#2797 = CARTESIAN_POINT ( 'NONE',  ( 8.289461878228500780, 7.578438292040893032, -13.61371495696925571 ) ) ;
#2798 = ORIENTED_EDGE ( 'NONE', *, *, #394, .T. ) ;
#2799 = CARTESIAN_POINT ( 'NONE',  ( 8.750000000000005329, 8.413726081778227339, -13.60124325485363350 ) ) ;
#2800 = CARTESIAN_POINT ( 'NONE',  ( -14.81059746271058586, 13.34491241480316681, 8.391482440087184358 ) ) ;
#2801 = AXIS2_PLACEMENT_3D ( 'NONE', #3631, #5769, #1027 ) ;
#2802 = EDGE_CURVE ( 'NONE', #7237, #2163, #4738, .T. ) ;
#2803 = ORIENTED_EDGE ( 'NONE', *, *, #7221, .F. ) ;
#2804 = EDGE_CURVE ( 'NONE', #5619, #7684, #63, .T. ) ;
#2805 = DIRECTION ( 'NONE',  ( -0.7071067811865463515, -0.000000000000000000, -0.7071067811865487940 ) ) ;
#2806 = AXIS2_PLACEMENT_3D ( 'NONE', #2383, #5055, #243 ) ;
#2807 = CARTESIAN_POINT ( 'NONE',  ( -8.750000000000312639, 12.60734668551587845, 14.70160954120083474 ) ) ;
#2808 = DIRECTION ( 'NONE',  ( -0.000000000000000000, -1.000000000000000000, -0.000000000000000000 ) ) ;
#2809 = VERTEX_POINT ( 'NONE', #793 ) ;
#2810 = CARTESIAN_POINT ( 'NONE',  ( 8.783300107318565253, 7.886495917984269077, -13.40265793519335169 ) ) ;
#2811 = ORIENTED_EDGE ( 'NONE', *, *, #5324, .T. ) ;
#2812 = DIRECTION ( 'NONE',  ( 0.000000000000000000, 0.000000000000000000, -1.000000000000000000 ) ) ;
#2813 = ORIENTED_EDGE ( 'NONE', *, *, #5871, .T. ) ;
#2814 = ADVANCED_FACE ( 'NONE', ( #1337 ), #5337, .T. ) ;
#2815 = CARTESIAN_POINT ( 'NONE',  ( 10.73865508587736173, 9.555275936094654199, 11.81893621159459329 ) ) ;
#2816 = CARTESIAN_POINT ( 'NONE',  ( 11.01742794543693016, 10.00004516124002407, 12.43164150781006683 ) ) ;
#2817 = CARTESIAN_POINT ( 'NONE',  ( 14.74687782792863189, 12.72343304759307614, 8.750000000000001776 ) ) ;
#2818 = CARTESIAN_POINT ( 'NONE',  ( 14.90684508345313830, 12.41970336326914470, -8.750000000000000000 ) ) ;
#2819 = CARTESIAN_POINT ( 'NONE',  ( -10.92158470279900229, 9.500000000000000000, 11.62869148398550756 ) ) ;
#2820 = CARTESIAN_POINT ( 'NONE',  ( -12.03860862382356522, 9.870956739494527454, 10.62439506145042678 ) ) ;
#2821 = CARTESIAN_POINT ( 'NONE',  ( 19.09059477576453290, 9.731686437451772420, 5.029540588869223505 ) ) ;
#2822 = FACE_BOUND ( 'NONE', #5172, .T. ) ;
#2823 = CARTESIAN_POINT ( 'NONE',  ( 0.000000000000000000, 7.750000000000001776, -15.58119224487254328 ) ) ;
#2824 = CARTESIAN_POINT ( 'NONE',  ( -10.87219589733756386, 11.13015574424661480, 12.28640945971061704 ) ) ;
#2825 = ORIENTED_EDGE ( 'NONE', *, *, #3938, .T. ) ;
#2826 = DIRECTION ( 'NONE',  ( -0.7071067811865487940, -0.000000000000000000, 0.7071067811865463515 ) ) ;
#2827 = DIRECTION ( 'NONE',  ( 0.000000000000000000, 0.000000000000000000, -1.000000000000000000 ) ) ;
#2828 = AXIS2_PLACEMENT_3D ( 'NONE', #6627, #5516, #258 ) ;
#2829 = CARTESIAN_POINT ( 'NONE',  ( 8.975817624700635378, 11.79435448211306436, 14.56624153720787440 ) ) ;
#2830 = CARTESIAN_POINT ( 'NONE',  ( 0.000000000000000000, 7.600000000000001421, 0.000000000000000000 ) ) ;
#2831 = CARTESIAN_POINT ( 'NONE',  ( 0.000000000000000000, 7.874999999999998224, 0.000000000000000000 ) ) ;
#2832 = ORIENTED_EDGE ( 'NONE', *, *, #2144, .F. ) ;
#2833 = CARTESIAN_POINT ( 'NONE',  ( 12.11310551425122917, 11.50004516124001874, 11.21752489941968989 ) ) ;
#2834 = ORIENTED_EDGE ( 'NONE', *, *, #1712, .F. ) ;
#2835 = CARTESIAN_POINT ( 'NONE',  ( -8.975351360192432182, 12.17462593492673584, -14.69031243246425866 ) ) ;
#2836 = CARTESIAN_POINT ( 'NONE',  ( -1.640245189779696351E-16, 13.35985342043208668, 0.000000000000000000 ) ) ;
#2837 = CARTESIAN_POINT ( 'NONE',  ( 0.000000000000000000, 16.49999999999999645, -18.19999999999999929 ) ) ;
#2838 = CIRCLE ( 'NONE', #1426, 0.1500000000000006328 ) ;
#2839 = CIRCLE ( 'NONE', #2261, 18.19999999999999929 ) ;
#2840 = CARTESIAN_POINT ( 'NONE',  ( 0.000000000000000000, 7.749999999999999112, 0.000000000000000000 ) ) ;
#2841 = ORIENTED_EDGE ( 'NONE', *, *, #2463, .F. ) ;
#2842 = DIRECTION ( 'NONE',  ( 0.7071067811865485719, 0.000000000000000000, -0.7071067811865464625 ) ) ;
#2843 = EDGE_CURVE ( 'NONE', #3526, #1790, #6231, .T. ) ;
#2844 = CIRCLE ( 'NONE', #8246, 6.871931816258391557 ) ;
#2845 = CIRCLE ( 'NONE', #1161, 2.991318522074777775 ) ;
#2846 = PERSON_AND_ORGANIZATION ( #5881, #3284 ) ;
#2847 = CYLINDRICAL_SURFACE ( 'NONE', #398, 1.010151393566355305 ) ;
#2848 = ORIENTED_EDGE ( 'NONE', *, *, #887, .F. ) ;
#2849 = TOROIDAL_SURFACE ( 'NONE', #5793, 15.78876493034220374, 0.1499999999999999944 ) ;
#2850 = AXIS2_PLACEMENT_3D ( 'NONE', #3328, #6645, #4501 ) ;
#2851 = CARTESIAN_POINT ( 'NONE',  ( 14.41636719170869974, 12.49999999999999289, 8.749999999999998224 ) ) ;
#2852 = CARTESIAN_POINT ( 'NONE',  ( 8.032897855489219197, 7.640146579567914209, 13.18251655327305372 ) ) ;
#2853 = ADVANCED_FACE ( 'NONE', ( #22 ), #3481, .T. ) ;
#2854 = EDGE_CURVE ( 'NONE', #6571, #3775, #5713, .T. ) ;
#2855 = DIRECTION ( 'NONE',  ( 0.000000000000000000, 1.000000000000000000, 2.168404344971010347E-16 ) ) ;
#2856 = DIRECTION ( 'NONE',  ( 0.000000000000000000, 1.000000000000000000, -0.000000000000000000 ) ) ;
#2857 = ORIENTED_EDGE ( 'NONE', *, *, #1611, .F. ) ;
#2858 = LINE ( 'NONE', #8154, #2496 ) ;
#2859 = AXIS2_PLACEMENT_3D ( 'NONE', #4388, #8375, #362 ) ;
#2860 = DIRECTION ( 'NONE',  ( -0.000000000000000000, -1.000000000000000000, -0.000000000000000000 ) ) ;
#2861 = ORIENTED_EDGE ( 'NONE', *, *, #1042, .T. ) ;
#2862 = CARTESIAN_POINT ( 'NONE',  ( 13.40303165633547167, 7.884719467235608015, 8.781832058141883834 ) ) ;
#2863 = B_SPLINE_CURVE_WITH_KNOTS ( 'NONE', 3,
 ( #26, #8091, #2106, #4187 ),
 .UNSPECIFIED., .F., .F.,
 ( 4, 4 ),
 ( 0.000000000000000000, 0.004213349230782861485 ),
 .UNSPECIFIED. ) ;
#2864 = CARTESIAN_POINT ( 'NONE',  ( -8.073230648290531164, 7.559853420432087745, 13.73654834780746015 ) ) ;
#2865 = EDGE_CURVE ( 'NONE', #5351, #1438, #551, .T. ) ;
#2866 = ADVANCED_FACE ( 'NONE', ( #752, #98 ), #2781, .T. ) ;
#2867 = CARTESIAN_POINT ( 'NONE',  ( -13.40265793519342807, 7.886495917984315263, -8.783300107318471106 ) ) ;
#2868 = CARTESIAN_POINT ( 'NONE',  ( 0.000000000000000000, 7.600000000000001421, 0.000000000000000000 ) ) ;
#2869 = VERTEX_POINT ( 'NONE', #4137 ) ;
#2870 = CARTESIAN_POINT ( 'NONE',  ( -8.749999999999998224, 9.831482208910699683, -13.78744750116160489 ) ) ;
#2871 = ORIENTED_EDGE ( 'NONE', *, *, #2292, .F. ) ;
#2872 = FACE_OUTER_BOUND ( 'NONE', #5467, .T. ) ;
#2873 = CARTESIAN_POINT ( 'NONE',  ( -14.81883984523073750, 16.49999999999999645, 3.629568956707816530E-15 ) ) ;
#2874 = CARTESIAN_POINT ( 'NONE',  ( 13.37062271443168271, 7.750000000000001776, 7.999999999999992895 ) ) ;
#2875 = CARTESIAN_POINT ( 'NONE',  ( -15.45397924570272252, 13.35985342043270485, -8.309984030484516282 ) ) ;
#2876 = CARTESIAN_POINT ( 'NONE',  ( 15.21759819039019845, 13.24999999999999822, 7.999999999999992895 ) ) ;
#2877 = B_SPLINE_CURVE_WITH_KNOTS ( 'NONE', 3,
 ( #8199, #8331, #6219, #829, #6868, #3567, #4864, #2311, #2946, #5658 ),
 .UNSPECIFIED., .F., .F.,
 ( 4, 2, 2, 2, 4 ),
 ( 0.000000000000000000, 0.0003546342519730210545, 0.0007092685039460421090, 0.001063902755919063272, 0.001418537007892084218 ),
 .UNSPECIFIED. ) ;
#2878 = CARTESIAN_POINT ( 'NONE',  ( 12.97309164460348896, 8.540146579567922558, 8.818749239510209392 ) ) ;
#2879 = DIRECTION ( 'NONE',  ( -0.000000000000000000, -0.000000000000000000, 1.000000000000000000 ) ) ;
#2880 = CARTESIAN_POINT ( 'NONE',  ( 0.000000000000000000, 11.50004516124002052, 0.000000000000000000 ) ) ;
#2881 = DIRECTION ( 'NONE',  ( 0.1892527910123306678, 0.9635179096299408830, 0.1892527910399006419 ) ) ;
#2882 = DIRECTION ( 'NONE',  ( 0.000000000000000000, 0.000000000000000000, 1.000000000000000000 ) ) ;
#2883 = CARTESIAN_POINT ( 'NONE',  ( 8.784652431779099047, 7.887919822713624463, 13.40224926359754676 ) ) ;
#2884 = EDGE_CURVE ( 'NONE', #8501, #4180, #3745, .T. ) ;
#2885 = ORIENTED_EDGE ( 'NONE', *, *, #1573, .F. ) ;
#2886 = FACE_OUTER_BOUND ( 'NONE', #7456, .T. ) ;
#2887 = CARTESIAN_POINT ( 'NONE',  ( 8.655431001689088077, 12.89209278444569762, 15.11196074641846110 ) ) ;
#2888 = CARTESIAN_POINT ( 'NONE',  ( 0.000000000000000000, 9.500000000000000000, 0.000000000000000000 ) ) ;
#2889 = ORIENTED_EDGE ( 'NONE', *, *, #1661, .T. ) ;
#2890 = CARTESIAN_POINT ( 'NONE',  ( -8.975118759127157730, 12.36476963144511032, -14.75232311859088341 ) ) ;
#2891 = CARTESIAN_POINT ( 'NONE',  ( 8.348159499710019915, 7.829358285703079012, 13.38936689147325509 ) ) ;
#2892 = FACE_OUTER_BOUND ( 'NONE', #5792, .T. ) ;
#2893 = CARTESIAN_POINT ( 'NONE',  ( 7.999999999999994671, 7.600000000000001421, -13.61194688593824509 ) ) ;
#2894 = DIRECTION ( 'NONE',  ( -1.000000000000000000, -1.084202172485505174E-16, 0.000000000000000000 ) ) ;
#2895 = ORIENTED_EDGE ( 'NONE', *, *, #957, .F. ) ;
#2896 = CARTESIAN_POINT ( 'NONE',  ( -8.725463172536958467, 12.71482775611408478, -14.76138205624058131 ) ) ;
#2897 = AXIS2_PLACEMENT_3D ( 'NONE', #926, #3625, #2961 ) ;
#2898 = EDGE_LOOP ( 'NONE', ( #2540, #6537, #163, #4766 ) ) ;
#2899 = ORIENTED_EDGE ( 'NONE', *, *, #6663, .F. ) ;
#2900 = VERTEX_POINT ( 'NONE', #6267 ) ;
#2901 = CARTESIAN_POINT ( 'NONE',  ( 11.21418861615252816, 10.99999999999999645, -12.62840217852557956 ) ) ;
#2902 = EDGE_CURVE ( 'NONE', #1438, #6726, #2345, .T. ) ;
#2903 = CARTESIAN_POINT ( 'NONE',  ( -13.26767398142760079, 8.104838885399958670, 8.646012978303000196 ) ) ;
#2904 = VECTOR ( 'NONE', #3596, 1000.000000000000000 ) ;
#2905 = CARTESIAN_POINT ( 'NONE',  ( -12.43163262118707024, 10.00000000000000355, 11.01741905881393713 ) ) ;
#2906 = CARTESIAN_POINT ( 'NONE',  ( -8.604745962805168347, 7.720200559015315100, -13.46320381325080895 ) ) ;
#2907 = CARTESIAN_POINT ( 'NONE',  ( 13.30637223668956182, 7.750000000000108358, -8.089486343374399979 ) ) ;
#2908 = EDGE_LOOP ( 'NONE', ( #8293, #4537, #6851, #1948, #6377 ) ) ;
#2909 = CARTESIAN_POINT ( 'NONE',  ( -8.749999999999998224, 8.500000000000007105, -13.34286252986123422 ) ) ;
#2910 = AXIS2_PLACEMENT_3D ( 'NONE', #3249, #618, #5839 ) ;
#2911 = ORIENTED_EDGE ( 'NONE', *, *, #2915, .T. ) ;
#2912 = CARTESIAN_POINT ( 'NONE',  ( -8.172888960819484794, 13.44014652644433383, -14.96342695255388833 ) ) ;
#2913 = CARTESIAN_POINT ( 'NONE',  ( 13.48972354018185627, 7.765646365209620150, 8.179412001724376324 ) ) ;
#2914 = EDGE_CURVE ( 'NONE', #3541, #6945, #814, .T. ) ;
#2915 = EDGE_CURVE ( 'NONE', #6648, #8166, #2930, .T. ) ;
#2916 = LINE ( 'NONE', #6147, #4162 ) ;
#2917 = CARTESIAN_POINT ( 'NONE',  ( 0.000000000000000000, 14.99999999999999645, 0.000000000000000000 ) ) ;
#2918 = DIRECTION ( 'NONE',  ( -0.7071067811865487940, -0.000000000000000000, 0.7071067811865463515 ) ) ;
#2919 = ORIENTED_EDGE ( 'NONE', *, *, #5089, .T. ) ;
#2920 = CARTESIAN_POINT ( 'NONE',  ( -8.587268214006179790, 8.022648873232945732, 13.03265164499709350 ) ) ;
#2921 = CARTESIAN_POINT ( 'NONE',  ( -8.980199218265397576, 8.459853420432093429, 13.46309704045872024 ) ) ;
#2922 = ORIENTED_EDGE ( 'NONE', *, *, #8371, .T. ) ;
#2923 = CARTESIAN_POINT ( 'NONE',  ( 12.27743231549151481, 11.25655467091716488, 10.93559241504928536 ) ) ;
#2924 = CARTESIAN_POINT ( 'NONE',  ( -8.166287261939425335, 13.41637423525960848, 14.95759213884067051 ) ) ;
#2925 = VECTOR ( 'NONE', #3366, 1000.000000000000114 ) ;
#2926 = ADVANCED_FACE ( 'NONE', ( #5665 ), #364, .T. ) ;
#2927 = LINE ( 'NONE', #376, #733 ) ;
#2928 = ORIENTED_EDGE ( 'NONE', *, *, #7629, .T. ) ;
#2929 = CARTESIAN_POINT ( 'NONE',  ( -8.086911769994998167, 7.749999999999999112, -13.55065124623706829 ) ) ;
#2930 = CIRCLE ( 'NONE', #5868, 0.1499999999999995781 ) ;
#2931 = CARTESIAN_POINT ( 'NONE',  ( -14.65974925560509767, 12.49999999999999467, -8.750000000000001776 ) ) ;
#2932 = ORIENTED_EDGE ( 'NONE', *, *, #2051, .T. ) ;
#2933 = CARTESIAN_POINT ( 'NONE',  ( 9.999999999999998224, 12.49999999999999822, 19.99999999999999645 ) ) ;
#2934 = ORIENTED_EDGE ( 'NONE', *, *, #200, .T. ) ;
#2935 = ORIENTED_EDGE ( 'NONE', *, *, #907, .F. ) ;
#2936 =( BOUNDED_SURFACE ( )  B_SPLINE_SURFACE ( 3, 2, ( 
 ( #3152, #6598, #2581 ),
 ( #5334, #2533, #605 ),
 ( #1170, #3282, #4586 ),
 ( #7801, #1907, #2669 ) ),
 .UNSPECIFIED., .F., .F., .F. ) 
 B_SPLINE_SURFACE_WITH_KNOTS ( ( 4, 4 ),
 ( 3, 3 ),
 ( -1.734723475976807094E-18, 0.004213349230782856281 ),
 ( 0.000000000000000000, 1.000000000000000000 ),
 .UNSPECIFIED. ) 
 GEOMETRIC_REPRESENTATION_ITEM ( )  RATIONAL_B_SPLINE_SURFACE ( (
 ( 1.000000000000000000, 0.8677983030863952729, 1.000000000000000000),
 ( 1.000000000000000000, 0.8709903080357481731, 1.000000000000000000),
 ( 1.000000000000000000, 0.8743696232020894410, 1.000000000000000000),
 ( 1.000000000000000000, 0.8779725897198052964, 1.000000000000000000) ) ) 
 REPRESENTATION_ITEM ( '' )  SURFACE ( )  );
#2937 = DIRECTION ( 'NONE',  ( 3.644011063898328558E-15, -0.9485212707595849224, 0.3167134334325312217 ) ) ;
#2938 = CARTESIAN_POINT ( 'NONE',  ( 12.97309164460358311, 8.540146579567894136, 8.818749239510209392 ) ) ;
#2939 = CARTESIAN_POINT ( 'NONE',  ( -12.97309164460348896, 8.540146579567920782, -8.818749239510212945 ) ) ;
#2940 = DIRECTION ( 'NONE',  ( 1.084202172485505174E-16, -1.000000000000000000, -0.000000000000000000 ) ) ;
#2941 = DIRECTION ( 'NONE',  ( -0.8851401627399647642, 0.000000000000000000, -0.4653245021537859016 ) ) ;
#2942 = ORIENTED_EDGE ( 'NONE', *, *, #6589, .T. ) ;
#2943 = VECTOR ( 'NONE', #154, 1000.000000000000000 ) ;
#2944 = CARTESIAN_POINT ( 'NONE',  ( 4.037011421913242692, 9.704922051056698251, 20.21938595225280721 ) ) ;
#2945 = ORIENTED_EDGE ( 'NONE', *, *, #43, .T. ) ;
#2946 = CARTESIAN_POINT ( 'NONE',  ( -15.38843115315011367, 13.24999999999999822, 8.101868673198994841 ) ) ;
#2947 = CARTESIAN_POINT ( 'NONE',  ( -13.57345694518124013, 8.258189023234603354, 8.714324879742180840 ) ) ;
#2948 = CIRCLE ( 'NONE', #6984, 0.1500000000000001610 ) ;
#2949 = DIRECTION ( 'NONE',  ( 0.000000000000000000, 0.000000000000000000, 1.000000000000000000 ) ) ;
#2950 = CARTESIAN_POINT ( 'NONE',  ( -13.67271530203551855, 7.559853424038016634, -8.181842153844291587 ) ) ;
#2951 = CARTESIAN_POINT ( 'NONE',  ( 13.03657409507485099, 8.729803938266964991, -8.819018948782005651 ) ) ;
#2952 = ORIENTED_EDGE ( 'NONE', *, *, #8076, .T. ) ;
#2953 = EDGE_CURVE ( 'NONE', #3397, #4055, #4450, .T. ) ;
#2954 = ORIENTED_EDGE ( 'NONE', *, *, #4532, .T. ) ;
#2955 = DIRECTION ( 'NONE',  ( 0.000000000000000000, 1.000000000000000000, 0.000000000000000000 ) ) ;
#2956 = VECTOR ( 'NONE', #538, 1000.000000000000114 ) ;
#2957 = EDGE_LOOP ( 'NONE', ( #1630, #8366, #4178, #6204 ) ) ;
#2958 = DIRECTION ( 'NONE',  ( -1.000000000000000000, 0.000000000000000000, 0.000000000000000000 ) ) ;
#2959 = FACE_OUTER_BOUND ( 'NONE', #6349, .T. ) ;
#2960 = CARTESIAN_POINT ( 'NONE',  ( 13.60124325485363528, 8.413726081778227339, -8.750000000000003553 ) ) ;
#2961 = DIRECTION ( 'NONE',  ( 0.000000000000000000, -0.000000000000000000, 1.000000000000000000 ) ) ;
#2962 = VERTEX_POINT ( 'NONE', #7650 ) ;
#2963 = DIRECTION ( 'NONE',  ( 0.7071067811828570804, 0.000000000000000000, 0.7071067811902380651 ) ) ;
#2964 = ADVANCED_FACE ( 'NONE', ( #6965 ), #1383, .T. ) ;
#2965 = EDGE_CURVE ( 'NONE', #6573, #7623, #4318, .T. ) ;
#2966 = CARTESIAN_POINT ( 'NONE',  ( -8.749999999993846700, 11.06832986507737893, 14.47168223085350114 ) ) ;
#2967 = CARTESIAN_POINT ( 'NONE',  ( 12.40620606036339701, 9.870783871992738767, -10.99199249799026035 ) ) ;
#2968 = CARTESIAN_POINT ( 'NONE',  ( 15.02869199527820321, 7.866865106986888456, 7.624992097545834291 ) ) ;
#2969 = CARTESIAN_POINT ( 'NONE',  ( -8.749999999999998224, 8.500000000000007105, 13.09261806874822653 ) ) ;
#2970 = B_SPLINE_CURVE_WITH_KNOTS ( 'NONE', 3,
 ( #5669, #4349, #7697, #6927, #1719, #6274 ),
 .UNSPECIFIED., .F., .F.,
 ( 4, 2, 4 ),
 ( 0.000000000000000000, 0.5000000000000004441, 1.000000000000000000 ),
 .UNSPECIFIED. ) ;
#2971 = EDGE_LOOP ( 'NONE', ( #274, #941, #300, #6506 ) ) ;
#2972 = CARTESIAN_POINT ( 'NONE',  ( -8.749999999999998224, 8.401028654342320934, -13.30320641798142489 ) ) ;
#2973 = EDGE_CURVE ( 'NONE', #437, #8398, #2251, .T. ) ;
#2974 = CARTESIAN_POINT ( 'NONE',  ( -14.22591826066063803, 11.16497734891128601, -8.750000000000001776 ) ) ;
#2975 = CARTESIAN_POINT ( 'NONE',  ( 4.201174670048177644E-15, 15.49999999999999289, 0.000000000000000000 ) ) ;
#2976 = VECTOR ( 'NONE', #994, 1000.000000000000000 ) ;
#2977 = ORIENTED_EDGE ( 'NONE', *, *, #1825, .F. ) ;
#2978 = VERTEX_POINT ( 'NONE', #2184 ) ;
#2979 = CARTESIAN_POINT ( 'NONE',  ( 1.422121095509863998E-15, 12.49999999999999645, -10.00000000000000000 ) ) ;
#2980 = TOROIDAL_SURFACE ( 'NONE', #5354, 15.78876493034220374, 0.1499999999999999944 ) ;
#2981 = AXIS2_PLACEMENT_3D ( 'NONE', #645, #4198, #4682 ) ;
#2982 = CARTESIAN_POINT ( 'NONE',  ( 8.066449984402265017, 13.35985342043208846, 15.58006697086411840 ) ) ;
#2983 = EDGE_CURVE ( 'NONE', #731, #4559, #1654, .T. ) ;
#2984 = LINE ( 'NONE', #2213, #3551 ) ;
#2985 = CARTESIAN_POINT ( 'NONE',  ( 8.750000000000003553, 12.49999999999999467, 14.65974925560509590 ) ) ;
#2986 = ORIENTED_EDGE ( 'NONE', *, *, #3891, .F. ) ;
#2987 = CARTESIAN_POINT ( 'NONE',  ( 8.780981721072292245, 13.02670547754429542, -15.08222394068663341 ) ) ;
#2988 =( BOUNDED_SURFACE ( )  B_SPLINE_SURFACE ( 3, 3, ( 
 ( #6644, #7110, #7983, #5869 ),
 ( #7234, #3996, #2673, #5911 ),
 ( #4500, #7151, #2583, #6469 ),
 ( #3285, #3195, #8486, #1310 ),
 ( #480, #7889, #5951, #8572 ),
 ( #2538, #2625, #3154, #7847 ) ),
 .UNSPECIFIED., .F., .F., .F. ) 
 B_SPLINE_SURFACE_WITH_KNOTS ( ( 4, 2, 4 ),
 ( 4, 4 ),
 ( 0.000000000000000000, 0.5000000000000004441, 1.000000000000000000 ),
 ( 0.000000000000000000, 1.000000000000000000 ),
 .UNSPECIFIED. ) 
 GEOMETRIC_REPRESENTATION_ITEM ( )  RATIONAL_B_SPLINE_SURFACE ( (
 ( 1.000000000000000000, 0.3333333333333334259, 0.3333333333333334259, 1.000000000000000000),
 ( 1.000000000000000000, 0.3333333333333334259, 0.3333333333333334259, 1.000000000000000000),
 ( 1.000000000000000000, 0.3333333333333334259, 0.3333333333333334259, 1.000000000000000000),
 ( 1.000000000000000000, 0.3333333333333334259, 0.3333333333333334259, 1.000000000000000000),
 ( 1.000000000000000000, 0.3333333333333334259, 0.3333333333333334259, 1.000000000000000000),
 ( 1.000000000000000000, 0.3333333333333334259, 0.3333333333333334259, 1.000000000000000000) ) ) 
 REPRESENTATION_ITEM ( '' )  SURFACE ( )  );
#2989 = ORIENTED_EDGE ( 'NONE', *, *, #7897, .F. ) ;
#2990 = AXIS2_PLACEMENT_3D ( 'NONE', #4221, #6874, #884 ) ;
#2991 = CARTESIAN_POINT ( 'NONE',  ( -13.48882067539862462, 7.766128814353871590, 8.180890470407423010 ) ) ;
#2992 = CARTESIAN_POINT ( 'NONE',  ( 0.000000000000000000, 7.749999999999998224, 0.000000000000000000 ) ) ;
#2993 = CARTESIAN_POINT ( 'NONE',  ( 13.98051948716655879, 11.16487894244644252, -8.750000000000001776 ) ) ;
#2994 = CARTESIAN_POINT ( 'NONE',  ( 11.21742953181436420, 11.50004516124002230, 12.11319527242148553 ) ) ;
#2995 = ORIENTED_EDGE ( 'NONE', *, *, #993, .T. ) ;
#2996 = ORIENTED_EDGE ( 'NONE', *, *, #3821, .F. ) ;
#2997 = CARTESIAN_POINT ( 'NONE',  ( -8.625916490643746215, 7.969149218854766126, 12.91209045082908524 ) ) ;
#2998 = ORIENTED_EDGE ( 'NONE', *, *, #5562, .F. ) ;
#2999 = CARTESIAN_POINT ( 'NONE',  ( 13.26756979557902127, 8.108845755606994388, 8.648157251820526525 ) ) ;
#3000 = CIRCLE ( 'NONE', #7863, 0.1499999999999995781 ) ;
#3001 = EDGE_CURVE ( 'NONE', #2410, #2627, #7655, .T. ) ;
#3002 = CARTESIAN_POINT ( 'NONE',  ( 0.000000000000000000, 1.999999999999999112, 7.000000000000000000 ) ) ;
#3003 = CARTESIAN_POINT ( 'NONE',  ( -12.38881857357498717, 11.50000000000000000, 11.68171179238840196 ) ) ;
#3004 = ORIENTED_EDGE ( 'NONE', *, *, #2609, .T. ) ;
#3005 = DIRECTION ( 'NONE',  ( 0.000000000000000000, 0.000000000000000000, 1.000000000000000000 ) ) ;
#3006 = CARTESIAN_POINT ( 'NONE',  ( -13.46309704045871669, 8.459853420432093429, -8.980199218265402905 ) ) ;
#3007 = CARTESIAN_POINT ( 'NONE',  ( 5.826724824144557502, 10.99698500752926833, 18.93724281571132551 ) ) ;
#3008 = DIRECTION ( 'NONE',  ( -0.6813100476940172623, 0.2676438637860938941, -0.6813100476940192607 ) ) ;
#3009 = DIRECTION ( 'NONE',  ( 0.7071067811865484609, 0.000000000000000000, -0.7071067811865464625 ) ) ;
#3010 = DIRECTION ( 'NONE',  ( -0.6813100476940174843, 0.2676438637860937275, -0.6813100476940190386 ) ) ;
#3011 = ADVANCED_FACE ( 'NONE', ( #4343 ), #1496, .F. ) ;
#3012 = EDGE_LOOP ( 'NONE', ( #4499, #2559, #1853, #4251 ) ) ;
#3013 = CARTESIAN_POINT ( 'NONE',  ( 13.34286252986123245, 8.500000000000007105, 8.749999999999998224 ) ) ;
#3014 = CARTESIAN_POINT ( 'NONE',  ( 8.073230648290536493, 7.559853420432087745, -13.73654834780745482 ) ) ;
#3015 = ORIENTED_EDGE ( 'NONE', *, *, #8005, .T. ) ;
#3016 = COORDINATED_UNIVERSAL_TIME_OFFSET ( 1, 0, .AHEAD. ) ;
#3017 = CARTESIAN_POINT ( 'NONE',  ( -14.29338720761957404, 12.54014657956790835, -8.824077831548116535 ) ) ;
#3018 = DIRECTION ( 'NONE',  ( -0.000000000000000000, -1.000000000000000000, -0.000000000000000000 ) ) ;
#3019 = EDGE_LOOP ( 'NONE', ( #8009, #1748, #3170, #4744 ) ) ;
#3020 = EDGE_CURVE ( 'NONE', #1970, #3112, #3576, .T. ) ;
#3021 = EDGE_CURVE ( 'NONE', #632, #3212, #6416, .T. ) ;
#3022 = FACE_OUTER_BOUND ( 'NONE', #8587, .T. ) ;
#3023 = CARTESIAN_POINT ( 'NONE',  ( -13.54469339120475802, 10.25560990408195039, -8.821139817153092366 ) ) ;
#3024 = CARTESIAN_POINT ( 'NONE',  ( 10.63807139240889654, 9.742939155095807990, -11.97935016084068671 ) ) ;
#3025 = DIRECTION ( 'NONE',  ( 0.5066894108117285800, 0.000000000000000000, -0.8621286684545778067 ) ) ;
#3026 = CARTESIAN_POINT ( 'NONE',  ( -12.12960367368568626, 10.33333254522021249, 10.71539011131255315 ) ) ;
#3027 = ORIENTED_EDGE ( 'NONE', *, *, #7488, .T. ) ;
#3028 = DIRECTION ( 'NONE',  ( 0.7071067811828567473, 0.000000000000000000, 0.7071067811902383982 ) ) ;
#3029 = ORIENTED_EDGE ( 'NONE', *, *, #5634, .F. ) ;
#3030 = DIRECTION ( 'NONE',  ( 0.6813100476940172623, -0.2676438637860938941, 0.6813100476940191497 ) ) ;
#3031 = CARTESIAN_POINT ( 'NONE',  ( 14.22591835443349773, 11.16497763733421955, -8.750000000000001776 ) ) ;
#3032 = ADVANCED_FACE ( 'NONE', ( #7001 ), #1013, .F. ) ;
#3033 = FACE_OUTER_BOUND ( 'NONE', #4950, .T. ) ;
#3034 = LINE ( 'NONE', #8335, #4235 ) ;
#3035 = DIRECTION ( 'NONE',  ( 1.000000000000000000, 0.000000000000000000, 1.224646799147353207E-16 ) ) ;
#3036 = DIRECTION ( 'NONE',  ( 0.000000000000000000, -1.000000000000000000, 0.000000000000000000 ) ) ;
#3037 = CARTESIAN_POINT ( 'NONE',  ( -13.37062271443168093, 7.750000000000001776, 7.999999999999992895 ) ) ;
#3038 = CARTESIAN_POINT ( 'NONE',  ( 0.000000000000000000, 16.49999999999999645, 0.000000000000000000 ) ) ;
#3039 = ORIENTED_EDGE ( 'NONE', *, *, #6049, .F. ) ;
#3040 = CARTESIAN_POINT ( 'NONE',  ( 14.14213562373093680, 11.00004516124001697, 15.55634918610408235 ) ) ;
#3041 = DIRECTION ( 'NONE',  ( 0.4653245021537949500, 0.000000000000000000, 0.8851401627399599903 ) ) ;
#3042 = AXIS2_PLACEMENT_3D ( 'NONE', #5084, #3035, #494 ) ;
#3043 = DIRECTION ( 'NONE',  ( -0.8621286684545753642, -1.408095776665057188E-14, -0.5066894108117327988 ) ) ;
#3044 = EDGE_CURVE ( 'NONE', #4915, #5180, #3786, .T. ) ;
#3045 = CARTESIAN_POINT ( 'NONE',  ( 14.72133013963436277, 12.26969374711711858, -8.975234794127937121 ) ) ;
#3046 = ORIENTED_EDGE ( 'NONE', *, *, #6801, .F. ) ;
#3047 = CARTESIAN_POINT ( 'NONE',  ( -8.729711360937061571, 8.298439434960965144, 13.02797185597944996 ) ) ;
#3048 = VECTOR ( 'NONE', #6588, 1000.000000000000000 ) ;
#3049 = CARTESIAN_POINT ( 'NONE',  ( 8.823243299300839837, 11.87464461479038746, -14.07634626821246826 ) ) ;
#3050 = CLOSED_SHELL ( 'NONE', ( #288, #8180, #5598, #5752, #5371, #6484 ) ) ;
#3051 = CARTESIAN_POINT ( 'NONE',  ( -14.65974925560509767, 12.49999999999999112, 8.900000000000000355 ) ) ;
#3052 = CARTESIAN_POINT ( 'NONE',  ( 8.141351740536876491, 7.659598091246268226, -13.12209390130461806 ) ) ;
#3053 = CARTESIAN_POINT ( 'NONE',  ( -11.47612553349248543, 11.44338008646024463, 12.55854301087918223 ) ) ;
#3054 = CARTESIAN_POINT ( 'NONE',  ( 7.925793772813728211, 7.640146579567915985, -13.24659978108555336 ) ) ;
#3055 = CIRCLE ( 'NONE', #4727, 2.991318522074776887 ) ;
#3056 = CARTESIAN_POINT ( 'NONE',  ( -10.00000000000000000, 12.49999999999999645, 0.000000000000000000 ) ) ;
#3057 = EDGE_LOOP ( 'NONE', ( #1569, #6103, #1190, #7205 ) ) ;
#3058 = CARTESIAN_POINT ( 'NONE',  ( 8.439836590246866166, 7.884293299494034457, 13.09409000288389535 ) ) ;
#3059 = CARTESIAN_POINT ( 'NONE',  ( -14.64773306970226052, 12.91096995526479674, 8.654904210150098365 ) ) ;
#3060 = ADVANCED_FACE ( 'NONE', ( #7171 ), #1229, .F. ) ;
#3061 = CARTESIAN_POINT ( 'NONE',  ( -3.480102169636833054, 15.49999999999999289, 0.000000000000000000 ) ) ;
#3062 = VECTOR ( 'NONE', #2622, 1000.000000000000000 ) ;
#3063 = FACE_OUTER_BOUND ( 'NONE', #3227, .T. ) ;
#3064 = ORIENTED_EDGE ( 'NONE', *, *, #5114, .T. ) ;
#3065 =( BOUNDED_SURFACE ( )  B_SPLINE_SURFACE ( 3, 2, ( 
 ( #2174, #6047, #4861 ),
 ( #6217, #218, #5390 ),
 ( #5561, #8196, #6912 ),
 ( #1610, #3741, #2308 ),
 ( #6993, #4330, #2987 ),
 ( #354, #6953, #4985 ),
 ( #3073, #6386, #7635 ),
 ( #7769, #1000, #8412 ) ),
 .UNSPECIFIED., .F., .F., .F. ) 
 B_SPLINE_SURFACE_WITH_KNOTS ( ( 4, 2, 2, 4 ),
 ( 3, 3 ),
 ( 0.000000000000000000, 0.0004036688787783294409, 0.0008073377575566588818, 0.001614675515113317764 ),
 ( 0.000000000000000000, 1.000000000000000000 ),
 .UNSPECIFIED. ) 
 GEOMETRIC_REPRESENTATION_ITEM ( )  RATIONAL_B_SPLINE_SURFACE ( (
 ( 1.000000000000000000, 0.4999891725456081515, 1.000000000000000000),
 ( 1.000000000000000000, 0.5197078490995106215, 1.000000000000000000),
 ( 1.000000000000000000, 0.5456012001871090034, 1.000000000000000000),
 ( 1.000000000000000000, 0.5997498632864278756, 1.000000000000000000),
 ( 1.000000000000000000, 0.6280861849767415128, 1.000000000000000000),
 ( 1.000000000000000000, 0.7090358915270597029, 1.000000000000000000),
 ( 1.000000000000000000, 0.7588536844508002588, 1.000000000000000000),
 ( 1.000000000000000000, 0.7961293436954824942, 1.000000000000000000) ) ) 
 REPRESENTATION_ITEM ( '' )  SURFACE ( )  );
#3066 = AXIS2_PLACEMENT_3D ( 'NONE', #5457, #8097, #7410 ) ;
#3067 = CARTESIAN_POINT ( 'NONE',  ( 0.000000000000000000, 13.40000000000000036, 3.367544397130177162E-16 ) ) ;
#3068 = CARTESIAN_POINT ( 'NONE',  ( -13.95188131918265562, 11.49450147501797836, -8.822756670269292556 ) ) ;
#3069 = CARTESIAN_POINT ( 'NONE',  ( 0.000000000000000000, 6.866178068106953525, 15.22167330524445106 ) ) ;
#3070 = CARTESIAN_POINT ( 'NONE',  ( 0.000000000000000000, 6.499999999999999112, 0.000000000000000000 ) ) ;
#3071 = FACE_OUTER_BOUND ( 'NONE', #852, .T. ) ;
#3072 = ADVANCED_FACE ( 'NONE', ( #1189 ), #1805, .T. ) ;
#3073 = CARTESIAN_POINT ( 'NONE',  ( 8.201906951118289157, 13.25000000000065015, -15.32627835273314432 ) ) ;
#3074 = VERTEX_POINT ( 'NONE', #3798 ) ;
#3075 = EDGE_CURVE ( 'NONE', #4592, #1740, #4323, .T. ) ;
#3076 = VERTEX_POINT ( 'NONE', #6572 ) ;
#3077 = ORIENTED_EDGE ( 'NONE', *, *, #4891, .T. ) ;
#3078 = CARTESIAN_POINT ( 'NONE',  ( -18.19999999999999929, 15.49999999999999289, 0.000000000000000000 ) ) ;
#3079 = CARTESIAN_POINT ( 'NONE',  ( 14.78329181874944176, 12.45985342043207922, -8.975003248201147699 ) ) ;
#3080 = CIRCLE ( 'NONE', #8209, 0.1499999999999994671 ) ;
#3081 = CARTESIAN_POINT ( 'NONE',  ( 8.750000000000003553, 12.49999999999999467, 14.41636719170869263 ) ) ;
#3082 = CARTESIAN_POINT ( 'NONE',  ( 8.066449984402265017, 13.35985342043208846, 15.58006697086411840 ) ) ;
#3083 = EDGE_LOOP ( 'NONE', ( #7240, #4391, #3160, #4291 ) ) ;
#3084 = CARTESIAN_POINT ( 'NONE',  ( -14.51900995098330149, 12.71537095137161977, -8.725307159825621994 ) ) ;
#3085 = EDGE_LOOP ( 'NONE', ( #7738, #5278, #3194, #934 ) ) ;
#3086 = DIRECTION ( 'NONE',  ( 0.000000000000000000, -0.000000000000000000, 1.000000000000000000 ) ) ;
#3087 = ORIENTED_EDGE ( 'NONE', *, *, #71, .F. ) ;
#3088 = CARTESIAN_POINT ( 'NONE',  ( 13.48882067539862106, 7.766128814353878695, -8.180890470407446102 ) ) ;
#3089 = DIRECTION ( 'NONE',  ( 0.000000000000000000, -1.000000000000000000, 0.000000000000000000 ) ) ;
#3090 = ORIENTED_EDGE ( 'NONE', *, *, #5795, .T. ) ;
#3091 = CARTESIAN_POINT ( 'NONE',  ( 8.309984030484519835, 13.35985342043270485, -15.45397924570272430 ) ) ;
#3092 = AXIS2_PLACEMENT_3D ( 'NONE', #940, #3729, #3677 ) ;
#3093 = FACE_OUTER_BOUND ( 'NONE', #999, .T. ) ;
#3094 = EDGE_LOOP ( 'NONE', ( #3375, #368, #170, #1826 ) ) ;
#3095 = EDGE_CURVE ( 'NONE', #7715, #486, #4063, .T. ) ;
#3096 = CARTESIAN_POINT ( 'NONE',  ( 0.000000000000000000, 15.49999999999999289, 0.000000000000000000 ) ) ;
#3097 = ORIENTED_EDGE ( 'NONE', *, *, #900, .F. ) ;
#3098 = PLANE ( 'NONE',  #2522 ) ;
#3099 = DIRECTION ( 'NONE',  ( 0.6813100476940172623, -0.2676438637860938941, 0.6813100476940192607 ) ) ;
#3100 = LINE ( 'NONE', #7669, #4104 ) ;
#3101 = EDGE_LOOP ( 'NONE', ( #6010, #8041, #2825, #2922 ) ) ;
#3102 = CARTESIAN_POINT ( 'NONE',  ( 8.818749239510214721, 8.540146579567922558, 12.97309164460348718 ) ) ;
#3103 = CARTESIAN_POINT ( 'NONE',  ( 0.000000000000000000, 8.249999999999998224, -14.12193181625839244 ) ) ;
#3104 = VERTEX_POINT ( 'NONE', #5846 ) ;
#3105 = DIRECTION ( 'NONE',  ( 1.000000000000000000, -0.000000000000000000, -0.000000000000000000 ) ) ;
#3106 = CYLINDRICAL_SURFACE ( 'NONE', #1524, 2.991318522074775554 ) ;
#3107 = ORIENTED_EDGE ( 'NONE', *, *, #8341, .T. ) ;
#3108 = LINE ( 'NONE', #3734, #2976 ) ;
#3109 = CARTESIAN_POINT ( 'NONE',  ( 8.572527594031473190E-16, 1.999999999999999112, -7.000000000000000000 ) ) ;
#3110 = VECTOR ( 'NONE', #1690, 1000.000000000000000 ) ;
#3111 = CARTESIAN_POINT ( 'NONE',  ( 13.38812192085653408, 7.989979565696343045, -8.857264871895804248 ) ) ;
#3112 = VERTEX_POINT ( 'NONE', #8461 ) ;
#3113 = CARTESIAN_POINT ( 'NONE',  ( -8.955590235349228934, 8.216370959051335632, 13.39825866328796344 ) ) ;
#3114 =( BOUNDED_SURFACE ( )  B_SPLINE_SURFACE ( 3, 3, ( 
 ( #6678, #6152, #1422, #3490 ),
 ( #3322, #7325, #803, #4068 ),
 ( #6029, #4673, #6071, #2064 ),
 ( #4031, #4798, #684, #4753 ) ),
 .UNSPECIFIED., .F., .F., .F. ) 
 B_SPLINE_SURFACE_WITH_KNOTS ( ( 4, 4 ),
 ( 4, 4 ),
 ( 0.000000000000000000, 1.000000000000000000 ),
 ( 0.000000000000000000, 1.000000000000000000 ),
 .UNSPECIFIED. ) 
 GEOMETRIC_REPRESENTATION_ITEM ( )  RATIONAL_B_SPLINE_SURFACE ( (
 ( 1.000000000000000000, 0.3333333333333334259, 0.3333333333333334259, 1.000000000000000000),
 ( 1.000000000000000000, 0.3333333333333334259, 0.3333333333333334259, 1.000000000000000000),
 ( 1.000000000000000000, 0.3333333333333334259, 0.3333333333333334259, 1.000000000000000000),
 ( 1.000000000000000000, 0.3333333333333334259, 0.3333333333333334259, 1.000000000000000000) ) ) 
 REPRESENTATION_ITEM ( '' )  SURFACE ( )  );
#3115 = CARTESIAN_POINT ( 'NONE',  ( -14.88872311297540385, 12.91039679328043377, -8.655302799542520020 ) ) ;
#3116 = EDGE_LOOP ( 'NONE', ( #6563, #4940, #2343, #1468, #5530, #5368, #3559, #7003 ) ) ;
#3117 = CARTESIAN_POINT ( 'NONE',  ( 13.02797185597955476, 8.298439434961002448, 8.729711360937077558 ) ) ;
#3118 = CIRCLE ( 'NONE', #7698, 0.1499999999999999944 ) ;
#3119 = VECTOR ( 'NONE', #6872, 1000.000000000000114 ) ;
#3120 = CARTESIAN_POINT ( 'NONE',  ( -8.749999999999998224, 12.49999999999999289, -14.65974925560510123 ) ) ;
#3121 = EDGE_CURVE ( 'NONE', #3961, #2126, #5507, .T. ) ;
#3122 = CARTESIAN_POINT ( 'NONE',  ( -8.749999999999996447, 8.413726081778227339, 13.60124325485363528 ) ) ;
#3123 = EDGE_CURVE ( 'NONE', #273, #5135, #3952, .T. ) ;
#3124 = CARTESIAN_POINT ( 'NONE',  ( -14.41636719170869796, 12.49999999999999289, 8.749999999999998224 ) ) ;
#3125 = DIRECTION ( 'NONE',  ( -0.4653245021537783521, -1.023648946556631152E-14, 0.8851401627399688721 ) ) ;
#3126 = ORIENTED_EDGE ( 'NONE', *, *, #455, .F. ) ;
#3127 = AXIS2_PLACEMENT_3D ( 'NONE', #460, #3222, #7788 ) ;
#3128 = AXIS2_PLACEMENT_3D ( 'NONE', #4315, #4933, #5726 ) ;
#3129 = DIRECTION ( 'NONE',  ( 0.000000000000000000, 0.000000000000000000, 1.000000000000000000 ) ) ;
#3130 = ORIENTED_EDGE ( 'NONE', *, *, #8620, .T. ) ;
#3131 = LINE ( 'NONE', #1146, #5326 ) ;
#3132 = CARTESIAN_POINT ( 'NONE',  ( -18.19999999999999218, 15.49999999999999467, 36.40000000000000568 ) ) ;
#3133 = ADVANCED_FACE ( 'NONE', ( #1105 ), #4432, .F. ) ;
#3134 = EDGE_CURVE ( 'NONE', #8398, #731, #558, .T. ) ;
#3135 = CARTESIAN_POINT ( 'NONE',  ( -7.999999999999991118, 7.750000000000001776, -13.37062271443168093 ) ) ;
#3136 = CARTESIAN_POINT ( 'NONE',  ( -13.46309704045871669, 8.459853420432093429, -8.980199218265402905 ) ) ;
#3137 = ORIENTED_EDGE ( 'NONE', *, *, #4052, .F. ) ;
#3138 = CARTESIAN_POINT ( 'NONE',  ( 0.000000000000000000, 13.44014657956791226, 3.895261592358395743E-15 ) ) ;
#3139 = ORIENTED_EDGE ( 'NONE', *, *, #5034, .F. ) ;
#3140 = CARTESIAN_POINT ( 'NONE',  ( -8.749999999999998224, 12.49999999999999289, 14.41636719170869974 ) ) ;
#3141 = CARTESIAN_POINT ( 'NONE',  ( 0.000000000000000000, 7.640146579567915985, 0.000000000000000000 ) ) ;
#3142 = CARTESIAN_POINT ( 'NONE',  ( 8.625916490643751544, 7.969149218854764349, -12.91209045082907636 ) ) ;
#3143 = LINE ( 'NONE', #7220, #2082 ) ;
#3144 = ADVANCED_FACE ( 'NONE', ( #7086 ), #8420, .T. ) ;
#3145 = DIRECTION ( 'NONE',  ( 0.000000000000000000, 1.000000000000000000, 0.000000000000000000 ) ) ;
#3146 = AXIS2_PLACEMENT_3D ( 'NONE', #6255, #1650, #4902 ) ;
#3147 = ORIENTED_EDGE ( 'NONE', *, *, #7479, .T. ) ;
#3148 = CARTESIAN_POINT ( 'NONE',  ( 0.000000000000000000, 15.49999999999999289, -13.22499999999999964 ) ) ;
#3149 = CARTESIAN_POINT ( 'NONE',  ( 0.000000000000000000, 7.874999999999998224, 7.621931816258390668 ) ) ;
#3150 = ORIENTED_EDGE ( 'NONE', *, *, #2884, .T. ) ;
#3151 = CARTESIAN_POINT ( 'NONE',  ( -11.01742794543693726, 10.00004516124002407, -12.43164150781007216 ) ) ;
#3152 = CARTESIAN_POINT ( 'NONE',  ( 8.750000000000003553, 12.49999999999999467, -14.41636719170869263 ) ) ;
#3153 = ORIENTED_EDGE ( 'NONE', *, *, #348, .F. ) ;
#3154 = CARTESIAN_POINT ( 'NONE',  ( 18.19999999999999574, 15.49999999999999467, -36.39999999999999147 ) ) ;
#3155 = CARTESIAN_POINT ( 'NONE',  ( -13.78744740348792774, 9.831481917073155330, 8.749999999999998224 ) ) ;
#3156 = CARTESIAN_POINT ( 'NONE',  ( -13.55062285064616923, 7.750000000000000888, -8.086952032419489456 ) ) ;
#3157 = ORIENTED_EDGE ( 'NONE', *, *, #7970, .F. ) ;
#3158 = DIRECTION ( 'NONE',  ( 0.000000000000000000, 0.000000000000000000, -1.000000000000000000 ) ) ;
#3159 = PRODUCT_DEFINITION ( 'UNKNOWN', '', #6350, #1098 ) ;
#3160 = ORIENTED_EDGE ( 'NONE', *, *, #6271, .F. ) ;
#3161 = CARTESIAN_POINT ( 'NONE',  ( 12.90852908142638356, 8.298273901498172123, 8.794279219498553957 ) ) ;
#3162 = CARTESIAN_POINT ( 'NONE',  ( 8.975003248201149475, 12.45985342043208099, -14.78329181874944176 ) ) ;
#3163 = CARTESIAN_POINT ( 'NONE',  ( 0.000000000000000000, 16.49999999999999645, 0.000000000000000000 ) ) ;
#3164 = CYLINDRICAL_SURFACE ( 'NONE', #2775, 0.5000000000000006661 ) ;
#3165 = CARTESIAN_POINT ( 'NONE',  ( 7.908169986681911290, 13.25000000000074785, 15.04291915982844863 ) ) ;
#3166 = DIRECTION ( 'NONE',  ( -0.7071067811865487940, 0.000000000000000000, 0.7071067811865463515 ) ) ;
#3167 = ORIENTED_EDGE ( 'NONE', *, *, #7116, .F. ) ;
#3168 = DIRECTION ( 'NONE',  ( 0.5066894108117317996, -9.970365603205190315E-15, -0.8621286684545759194 ) ) ;
#3169 = ADVANCED_FACE ( 'NONE', ( #7691 ), #4392, .T. ) ;
#3170 = ORIENTED_EDGE ( 'NONE', *, *, #2597, .F. ) ;
#3171 = DIRECTION ( 'NONE',  ( 0.8581257778159889771, 0.000000000000000000, -0.5134395285208412929 ) ) ;
#3172 = CARTESIAN_POINT ( 'NONE',  ( 12.43861778346387226, 9.824871825963313654, 12.08506439272828992 ) ) ;
#3173 = CARTESIAN_POINT ( 'NONE',  ( -8.178875444983571441, 7.765535921050213730, -13.24645046070133425 ) ) ;
#3174 = ORIENTED_EDGE ( 'NONE', *, *, #6419, .F. ) ;
#3175 = CARTESIAN_POINT ( 'NONE',  ( -8.137072679445259027, 7.640146572924869872, 13.12018597688930477 ) ) ;
#3176 = VERTEX_POINT ( 'NONE', #6398 ) ;
#3177 = ORIENTED_EDGE ( 'NONE', *, *, #1759, .F. ) ;
#3178 = DIRECTION ( 'NONE',  ( 0.000000000000000000, 0.000000000000000000, 1.000000000000000000 ) ) ;
#3179 = EDGE_CURVE ( 'NONE', #5666, #5247, #1802, .T. ) ;
#3180 = AXIS2_PLACEMENT_3D ( 'NONE', #7445, #3488, #6886 ) ;
#3181 = B_SPLINE_CURVE_WITH_KNOTS ( 'NONE', 3,
 ( #5801, #4299, #6920, #1053, #272, #6358, #1621, #6396, #1754, #3037 ),
 .UNSPECIFIED., .F., .F.,
 ( 4, 2, 2, 2, 4 ),
 ( 0.000000000000000000, 0.0003171698712701668654, 0.0006343397425403337307, 0.0009515096138105007045, 0.001268679485080668329 ),
 .UNSPECIFIED. ) ;
#3182 = EDGE_CURVE ( 'NONE', #1047, #4915, #1734, .T. ) ;
#3183 = CARTESIAN_POINT ( 'NONE',  ( -18.00000000000000000, 14.99999999999999645, 0.000000000000000000 ) ) ;
#3184 = AXIS2_PLACEMENT_3D ( 'NONE', #6564, #2548, #4641 ) ;
#3185 = CARTESIAN_POINT ( 'NONE',  ( 17.06581140665512564, 13.07952725152685325, 8.369480037169413578 ) ) ;
#3186 = EDGE_LOOP ( 'NONE', ( #1379, #1152 ) ) ;
#3187 = CARTESIAN_POINT ( 'NONE',  ( 0.000000000000000000, 12.49999999999999645, 0.000000000000000000 ) ) ;
#3188 = CARTESIAN_POINT ( 'NONE',  ( 15.21759819039019135, 13.25000000000000178, -7.999999999999996447 ) ) ;
#3189 = DIRECTION ( 'NONE',  ( -0.000000000000000000, -1.000000000000000000, -0.000000000000000000 ) ) ;
#3190 = EDGE_CURVE ( 'NONE', #2330, #3998, #6742, .T. ) ;
#3191 = DIRECTION ( 'NONE',  ( 0.000000000000000000, -1.000000000000000000, 0.000000000000000000 ) ) ;
#3192 = ORIENTED_EDGE ( 'NONE', *, *, #5909, .F. ) ;
#3193 = AXIS2_PLACEMENT_3D ( 'NONE', #1728, #4406, #3766 ) ;
#3194 = ORIENTED_EDGE ( 'NONE', *, *, #171, .T. ) ;
#3195 = CARTESIAN_POINT ( 'NONE',  ( -16.60616015476926322, 16.49999999999999645, -33.21232030953851933 ) ) ;
#3196 = B_SPLINE_CURVE_WITH_KNOTS ( 'NONE', 3,
 ( #5017, #7674, #7620, #3594, #3730, #4241 ),
 .UNSPECIFIED., .F., .F.,
 ( 4, 2, 4 ),
 ( 0.000000000000000000, 0.5000000000000004441, 1.000000000000000000 ),
 .UNSPECIFIED. ) ;
#3197 = CYLINDRICAL_SURFACE ( 'NONE', #5057, 0.4999999999999994449 ) ;
#3198 = CIRCLE ( 'NONE', #8059, 16.47222222222222499 ) ;
#3199 = ORIENTED_EDGE ( 'NONE', *, *, #2484, .T. ) ;
#3200 = CARTESIAN_POINT ( 'NONE',  ( -8.818749239510207616, 8.540146579567924334, -12.97309164460349074 ) ) ;
#3201 = VERTEX_POINT ( 'NONE', #8589 ) ;
#3202 = FACE_OUTER_BOUND ( 'NONE', #8188, .T. ) ;
#3203 = ORIENTED_EDGE ( 'NONE', *, *, #7063, .T. ) ;
#3204 = CARTESIAN_POINT ( 'NONE',  ( 8.066449984402263240, 13.35985342043208846, 15.58006697086412018 ) ) ;
#3205 = CIRCLE ( 'NONE', #8062, 2.000000000000000000 ) ;
#3206 = CARTESIAN_POINT ( 'NONE',  ( 12.60705276745988357, 11.05603359937935082, 12.25349937675876433 ) ) ;
#3207 = CARTESIAN_POINT ( 'NONE',  ( 8.824077831548118311, 12.54014657956790835, 14.29338720761957404 ) ) ;
#3208 = DIRECTION ( 'NONE',  ( 0.000000000000000000, 0.000000000000000000, 1.000000000000000000 ) ) ;
#3209 = EDGE_LOOP ( 'NONE', ( #2935, #8455, #4244, #6757 ) ) ;
#3210 = AXIS2_PLACEMENT_3D ( 'NONE', #5488, #4702, #6144 ) ;
#3211 = CARTESIAN_POINT ( 'NONE',  ( 12.11318639595956625, 11.50000000000000000, -11.21742065475739025 ) ) ;
#3212 = VERTEX_POINT ( 'NONE', #740 ) ;
#3213 = CARTESIAN_POINT ( 'NONE',  ( -12.56281411689618999, 10.66666596192059302, 11.14860055452305332 ) ) ;
#3214 = ORIENTED_EDGE ( 'NONE', *, *, #6212, .T. ) ;
#3215 = CARTESIAN_POINT ( 'NONE',  ( -11.31461725797893614, 11.50004516124002052, -12.02172403916551957 ) ) ;
#3216 = CARTESIAN_POINT ( 'NONE',  ( 15.21759819039033346, 13.25000000000073008, -8.000000000000154543 ) ) ;
#3217 = DIRECTION ( 'NONE',  ( -0.4653245021537949500, 0.000000000000000000, -0.8851401627399599903 ) ) ;
#3218 = ADVANCED_FACE ( 'NONE', ( #666 ), #6092, .F. ) ;
#3219 = CARTESIAN_POINT ( 'NONE',  ( -7.999999999999991118, 7.750000000000001776, 13.61194688593825042 ) ) ;
#3220 = DIRECTION ( 'NONE',  ( 0.8581257778159853133, 5.937837357463857102E-15, 0.5134395285208479542 ) ) ;
#3221 = ORIENTED_EDGE ( 'NONE', *, *, #710, .F. ) ;
#3222 = DIRECTION ( 'NONE',  ( -0.6813100476940172623, 0.2676438637860938941, -0.6813100476940192607 ) ) ;
#3223 = EDGE_LOOP ( 'NONE', ( #938, #3167, #870, #7829 ) ) ;
#3224 = EDGE_LOOP ( 'NONE', ( #8051, #2070, #1810, #3883 ) ) ;
#3225 = CYLINDRICAL_SURFACE ( 'NONE', #4875, 0.4999999999999982236 ) ;
#3226 = AXIS2_PLACEMENT_3D ( 'NONE', #2836, #112, #5458 ) ;
#3227 = EDGE_LOOP ( 'NONE', ( #8470, #1553, #4416, #1918 ) ) ;
#3228 = FACE_OUTER_BOUND ( 'NONE', #8262, .T. ) ;
#3229 = AXIS2_PLACEMENT_3D ( 'NONE', #5402, #7359, #2658 ) ;
#3230 = EDGE_CURVE ( 'NONE', #5297, #860, #5264, .T. ) ;
#3231 = CARTESIAN_POINT ( 'NONE',  ( -1.521141872692263163E-16, 13.25000000000000178, 0.000000000000000000 ) ) ;
#3232 = EDGE_CURVE ( 'NONE', #7677, #8382, #4648, .T. ) ;
#3233 = ORIENTED_EDGE ( 'NONE', *, *, #8170, .T. ) ;
#3234 = CARTESIAN_POINT ( 'NONE',  ( -11.14860055452309950, 10.66666596192059124, 12.56281411689615446 ) ) ;
#3235 = CARTESIAN_POINT ( 'NONE',  ( 7.999999999999998224, 13.25000000000000178, -21.00000000000002132 ) ) ;
#3236 = EDGE_LOOP ( 'NONE', ( #5257, #7295, #4659, #4574 ) ) ;
#3237 = FACE_OUTER_BOUND ( 'NONE', #4686, .T. ) ;
#3238 = CARTESIAN_POINT ( 'NONE',  ( 8.750000000000001776, 12.41970336326650148, 14.90684508345228565 ) ) ;
#3239 = CARTESIAN_POINT ( 'NONE',  ( -8.066449984402256135, 13.35985342043208668, -15.58006697086412018 ) ) ;
#3240 = CONICAL_SURFACE ( 'NONE', #1536, 13.29311039424772645, 0.8215270139102243130 ) ;
#3241 = CYLINDRICAL_SURFACE ( 'NONE', #606, 0.7500000000000006661 ) ;
#3242 = EDGE_CURVE ( 'NONE', #4592, #8501, #3316, .T. ) ;
#3243 = FACE_OUTER_BOUND ( 'NONE', #8236, .T. ) ;
#3244 = EDGE_LOOP ( 'NONE', ( #2761, #8502, #449, #4571 ) ) ;
#3245 = CARTESIAN_POINT ( 'NONE',  ( -13.61194688593824687, 7.750000000000001776, -7.999999999999996447 ) ) ;
#3246 = ORIENTED_EDGE ( 'NONE', *, *, #5534, .F. ) ;
#3247 = CARTESIAN_POINT ( 'NONE',  ( -8.750000000003636202, 11.19623204296078889, -13.90174206281100489 ) ) ;
#3248 = ORIENTED_EDGE ( 'NONE', *, *, #3597, .F. ) ;
#3249 = CARTESIAN_POINT ( 'NONE',  ( 7.999999999999998224, 7.750000000000001776, -21.00000000000002132 ) ) ;
#3250 = CARTESIAN_POINT ( 'NONE',  ( -13.01764705246431930, 7.739605449755925015, 8.348587370105708061 ) ) ;
#3251 = EDGE_CURVE ( 'NONE', #7529, #497, #2598, .T. ) ;
#3252 = FACE_OUTER_BOUND ( 'NONE', #1581, .T. ) ;
#3253 = LINE ( 'NONE', #5261, #6067 ) ;
#3254 = VERTEX_POINT ( 'NONE', #4053 ) ;
#3255 = CARTESIAN_POINT ( 'NONE',  ( 12.28645035678707131, 11.13036356930964743, -10.87223679441393109 ) ) ;
#3256 = ORIENTED_EDGE ( 'NONE', *, *, #768, .T. ) ;
#3257 = CIRCLE ( 'NONE', #5486, 0.1500000000000005218 ) ;
#3258 = CARTESIAN_POINT ( 'NONE',  ( 16.21979542372526240, 9.468437302654061583, 7.796925914043510097 ) ) ;
#3259 = DIRECTION ( 'NONE',  ( -0.000000000000000000, 1.000000000000000000, -0.000000000000000000 ) ) ;
#3260 = CIRCLE ( 'NONE', #6319, 14.12193181625839244 ) ;
#3261 = CARTESIAN_POINT ( 'NONE',  ( 8.170569869803417262, 10.40693149288440367, 16.21482680459857662 ) ) ;
#3262 = CARTESIAN_POINT ( 'NONE',  ( 14.29338720761957404, 12.54014657956790835, -8.824077831548116535 ) ) ;
#3263 = FACE_BOUND ( 'NONE', #5873, .T. ) ;
#3264 = CARTESIAN_POINT ( 'NONE',  ( -8.749999999999998224, 8.500000000000007105, 13.34286252986123245 ) ) ;
#3265 = CIRCLE ( 'NONE', #7290, 0.1499999999999996059 ) ;
#3266 = AXIS2_PLACEMENT_3D ( 'NONE', #337, #6937, #2385 ) ;
#3267 = ORIENTED_EDGE ( 'NONE', *, *, #4566, .T. ) ;
#3268 = CARTESIAN_POINT ( 'NONE',  ( 8.750000000000003553, 8.500000000000007105, -21.00000000000002132 ) ) ;
#3269 = EDGE_LOOP ( 'NONE', ( #109, #3727, #296, #4884 ) ) ;
#3270 = CARTESIAN_POINT ( 'NONE',  ( -8.749999999999998224, 8.499999999999980460, 13.09261806874832068 ) ) ;
#3271 =( BOUNDED_SURFACE ( )  B_SPLINE_SURFACE ( 3, 2, ( 
 ( #6919, #4387, #5528 ),
 ( #2363, #361, #2950 ),
 ( #6185, #5037, #1577 ),
 ( #5663, #2316, #228 ),
 ( #4957, #3614, #918 ),
 ( #4220, #5615, #2867 ),
 ( #3705, #6999, #3657 ),
 ( #6873, #6264, #6225 ),
 ( #8201, #883, #1008 ),
 ( #1664, #4867, #7048 ) ),
 .UNSPECIFIED., .F., .F., .F. ) 
 B_SPLINE_SURFACE_WITH_KNOTS ( ( 4, 2, 2, 2, 4 ),
 ( 3, 3 ),
 ( 0.000000000000000000, 0.0003706114402481125621, 0.0007412228804962251241, 0.001111834320744337686, 0.001482445760992450248 ),
 ( 0.000000000000000000, 1.000000000000000000 ),
 .UNSPECIFIED. ) 
 GEOMETRIC_REPRESENTATION_ITEM ( )  RATIONAL_B_SPLINE_SURFACE ( (
 ( 1.000000000000000000, 0.6051264893449599391, 1.000000000000000000),
 ( 1.000000000000000000, 0.5810481624911558729, 1.000000000000000000),
 ( 1.000000000000000000, 0.5567157572373201413, 1.000000000000000000),
 ( 1.000000000000000000, 0.5099035226427316436, 1.000000000000000000),
 ( 1.000000000000000000, 0.4880979738074830432, 1.000000000000000000),
 ( 1.000000000000000000, 0.4567595782002087934, 1.000000000000000000),
 ( 1.000000000000000000, 0.4478108208515576560, 1.000000000000000000),
 ( 1.000000000000000000, 0.4511985673855911649, 1.000000000000000000),
 ( 1.000000000000000000, 0.4633937996955533878, 1.000000000000000000),
 ( 1.000000000000000000, 0.4823580334654603008, 1.000000000000000000) ) ) 
 REPRESENTATION_ITEM ( '' )  SURFACE ( )  );
#3272 = DIRECTION ( 'NONE',  ( 0.000000000000000000, 1.000000000000000000, -0.000000000000000000 ) ) ;
#3273 = CC_DESIGN_DATE_AND_TIME_ASSIGNMENT ( #1431, #4118, ( #3159 ) ) ;
#3274 = CIRCLE ( 'NONE', #4111, 17.61995717521473637 ) ;
#3275 = CIRCLE ( 'NONE', #5481, 0.1499999999999996059 ) ;
#3276 = CARTESIAN_POINT ( 'NONE',  ( 8.824400936355951686, 12.79971375492834262, 14.37792294339950949 ) ) ;
#3277 = CARTESIAN_POINT ( 'NONE',  ( -14.59125800877506762, 13.10584149361010908, -8.635727963869388901 ) ) ;
#3278 = CARTESIAN_POINT ( 'NONE',  ( 15.55634918610403616, 11.00004516124001697, 14.14213562373099009 ) ) ;
#3279 = AXIS2_PLACEMENT_3D ( 'NONE', #4048, #88, #169 ) ;
#3280 = CARTESIAN_POINT ( 'NONE',  ( 13.18261026417635584, 7.640146579567911544, 8.032741233847685791 ) ) ;
#3281 = FACE_OUTER_BOUND ( 'NONE', #3083, .T. ) ;
#3282 = CARTESIAN_POINT ( 'NONE',  ( 8.750000000001227463, 9.863111771005682371, -13.46263208842161774 ) ) ;
#3283 = ADVANCED_FACE ( 'NONE', ( #6702 ), #7347, .F. ) ;
#3284 = ORGANIZATION ( 'UNSPECIFIED', 'UNSPECIFIED', '' ) ;
#3285 = CARTESIAN_POINT ( 'NONE',  ( -16.60616015476926322, 16.49999999999999645, 0.000000000000000000 ) ) ;
#3286 = CARTESIAN_POINT ( 'NONE',  ( 12.56282300316364697, 10.66671112316219627, 11.14860944079059379 ) ) ;
#3287 = DIRECTION ( 'NONE',  ( -0.000000000000000000, 1.000000000000000000, -0.000000000000000000 ) ) ;
#3288 = PLANE ( 'NONE',  #5378 ) ;
#3289 = ORIENTED_EDGE ( 'NONE', *, *, #1549, .F. ) ;
#3290 = CARTESIAN_POINT ( 'NONE',  ( -7.932747726257767695, 13.44014657956791403, 15.08967093049029273 ) ) ;
#3291 = EDGE_CURVE ( 'NONE', #509, #6291, #2046, .T. ) ;
#3292 = ORIENTED_EDGE ( 'NONE', *, *, #2804, .F. ) ;
#3293 = EDGE_CURVE ( 'NONE', #3998, #7684, #487, .T. ) ;
#3294 = CARTESIAN_POINT ( 'NONE',  ( 1.229462167748581380E-15, 12.39999999999999858, -10.03932046860025906 ) ) ;
#3295 = CARTESIAN_POINT ( 'NONE',  ( -8.052420073413989243, 13.25000000000067679, 15.55296868683378619 ) ) ;
#3296 = DIRECTION ( 'NONE',  ( 0.3167134334325334422, -0.9485212707595842563, 0.000000000000000000 ) ) ;
#3297 = ORIENTED_EDGE ( 'NONE', *, *, #3021, .T. ) ;
#3298 = CARTESIAN_POINT ( 'NONE',  ( -8.749999999999998224, 12.49999999999999289, -21.00000000000002132 ) ) ;
#3299 = ORIENTED_EDGE ( 'NONE', *, *, #7970, .T. ) ;
#3300 = CARTESIAN_POINT ( 'NONE',  ( -8.823721115284740790, 12.25491767766589923, 14.20041219849642466 ) ) ;
#3301 = ORIENTED_EDGE ( 'NONE', *, *, #5808, .T. ) ;
#3302 = ORIENTED_EDGE ( 'NONE', *, *, #5587, .F. ) ;
#3303 = EDGE_CURVE ( 'NONE', #2612, #6855, #7956, .T. ) ;
#3304 = CARTESIAN_POINT ( 'NONE',  ( 13.50787978382502175, 7.658959718397728267, 8.502887159392701122 ) ) ;
#3305 = CYLINDRICAL_SURFACE ( 'NONE', #6247, 1.010151393566353528 ) ;
#3306 = CARTESIAN_POINT ( 'NONE',  ( -13.46263208842606218, 9.863111771004321682, -8.750000000001223910 ) ) ;
#3307 = CARTESIAN_POINT ( 'NONE',  ( 8.624543895059975540, 7.967686214840581371, 12.91251346170007253 ) ) ;
#3308 = ORIENTED_EDGE ( 'NONE', *, *, #2843, .F. ) ;
#3309 = CARTESIAN_POINT ( 'NONE',  ( 1.805118892895959893E-15, 6.999999999999998224, -14.73991435042947806 ) ) ;
#3310 = VERTEX_POINT ( 'NONE', #53 ) ;
#3311 = CARTESIAN_POINT ( 'NONE',  ( -14.93785075865085155, 13.17190922403005970, -8.384165596592778158 ) ) ;
#3312 = ORIENTED_EDGE ( 'NONE', *, *, #3075, .T. ) ;
#3313 = EDGE_CURVE ( 'NONE', #1882, #6163, #5314, .T. ) ;
#3314 = CARTESIAN_POINT ( 'NONE',  ( 11.19247900580569777, 9.499999999999998224, -12.08635495460397280 ) ) ;
#3315 = FACE_OUTER_BOUND ( 'NONE', #2501, .T. ) ;
#3316 = B_SPLINE_CURVE_WITH_KNOTS ( 'NONE', 3,
 ( #7904, #5306, #1969, #3300, #3427, #1362, #4086, #1274, #8546, #2013 ),
 .UNSPECIFIED., .F., .F.,
 ( 4, 3, 3, 4 ),
 ( 0.000000000000000000, 0.0003000000100802784910, 0.001500001362103553460, 0.004212287714480105610 ),
 .UNSPECIFIED. ) ;
#3317 = CARTESIAN_POINT ( 'NONE',  ( 14.88872311297540030, 12.91039679328043732, 8.655302799542514691 ) ) ;
#3318 = DIRECTION ( 'NONE',  ( 0.000000000000000000, 1.000000000000000000, -0.000000000000000000 ) ) ;
#3319 = ORIENTED_EDGE ( 'NONE', *, *, #6271, .T. ) ;
#3320 = CARTESIAN_POINT ( 'NONE',  ( -12.40624613405042531, 9.870987523508976125, -10.99203257167736680 ) ) ;
#3321 = AXIS2_PLACEMENT_3D ( 'NONE', #6718, #5328, #7973 ) ;
#3322 = CARTESIAN_POINT ( 'NONE',  ( 3.480102169636833054, 15.49999999999999289, 4.261895982751506532E-16 ) ) ;
#3323 = CARTESIAN_POINT ( 'NONE',  ( 11.08301073212006571, 10.33333261674302328, -12.49722429449311711 ) ) ;
#3324 = CARTESIAN_POINT ( 'NONE',  ( 5.097671593693066328, 9.704922051056698251, 19.15872578047298802 ) ) ;
#3325 = CARTESIAN_POINT ( 'NONE',  ( -8.978772366520770376, 9.503303626097588719, 13.81125204790690653 ) ) ;
#3326 = CIRCLE ( 'NONE', #657, 0.1499999999999996059 ) ;
#3327 = CARTESIAN_POINT ( 'NONE',  ( -11.08301961856315998, 10.33337777798466739, -12.49723318093630198 ) ) ;
#3328 = CARTESIAN_POINT ( 'NONE',  ( 0.000000000000000000, 5.999999999999999112, 0.000000000000000000 ) ) ;
#3329 = ADVANCED_FACE ( 'NONE', ( #1445 ), #8034, .F. ) ;
#3330 = CARTESIAN_POINT ( 'NONE',  ( -21.00000000000002132, 8.500000000000001776, -8.000000000000001776 ) ) ;
#3331 = AXIS2_PLACEMENT_3D ( 'NONE', #7137, #8302, #4914 ) ;
#3332 = ORIENTED_EDGE ( 'NONE', *, *, #3121, .T. ) ;
#3333 = DIRECTION ( 'NONE',  ( -0.4597733903931765509, 0.000000000000000000, -0.8880362771229357577 ) ) ;
#3334 = VECTOR ( 'NONE', #473, 1000.000000000000227 ) ;
#3335 = CARTESIAN_POINT ( 'NONE',  ( -12.97298074387756728, 7.801298536508897818, 8.448927483757916690 ) ) ;
#3336 = ORIENTED_EDGE ( 'NONE', *, *, #5686, .F. ) ;
#3337 = EDGE_CURVE ( 'NONE', #5478, #151, #6013, .T. ) ;
#3338 = EDGE_CURVE ( 'NONE', #1899, #2554, #831, .T. ) ;
#3339 = DIRECTION ( 'NONE',  ( 0.000000000000000000, 0.000000000000000000, -1.000000000000000000 ) ) ;
#3340 = FACE_OUTER_BOUND ( 'NONE', #3639, .T. ) ;
#3341 = ORIENTED_EDGE ( 'NONE', *, *, #2700, .T. ) ;
#3342 = CARTESIAN_POINT ( 'NONE',  ( -13.90174206280293667, 11.19623204296330776, 8.749999999999998224 ) ) ;
#3343 = CARTESIAN_POINT ( 'NONE',  ( 7.999999999999998224, 7.750000000000001776, -21.00000000000002132 ) ) ;
#3344 = AXIS2_PLACEMENT_3D ( 'NONE', #7042, #1046, #7076 ) ;
#3345 = ORIENTED_EDGE ( 'NONE', *, *, #2983, .F. ) ;
#3346 = CARTESIAN_POINT ( 'NONE',  ( -7.999999999999991118, 7.749999999999999112, -13.61194688593825042 ) ) ;
#3347 =( BOUNDED_SURFACE ( )  B_SPLINE_SURFACE ( 3, 3, ( 
 ( #1945, #4664, #7320, #6674 ),
 ( #1376, #5404, #679, #101 ),
 ( #6714, #4623, #7267, #2873 ),
 ( #2190, #7521, #5668, #3580 ),
 ( #540, #411, #5130, #452 ),
 ( #7131, #3842, #3132, #503 ) ),
 .UNSPECIFIED., .F., .F., .F. ) 
 B_SPLINE_SURFACE_WITH_KNOTS ( ( 4, 2, 4 ),
 ( 4, 4 ),
 ( 0.000000000000000000, 0.5000000000000004441, 1.000000000000000000 ),
 ( 0.000000000000000000, 1.000000000000000000 ),
 .UNSPECIFIED. ) 
 GEOMETRIC_REPRESENTATION_ITEM ( )  RATIONAL_B_SPLINE_SURFACE ( (
 ( 1.000000000000000000, 0.3333333333333334259, 0.3333333333333334259, 1.000000000000000000),
 ( 1.000000000000000000, 0.3333333333333334259, 0.3333333333333334259, 1.000000000000000000),
 ( 1.000000000000000000, 0.3333333333333334259, 0.3333333333333334259, 1.000000000000000000),
 ( 1.000000000000000000, 0.3333333333333334259, 0.3333333333333334259, 1.000000000000000000),
 ( 1.000000000000000000, 0.3333333333333334259, 0.3333333333333334259, 1.000000000000000000),
 ( 1.000000000000000000, 0.3333333333333334259, 0.3333333333333334259, 1.000000000000000000) ) ) 
 REPRESENTATION_ITEM ( '' )  SURFACE ( )  );
#3348 = CARTESIAN_POINT ( 'NONE',  ( 12.22700398612800043, 10.54751025817637888, 12.58055737659964635 ) ) ;
#3349 = DIRECTION ( 'NONE',  ( 0.000000000000000000, 0.000000000000000000, -1.000000000000000000 ) ) ;
#3350 = VECTOR ( 'NONE', #2067, 1000.000000000000000 ) ;
#3351 = CARTESIAN_POINT ( 'NONE',  ( -13.24659978108555514, 7.640146579567915985, -7.925793772813726434 ) ) ;
#3352 = EDGE_CURVE ( 'NONE', #1740, #5317, #381, .T. ) ;
#3353 = CARTESIAN_POINT ( 'NONE',  ( -8.749999999999998224, 9.831370388437388641, 13.53979924743924457 ) ) ;
#3354 = VERTEX_POINT ( 'NONE', #3774 ) ;
#3355 = DIRECTION ( 'NONE',  ( 1.000000000000000000, -0.000000000000000000, -0.000000000000000000 ) ) ;
#3356 = EDGE_LOOP ( 'NONE', ( #4146, #7651, #8195, #6583 ) ) ;
#3357 = CARTESIAN_POINT ( 'NONE',  ( 13.13738285335256428, 11.05603359939343733, 11.72316929087162229 ) ) ;
#3358 = DIRECTION ( 'NONE',  ( 0.000000000000000000, 0.000000000000000000, 1.000000000000000000 ) ) ;
#3359 = CARTESIAN_POINT ( 'NONE',  ( 12.49722429449315619, 10.33333261674302506, -11.08301073212002130 ) ) ;
#3360 = CARTESIAN_POINT ( 'NONE',  ( 13.90891547465681377, 9.791335230844918414, 8.978349813628010878 ) ) ;
#3361 = ADVANCED_FACE ( 'NONE', ( #4414 ), #7070, .T. ) ;
#3362 = ORIENTED_EDGE ( 'NONE', *, *, #2884, .F. ) ;
#3363 = VECTOR ( 'NONE', #827, 1000.000000000000000 ) ;
#3364 = DIRECTION ( 'NONE',  ( 0.000000000000000000, 0.000000000000000000, 1.000000000000000000 ) ) ;
#3365 = CARTESIAN_POINT ( 'NONE',  ( -11.68172066672038767, 11.50004516124002052, -12.38882744790697110 ) ) ;
#3366 = DIRECTION ( 'NONE',  ( 0.000000000000000000, 0.9635179096299405499, 0.2676438637860946712 ) ) ;
#3367 = CARTESIAN_POINT ( 'NONE',  ( 12.97309164460348718, 8.540146579567920782, -8.818749239510212945 ) ) ;
#3368 = ORIENTED_EDGE ( 'NONE', *, *, #2802, .T. ) ;
#3369 = CIRCLE ( 'NONE', #4624, 1.750000000000001110 ) ;
#3370 = CARTESIAN_POINT ( 'NONE',  ( 8.858284710630588421, 7.991778477619676302, 13.38804520993573632 ) ) ;
#3371 = EDGE_CURVE ( 'NONE', #6580, #3998, #5453, .T. ) ;
#3372 = PLANE ( 'NONE',  #1313 ) ;
#3373 = PERSON_AND_ORGANIZATION ( #5881, #3284 ) ;
#3374 = CARTESIAN_POINT ( 'NONE',  ( -13.90891547465683509, 9.791335230844980586, -8.978349813628014431 ) ) ;
#3375 = ORIENTED_EDGE ( 'NONE', *, *, #7341, .F. ) ;
#3376 = ADVANCED_FACE ( 'NONE', ( #6421 ), #4368, .F. ) ;
#3377 = CARTESIAN_POINT ( 'NONE',  ( 8.750000000000003553, 8.500000000000007105, 13.34286252986123245 ) ) ;
#3378 = B_SPLINE_CURVE_WITH_KNOTS ( 'NONE', 3,
 ( #4057, #1281, #4525, #4565, #7961, #8003 ),
 .UNSPECIFIED., .F., .F.,
 ( 4, 2, 4 ),
 ( 2.047269106141705622E-07, 0.0003970266339052892931, 0.0007938485408999643514 ),
 .UNSPECIFIED. ) ;
#3379 = CARTESIAN_POINT ( 'NONE',  ( 14.37528664516986332, 12.64399625812329475, 8.746115887069077388 ) ) ;
#3380 = CARTESIAN_POINT ( 'NONE',  ( 0.000000000000000000, 7.749999999999998224, 0.000000000000000000 ) ) ;
#3381 = EDGE_LOOP ( 'NONE', ( #3428, #4342, #5551, #2735, #8220 ) ) ;
#3382 = CARTESIAN_POINT ( 'NONE',  ( 8.738144137826402869, 8.327313230534565847, -13.58075849978814986 ) ) ;
#3383 = CARTESIAN_POINT ( 'NONE',  ( 13.61194688593825042, 7.750000000000001776, -7.999999999999996447 ) ) ;
#3384 = VERTEX_POINT ( 'NONE', #7507 ) ;
#3385 = ORIENTED_EDGE ( 'NONE', *, *, #1298, .T. ) ;
#3386 = CARTESIAN_POINT ( 'NONE',  ( 12.65405781562492393, 11.13038801458236549, 11.23984425325186720 ) ) ;
#3387 = EDGE_CURVE ( 'NONE', #2173, #1882, #5733, .T. ) ;
#3388 = FACE_OUTER_BOUND ( 'NONE', #3269, .T. ) ;
#3389 = ADVANCED_FACE ( 'NONE', ( #3063 ), #3106, .F. ) ;
#3390 = DIRECTION ( 'NONE',  ( 0.7071067811902377320, 1.878214245373474589E-11, -0.7071067811828573024 ) ) ;
#3391 = CARTESIAN_POINT ( 'NONE',  ( 8.702105931062197541, 13.01071336698204561, -14.52076150044016956 ) ) ;
#3392 = DIRECTION ( 'NONE',  ( 1.000000000000000000, -0.000000000000000000, -0.000000000000000000 ) ) ;
#3393 = VERTEX_POINT ( 'NONE', #6176 ) ;
#3394 = ORIENTED_EDGE ( 'NONE', *, *, #3776, .T. ) ;
#3395 = CIRCLE ( 'NONE', #8240, 14.73991435042947629 ) ;
#3396 = CARTESIAN_POINT ( 'NONE',  ( 10.84658306055590771, 10.99999999999999645, -12.26079662292896089 ) ) ;
#3397 = VERTEX_POINT ( 'NONE', #8156 ) ;
#3398 = CARTESIAN_POINT ( 'NONE',  ( 13.34286252986123245, 8.500000000000007105, -8.750000000000001776 ) ) ;
#3399 = EDGE_CURVE ( 'NONE', #7663, #3607, #7106, .T. ) ;
#3400 = ADVANCED_FACE ( 'NONE', ( #134 ), #5476, .T. ) ;
#3401 = VECTOR ( 'NONE', #7260, 1000.000000000000000 ) ;
#3402 = CIRCLE ( 'NONE', #4930, 0.1499999999999994671 ) ;
#3403 = CARTESIAN_POINT ( 'NONE',  ( 8.750000000000003553, 8.500000000000007105, -13.34286252986123245 ) ) ;
#3404 = VERTEX_POINT ( 'NONE', #2175 ) ;
#3405 = CARTESIAN_POINT ( 'NONE',  ( 12.62840217852562219, 10.99999999999999645, -11.21418861615248375 ) ) ;
#3406 = CYLINDRICAL_SURFACE ( 'NONE', #6683, 0.4999999999999994449 ) ;
#3407 = CARTESIAN_POINT ( 'NONE',  ( -15.17417371512782509, 13.17048976614879940, -8.385923578136745604 ) ) ;
#3408 = CARTESIAN_POINT ( 'NONE',  ( 15.45172114225276339, 13.24999999999999822, 7.999999999999992895 ) ) ;
#3409 = CARTESIAN_POINT ( 'NONE',  ( 13.85856564106224731, 11.20502593776007849, -8.822415896110287648 ) ) ;
#3410 = CIRCLE ( 'NONE', #4938, 17.02777777777778212 ) ;
#3411 = ORIENTED_EDGE ( 'NONE', *, *, #4149, .F. ) ;
#3412 = EDGE_CURVE ( 'NONE', #3397, #5657, #1487, .T. ) ;
#3413 = CARTESIAN_POINT ( 'NONE',  ( 8.738194191193201732, 8.327678053776638833, 13.58084498391544948 ) ) ;
#3414 = AXIS2_PLACEMENT_3D ( 'NONE', #1483, #2856, #869 ) ;
#3415 = FACE_OUTER_BOUND ( 'NONE', #7981, .T. ) ;
#3416 = ORIENTED_EDGE ( 'NONE', *, *, #2111, .F. ) ;
#3417 = FACE_OUTER_BOUND ( 'NONE', #5968, .T. ) ;
#3418 = LINE ( 'NONE', #7377, #2785 ) ;
#3419 = ORIENTED_EDGE ( 'NONE', *, *, #560, .F. ) ;
#3420 = ORIENTED_EDGE ( 'NONE', *, *, #382, .T. ) ;
#3421 = VECTOR ( 'NONE', #5341, 1000.000000000000000 ) ;
#3422 = CARTESIAN_POINT ( 'NONE',  ( 14.51900995098335478, 12.71537095137168727, 8.725307159825595349 ) ) ;
#3423 = CARTESIAN_POINT ( 'NONE',  ( -8.780981721072253166, 13.02670547754430430, 15.08222394068666006 ) ) ;
#3424 = DIRECTION ( 'NONE',  ( 0.3183999683311059536, -0.9479564653330609936, 0.000000000000000000 ) ) ;
#3425 = ORIENTED_EDGE ( 'NONE', *, *, #685, .F. ) ;
#3426 = CARTESIAN_POINT ( 'NONE',  ( 8.729610196012520973, 8.298063307274826883, -13.27831509158955470 ) ) ;
#3427 = CARTESIAN_POINT ( 'NONE',  ( -8.823243299300832732, 11.87464461479038746, 14.07634626821247181 ) ) ;
#3428 = ORIENTED_EDGE ( 'NONE', *, *, #3928, .F. ) ;
#3429 = CARTESIAN_POINT ( 'NONE',  ( 15.51681323360477549, 13.35985342043208668, -8.188622373069343041 ) ) ;
#3430 = DIRECTION ( 'NONE',  ( -0.7071067811865483499, 0.000000000000000000, 0.7071067811865466846 ) ) ;
#3431 = CARTESIAN_POINT ( 'NONE',  ( -8.504546712586286361, 7.659778423025058736, 13.50710666390390280 ) ) ;
#3432 = FACE_OUTER_BOUND ( 'NONE', #5610, .T. ) ;
#3433 = CARTESIAN_POINT ( 'NONE',  ( 13.05299771608759052, 8.401700249236030871, -8.750000000000001776 ) ) ;
#3434 = ORIENTED_EDGE ( 'NONE', *, *, #7794, .F. ) ;
#3435 = EDGE_CURVE ( 'NONE', #2377, #6804, #3080, .T. ) ;
#3436 = EDGE_LOOP ( 'NONE', ( #548, #7312, #6764, #6828 ) ) ;
#3437 = CARTESIAN_POINT ( 'NONE',  ( -14.61693415389269468, 13.02520802816015966, -8.548219689541515010 ) ) ;
#3438 = EDGE_LOOP ( 'NONE', ( #3107, #7787, #623, #5708 ) ) ;
#3439 = CARTESIAN_POINT ( 'NONE',  ( 12.18628853223972364, 9.555284701834318994, 11.10598877853957056 ) ) ;
#3440 = DIRECTION ( 'NONE',  ( 0.6813100476940172623, -0.2676438637860938941, 0.6813100476940192607 ) ) ;
#3441 = CARTESIAN_POINT ( 'NONE',  ( 0.000000000000000000, 15.49999999999999289, 0.000000000000000000 ) ) ;
#3442 = VERTEX_POINT ( 'NONE', #3684 ) ;
#3443 = FACE_OUTER_BOUND ( 'NONE', #7969, .T. ) ;
#3444 = EDGE_CURVE ( 'NONE', #1091, #3449, #7466, .T. ) ;
#3445 = EDGE_CURVE ( 'NONE', #1523, #6609, #3630, .T. ) ;
#3446 = CARTESIAN_POINT ( 'NONE',  ( 8.726586477827749988, 12.71093372026441592, -14.51633403283851109 ) ) ;
#3447 = CARTESIAN_POINT ( 'NONE',  ( -14.78329181874944354, 12.45985342043207922, -8.975003248201147699 ) ) ;
#3448 =( BOUNDED_SURFACE ( )  B_SPLINE_SURFACE ( 3, 2, ( 
 ( #1391, #6728, #2036 ),
 ( #6121, #160, #3374 ),
 ( #7415, #4721, #4685 ),
 ( #4078, #3502, #6165 ) ),
 .UNSPECIFIED., .F., .F., .F. ) 
 B_SPLINE_SURFACE_WITH_KNOTS ( ( 4, 4 ),
 ( 3, 3 ),
 ( 1.734723475976807094E-18, 0.004211198243782916795 ),
 ( 0.000000000000000000, 1.000000000000000000 ),
 .UNSPECIFIED. ) 
 GEOMETRIC_REPRESENTATION_ITEM ( )  RATIONAL_B_SPLINE_SURFACE ( (
 ( 1.000000000000000000, 0.4823580334654676838, 1.000000000000000000),
 ( 1.000000000000000000, 0.4887473536760986725, 1.000000000000000000),
 ( 1.000000000000000000, 0.4945821811962533010, 1.000000000000000000),
 ( 1.000000000000000000, 0.4999891725456191427, 1.000000000000000000) ) ) 
 REPRESENTATION_ITEM ( '' )  SURFACE ( )  );
#3449 = VERTEX_POINT ( 'NONE', #1998 ) ;
#3450 = DIRECTION ( 'NONE',  ( 0.000000000000000000, 0.000000000000000000, 1.000000000000000000 ) ) ;
#3451 = VERTEX_POINT ( 'NONE', #3860 ) ;
#3452 = LINE ( 'NONE', #6156, #2943 ) ;
#3453 = CARTESIAN_POINT ( 'NONE',  ( 8.511079952560246298, 7.939167140484716612, 13.59503840427246679 ) ) ;
#3454 = CARTESIAN_POINT ( 'NONE',  ( 0.000000000000000000, 5.999999999999999112, 0.000000000000000000 ) ) ;
#3455 = EDGE_CURVE ( 'NONE', #406, #6143, #6741, .T. ) ;
#3456 = ORIENTED_EDGE ( 'NONE', *, *, #6344, .T. ) ;
#3457 =( NAMED_UNIT ( * ) PLANE_ANGLE_UNIT ( ) SI_UNIT ( $, .RADIAN. ) );
#3458 = CARTESIAN_POINT ( 'NONE',  ( -14.93635629364147732, 13.17063819176063788, 8.385608573292845591 ) ) ;
#3459 = CIRCLE ( 'NONE', #2040, 0.1500000000000001610 ) ;
#3460 = ORIENTED_EDGE ( 'NONE', *, *, #8561, .T. ) ;
#3461 = DIRECTION ( 'NONE',  ( 0.000000000000000000, 1.000000000000000000, 0.000000000000000000 ) ) ;
#3462 = DIRECTION ( 'NONE',  ( 0.000000000000000000, 0.000000000000000000, 1.000000000000000000 ) ) ;
#3463 = AXIS2_PLACEMENT_3D ( 'NONE', #4008, #6656, #7993 ) ;
#3464 = ADVANCED_FACE ( 'NONE', ( #4633 ), #6553, .F. ) ;
#3465 = CARTESIAN_POINT ( 'NONE',  ( -10.00000000000000000, 12.39999999999999858, 0.000000000000000000 ) ) ;
#3466 = DIRECTION ( 'NONE',  ( 0.000000000000000000, -1.000000000000000000, 0.000000000000000000 ) ) ;
#3467 = ORIENTED_EDGE ( 'NONE', *, *, #708, .T. ) ;
#3468 = CARTESIAN_POINT ( 'NONE',  ( -8.587768145840170675, 12.97538492151578282, -14.96019303464957595 ) ) ;
#3469 = CARTESIAN_POINT ( 'NONE',  ( -15.15337817441108825, 13.25000000000000355, -8.101799416557341260 ) ) ;
#3470 = ORIENTED_EDGE ( 'NONE', *, *, #2031, .F. ) ;
#3471 = CARTESIAN_POINT ( 'NONE',  ( 10.82529446179306376, 9.500045161240020519, 11.71914381108331682 ) ) ;
#3472 = CIRCLE ( 'NONE', #4446, 0.1500000000000007161 ) ;
#3473 = B_SPLINE_CURVE_WITH_KNOTS ( 'NONE', 3,
 ( #6514, #8410, #4504, #7851, #1784, #6557, #7195, #1178, #570, #7112 ),
 .UNSPECIFIED., .F., .F.,
 ( 4, 2, 2, 2, 4 ),
 ( 0.000000000000000000, 0.0003189618469915269207, 0.0006379236939830530825, 0.0009568855409745792443, 0.001275847387966105514 ),
 .UNSPECIFIED. ) ;
#3474 = DIRECTION ( 'NONE',  ( -0.7071067811865484609, 0.000000000000000000, 0.7071067811865466846 ) ) ;
#3475 = CARTESIAN_POINT ( 'NONE',  ( 14.75879251356250244, 12.71049312107315288, -8.726710391577782389 ) ) ;
#3476 = FACE_BOUND ( 'NONE', #7616, .T. ) ;
#3477 = DIRECTION ( 'NONE',  ( 0.5134395285208463999, 0.000000000000000000, 0.8581257778159858685 ) ) ;
#3478 = CARTESIAN_POINT ( 'NONE',  ( 13.03308700979639134, 8.021434452352645295, -8.586110897162733124 ) ) ;
#3479 = ORIENTED_EDGE ( 'NONE', *, *, #5807, .F. ) ;
#3480 = AXIS2_PLACEMENT_3D ( 'NONE', #1090, #8281, #3784 ) ;
#3481 = CYLINDRICAL_SURFACE ( 'NONE', #6273, 37.50000000000000711 ) ;
#3482 = EDGE_LOOP ( 'NONE', ( #5696, #3905, #2267, #61 ) ) ;
#3483 = CARTESIAN_POINT ( 'NONE',  ( -8.201806633536971702, 13.25000000000068567, -15.09028874722412716 ) ) ;
#3484 = FACE_OUTER_BOUND ( 'NONE', #5346, .T. ) ;
#3485 = EDGE_CURVE ( 'NONE', #6669, #5652, #1258, .T. ) ;
#3486 = AXIS2_PLACEMENT_3D ( 'NONE', #7096, #6538, #591 ) ;
#3487 = CARTESIAN_POINT ( 'NONE',  ( 8.348305505091499157, 7.829301867517132862, -13.38924546360153123 ) ) ;
#3488 = DIRECTION ( 'NONE',  ( -1.084202172485505174E-16, 1.000000000000000000, 0.000000000000000000 ) ) ;
#3489 = DIRECTION ( 'NONE',  ( -0.000000000000000000, 1.000000000000000000, -0.000000000000000000 ) ) ;
#3490 = CARTESIAN_POINT ( 'NONE',  ( 4.201174670048177644E-15, 15.49999999999999289, 1.028991022466687667E-30 ) ) ;
#3491 = ORIENTED_EDGE ( 'NONE', *, *, #6540, .F. ) ;
#3492 = PLANE ( 'NONE',  #118 ) ;
#3493 = FACE_OUTER_BOUND ( 'NONE', #4139, .T. ) ;
#3494 = EDGE_LOOP ( 'NONE', ( #5498, #1103, #2278, #2932 ) ) ;
#3495 = CARTESIAN_POINT ( 'NONE',  ( 14.96281149415006873, 12.60732535744134530, 8.756385657214725171 ) ) ;
#3496 = ADVANCED_FACE ( 'NONE', ( #3943 ), #8571, .T. ) ;
#3497 = EDGE_CURVE ( 'NONE', #5619, #2330, #5187, .T. ) ;
#3498 = CARTESIAN_POINT ( 'NONE',  ( 8.181921453815098388, 7.559853416866623377, 13.67266869362425652 ) ) ;
#3499 = CARTESIAN_POINT ( 'NONE',  ( 8.181597244430431459, 7.559853420432087745, -13.67285923879287601 ) ) ;
#3500 = ORIENTED_EDGE ( 'NONE', *, *, #1919, .T. ) ;
#3501 = PERSON_AND_ORGANIZATION ( #5881, #3284 ) ;
#3502 = CARTESIAN_POINT ( 'NONE',  ( -14.90684508345317916, 12.41970336326912339, -8.750000000000001776 ) ) ;
#3503 = VECTOR ( 'NONE', #3898, 1000.000000000000114 ) ;
#3504 = EDGE_LOOP ( 'NONE', ( #5075, #1651, #8547, #4478 ) ) ;
#3505 = EDGE_CURVE ( 'NONE', #5652, #587, #7843, .T. ) ;
#3506 = CARTESIAN_POINT ( 'NONE',  ( 15.21759819039019845, 13.24999999999999822, 7.999999999999992895 ) ) ;
#3507 = FACE_OUTER_BOUND ( 'NONE', #2730, .T. ) ;
#3508 = DIRECTION ( 'NONE',  ( -1.000000000000000000, 0.000000000000000000, 0.000000000000000000 ) ) ;
#3509 = VECTOR ( 'NONE', #512, 1000.000000000000114 ) ;
#3510 = CARTESIAN_POINT ( 'NONE',  ( 7.965647121338089498, 7.733043175163240690, 15.36934701884383969 ) ) ;
#3511 = DIRECTION ( 'NONE',  ( 0.000000000000000000, 0.000000000000000000, -1.000000000000000000 ) ) ;
#3512 = ORIENTED_EDGE ( 'NONE', *, *, #4017, .F. ) ;
#3513 = DIRECTION ( 'NONE',  ( -0.000000000000000000, -1.000000000000000000, -0.000000000000000000 ) ) ;
#3514 = B_SPLINE_CURVE_WITH_KNOTS ( 'NONE', 3,
 ( #2621, #7680, #8364, #2579, #5073, #7188, #4375, #563, #3280, #6639 ),
 .UNSPECIFIED., .F., .F.,
 ( 4, 2, 2, 2, 4 ),
 ( 0.000000000000000000, 0.0003699285893685412747, 0.0007398571787370825494, 0.001109785768105623878, 0.001479714357474165099 ),
 .UNSPECIFIED. ) ;
#3515 = CARTESIAN_POINT ( 'NONE',  ( -13.30843170925572494, 7.750000000000002665, -8.086617965254058404 ) ) ;
#3516 = VERTEX_POINT ( 'NONE', #8614 ) ;
#3517 = CARTESIAN_POINT ( 'NONE',  ( -10.78098755302411682, 10.66666589199718373, 12.19520111539717711 ) ) ;
#3518 = CARTESIAN_POINT ( 'NONE',  ( -13.27793572838416125, 8.297074742545765602, 8.729593321320169963 ) ) ;
#3519 = ADVANCED_FACE ( 'NONE', ( #476 ), #2936, .T. ) ;
#3520 = CARTESIAN_POINT ( 'NONE',  ( 12.43164150781002952, 10.00004516124002407, 11.01742794543697457 ) ) ;
#3521 = CARTESIAN_POINT ( 'NONE',  ( -8.783300107318481764, 7.886495917984418291, 13.40265793519345472 ) ) ;
#3522 = DIRECTION ( 'NONE',  ( -0.8581257778159853133, -5.937837357463857102E-15, 0.5134395285208479542 ) ) ;
#3523 = CARTESIAN_POINT ( 'NONE',  ( -15.58006697086411840, 13.35985342043208846, -8.066449984402261464 ) ) ;
#3524 = ORIENTED_EDGE ( 'NONE', *, *, #3303, .F. ) ;
#3525 = DIRECTION ( 'NONE',  ( 0.6813100476940172623, -0.2676438637860938941, 0.6813100476940192607 ) ) ;
#3526 = VERTEX_POINT ( 'NONE', #5950 ) ;
#3527 = CARTESIAN_POINT ( 'NONE',  ( -8.697521184109673342, 8.071705168216849913, -12.89808126023959645 ) ) ;
#3528 = EDGE_CURVE ( 'NONE', #7623, #2024, #1619, .T. ) ;
#3529 = CARTESIAN_POINT ( 'NONE',  ( 13.34286252986123600, 8.500000000000007105, -8.750000000000001776 ) ) ;
#3530 = CIRCLE ( 'NONE', #858, 13.12193181625839422 ) ;
#3531 = CARTESIAN_POINT ( 'NONE',  ( -14.86844073379256415, 12.72128775345138152, -8.974685649142244870 ) ) ;
#3532 = DIRECTION ( 'NONE',  ( 0.6813100476940172623, -0.2676438637860938941, 0.6813100476940191497 ) ) ;
#3533 = CARTESIAN_POINT ( 'NONE',  ( 8.821139817153094143, 10.25560990408194861, -13.54469339120475624 ) ) ;
#3534 = ORIENTED_EDGE ( 'NONE', *, *, #595, .T. ) ;
#3535 = CARTESIAN_POINT ( 'NONE',  ( 15.08967093049028563, 13.44014657956791226, 7.932747726257771248 ) ) ;
#3536 = ORIENTED_EDGE ( 'NONE', *, *, #549, .T. ) ;
#3537 = LINE ( 'NONE', #1345, #2216 ) ;
#3538 = CIRCLE ( 'NONE', #7420, 0.1500000000000002720 ) ;
#3539 = AXIS2_PLACEMENT_3D ( 'NONE', #140, #5526, #2949 ) ;
#3540 = CARTESIAN_POINT ( 'NONE',  ( 8.648777478938011853, 8.109937547702175564, 13.26751293926662711 ) ) ;
#3541 = VERTEX_POINT ( 'NONE', #5376 ) ;
#3542 = DIRECTION ( 'NONE',  ( 0.000000000000000000, 0.000000000000000000, 1.000000000000000000 ) ) ;
#3543 = CARTESIAN_POINT ( 'NONE',  ( 8.756299999249421262, 12.60804184665023087, 14.96308990633822056 ) ) ;
#3544 = AXIS2_PLACEMENT_3D ( 'NONE', #5470, #2728, #5387 ) ;
#3545 = VECTOR ( 'NONE', #7711, 1000.000000000000114 ) ;
#3546 = DATE_AND_TIME ( #1683, #620 ) ;
#3547 = ADVANCED_FACE ( 'NONE', ( #4756 ), #6032, .F. ) ;
#3548 = CARTESIAN_POINT ( 'NONE',  ( -15.21759819039033346, 13.25000000000072653, 8.000000000000152767 ) ) ;
#3549 = ORIENTED_EDGE ( 'NONE', *, *, #1796, .T. ) ;
#3550 = ORIENTED_EDGE ( 'NONE', *, *, #5325, .F. ) ;
#3551 = VECTOR ( 'NONE', #4901, 1000.000000000000000 ) ;
#3552 = AXIS2_PLACEMENT_3D ( 'NONE', #7361, #7972, #2827 ) ;
#3553 = DIRECTION ( 'NONE',  ( 0.6813100476940172623, -0.2676438637860939496, 0.6813100476940192607 ) ) ;
#3554 = PRODUCT ( 'DRIVER_3W_nuevaelectronica', 'DRIVER_3W_nuevaelectronica', '', ( #2003 ) ) ;
#3555 = CARTESIAN_POINT ( 'NONE',  ( -13.26020760016766964, 9.397436235609390565, -8.819971429984914124 ) ) ;
#3556 = CARTESIAN_POINT ( 'NONE',  ( -13.12209390130462516, 7.659598091246271778, -8.141351740536876491 ) ) ;
#3557 = DIRECTION ( 'NONE',  ( 0.8621286684545753642, -1.408095776665057188E-14, 0.5066894108117327988 ) ) ;
#3558 = PLANE ( 'NONE',  #7442 ) ;
#3559 = ORIENTED_EDGE ( 'NONE', *, *, #2361, .F. ) ;
#3560 = EDGE_CURVE ( 'NONE', #6648, #2377, #2069, .T. ) ;
#3561 = FACE_OUTER_BOUND ( 'NONE', #2971, .T. ) ;
#3562 = ORIENTED_EDGE ( 'NONE', *, *, #685, .T. ) ;
#3563 = ADVANCED_FACE ( 'NONE', ( #3493 ), #6769, .F. ) ;
#3564 = CIRCLE ( 'NONE', #1726, 2.991318522074775998 ) ;
#3565 = ORIENTED_EDGE ( 'NONE', *, *, #4735, .T. ) ;
#3566 = ORIENTED_EDGE ( 'NONE', *, *, #7209, .T. ) ;
#3567 = CARTESIAN_POINT ( 'NONE',  ( -15.10459908574242327, 13.10652940250565734, 8.451203170162939315 ) ) ;
#3568 = CARTESIAN_POINT ( 'NONE',  ( 15.30192110941501227, 13.26598998306023880, -8.531726717527302384 ) ) ;
#3569 = DIRECTION ( 'NONE',  ( -0.000000000000000000, 1.000000000000000000, -0.000000000000000000 ) ) ;
#3570 = AXIS2_PLACEMENT_3D ( 'NONE', #3693, #1044, #4250 ) ;
#3571 = FACE_OUTER_BOUND ( 'NONE', #5617, .T. ) ;
#3572 = CARTESIAN_POINT ( 'NONE',  ( 0.000000000000000000, 12.49999999999999645, 0.000000000000000000 ) ) ;
#3573 = VERTEX_POINT ( 'NONE', #33 ) ;
#3574 = ADVANCED_FACE ( 'NONE', ( #4712 ), #7369, .F. ) ;
#3575 = B_SPLINE_CURVE_WITH_KNOTS ( 'NONE', 3,
 ( #3911, #5959, #8027, #7896 ),
 .UNSPECIFIED., .F., .F.,
 ( 4, 4 ),
 ( 0.000000000000000000, 0.004213349230782858883 ),
 .UNSPECIFIED. ) ;
#3576 = LINE ( 'NONE', #2280, #1663 ) ;
#3577 = VERTEX_POINT ( 'NONE', #7411 ) ;
#3578 = CARTESIAN_POINT ( 'NONE',  ( -8.715210575702661444, 13.02831930840309482, -14.51997992680831295 ) ) ;
#3579 = CARTESIAN_POINT ( 'NONE',  ( -12.38882744790692847, 11.50004516124002052, -11.68172066672042675 ) ) ;
#3580 = CARTESIAN_POINT ( 'NONE',  ( -16.60616015476926322, 16.49999999999999645, 4.067336175933298417E-15 ) ) ;
#3581 = CARTESIAN_POINT ( 'NONE',  ( 13.01813923478695401, 8.103838748557214089, 8.645449072876955299 ) ) ;
#3582 = CARTESIAN_POINT ( 'NONE',  ( 8.587380124079571075, 12.97584934340082086, -14.72000357673992887 ) ) ;
#3583 = CARTESIAN_POINT ( 'NONE',  ( -8.794279219498505995, 8.298273901498033567, 12.90852908142636934 ) ) ;
#3584 = FACE_OUTER_BOUND ( 'NONE', #6790, .T. ) ;
#3585 = ADVANCED_FACE ( 'NONE', ( #4035 ), #3841, .T. ) ;
#3586 = CARTESIAN_POINT ( 'NONE',  ( 9.334174402100211575E-16, 7.749999999999998224, 7.621931816258390668 ) ) ;
#3587 = ORIENTED_EDGE ( 'NONE', *, *, #5979, .F. ) ;
#3588 = FACE_OUTER_BOUND ( 'NONE', #4800, .T. ) ;
#3589 = B_SPLINE_CURVE_WITH_KNOTS ( 'NONE', 3,
 ( #891, #5536, #3664, #2154, #3582, #327, #196, #4188, #6234, #8256 ),
 .UNSPECIFIED., .F., .F.,
 ( 4, 2, 2, 2, 4 ),
 ( 0.000000000000000000, 0.0003559867478060481263, 0.0007119734956120962526, 0.001067960243418144325, 0.001423946991224192505 ),
 .UNSPECIFIED. ) ;
#3590 = CARTESIAN_POINT ( 'NONE',  ( 8.697249031094491656, 8.071204273341773927, -12.89809729706823482 ) ) ;
#3591 = EDGE_LOOP ( 'NONE', ( #5124, #1443, #5459, #6475 ) ) ;
#3592 = CARTESIAN_POINT ( 'NONE',  ( 13.27784145919673087, 8.296591144290937692, 8.729469633418075247 ) ) ;
#3593 = CARTESIAN_POINT ( 'NONE',  ( -19.39999999999999858, 15.49999999999999645, 0.000000000000000000 ) ) ;
#3594 = CARTESIAN_POINT ( 'NONE',  ( -16.60616015476926322, 16.49999999999999645, 0.000000000000000000 ) ) ;
#3595 = ORIENTED_EDGE ( 'NONE', *, *, #2597, .T. ) ;
#3596 = DIRECTION ( 'NONE',  ( 3.277692010970705819E-17, 0.9635179096299407719, -0.2676438637860942826 ) ) ;
#3597 = EDGE_CURVE ( 'NONE', #2531, #7731, #3452, .T. ) ;
#3598 = CARTESIAN_POINT ( 'NONE',  ( -21.00000000000002132, 13.25000000000000178, -7.999999999999996447 ) ) ;
#3599 = CARTESIAN_POINT ( 'NONE',  ( 13.85856564109731437, 11.20502593774827282, 8.822415896047131056 ) ) ;
#3600 = CARTESIAN_POINT ( 'NONE',  ( 0.000000000000000000, 15.49999999999999289, 0.000000000000000000 ) ) ;
#3601 = DIRECTION ( 'NONE',  ( -0.7071067811865463515, -0.000000000000000000, -0.7071067811865487940 ) ) ;
#3602 = CARTESIAN_POINT ( 'NONE',  ( 14.29338720761957404, 12.54014657956791012, -8.824077831548116535 ) ) ;
#3603 = EDGE_LOOP ( 'NONE', ( #3299, #661 ) ) ;
#3604 = B_SPLINE_CURVE_WITH_KNOTS ( 'NONE', 3,
 ( #3937, #637, #5329, #6547, #5241, #1164 ),
 .UNSPECIFIED., .F., .F.,
 ( 4, 2, 4 ),
 ( 0.000000000000000000, 0.0008111888087534289320, 0.001622377617506857864 ),
 .UNSPECIFIED. ) ;
#3605 = CARTESIAN_POINT ( 'NONE',  ( 0.000000000000000000, 7.874999999999998224, 0.000000000000000000 ) ) ;
#3606 = ORIENTED_EDGE ( 'NONE', *, *, #6223, .T. ) ;
#3607 = VERTEX_POINT ( 'NONE', #6076 ) ;
#3608 = CARTESIAN_POINT ( 'NONE',  ( 8.604745962805177228, 7.720200559015316877, 13.46320381325080540 ) ) ;
#3609 = CARTESIAN_POINT ( 'NONE',  ( -7.999999999999991118, 13.25000000000000000, -15.45172114225276694 ) ) ;
#3610 = ADVANCED_FACE ( 'NONE', ( #2793 ), #4112, .F. ) ;
#3611 = AXIS2_PLACEMENT_3D ( 'NONE', #5043, #7005, #7173 ) ;
#3612 = CARTESIAN_POINT ( 'NONE',  ( -8.643773929270468059, 12.89750503239667090, 14.64914373833228112 ) ) ;
#3613 = EDGE_CURVE ( 'NONE', #1698, #2148, #2115, .T. ) ;
#3614 = CARTESIAN_POINT ( 'NONE',  ( -13.59507296107099528, 7.939250728022122061, -8.511068465226822255 ) ) ;
#3615 = CARTESIAN_POINT ( 'NONE',  ( 14.01341672884576539, 11.68049656659817970, -8.823007753824079202 ) ) ;
#3616 = ORIENTED_EDGE ( 'NONE', *, *, #7506, .F. ) ;
#3617 = DIRECTION ( 'NONE',  ( 0.000000000000000000, -0.9485212707595870318, -0.3167134334325252265 ) ) ;
#3618 = CIRCLE ( 'NONE', #8316, 7.621931816258390668 ) ;
#3619 = EDGE_LOOP ( 'NONE', ( #8118, #6123 ) ) ;
#3620 = CARTESIAN_POINT ( 'NONE',  ( -8.619788718349962409, 12.96702303161582748, -14.55699867574646333 ) ) ;
#3621 = CARTESIAN_POINT ( 'NONE',  ( 13.40265793519342985, 7.886495917984315263, 8.783300107318467553 ) ) ;
#3622 = EDGE_CURVE ( 'NONE', #6497, #406, #419, .T. ) ;
#3623 = AXIS2_PLACEMENT_3D ( 'NONE', #7568, #5538, #893 ) ;
#3624 = DIRECTION ( 'NONE',  ( 0.000000000000000000, 1.000000000000000000, 2.168404344971010347E-16 ) ) ;
#3625 = DIRECTION ( 'NONE',  ( -0.000000000000000000, 1.000000000000000000, 0.000000000000000000 ) ) ;
#3626 = VERTEX_POINT ( 'NONE', #4150 ) ;
#3627 = CARTESIAN_POINT ( 'NONE',  ( 14.41636719170869263, 12.49999999999999467, -8.750000000000001776 ) ) ;
#3628 = CARTESIAN_POINT ( 'NONE',  ( 0.000000000000000000, 14.99999999999999645, 18.00000000000000000 ) ) ;
#3629 = CARTESIAN_POINT ( 'NONE',  ( -13.34286252986123600, 8.500000000000007105, 8.749999999999998224 ) ) ;
#3630 = B_SPLINE_CURVE_WITH_KNOTS ( 'NONE', 3,
 ( #5683, #3515, #1526, #4214, #8315, #2342, #1038, #5018, #7675, #1685 ),
 .UNSPECIFIED., .F., .F.,
 ( 4, 2, 2, 2, 4 ),
 ( 0.000000000000000000, 0.0003189618469915270291, 0.0006379236939830532993, 0.0009568855409745795695, 0.001275847387966105948 ),
 .UNSPECIFIED. ) ;
#3631 = CARTESIAN_POINT ( 'NONE',  ( 0.000000000000000000, 7.600000000000001421, 0.000000000000000000 ) ) ;
#3632 = AXIS2_PLACEMENT_3D ( 'NONE', #2298, #6942, #6420 ) ;
#3633 = EDGE_CURVE ( 'NONE', #248, #1613, #8080, .T. ) ;
#3634 = LINE ( 'NONE', #7574, #3545 ) ;
#3635 = ORIENTED_EDGE ( 'NONE', *, *, #7109, .F. ) ;
#3636 = FACE_OUTER_BOUND ( 'NONE', #3977, .T. ) ;
#3637 = AXIS2_PLACEMENT_3D ( 'NONE', #7600, #4959, #921 ) ;
#3638 = CARTESIAN_POINT ( 'NONE',  ( -13.34286252986123245, 8.500000000000007105, -8.750000000000001776 ) ) ;
#3639 = EDGE_LOOP ( 'NONE', ( #951, #5844, #2139, #8545 ) ) ;
#3640 = CARTESIAN_POINT ( 'NONE',  ( 14.20041219849642289, 12.25491767766589746, 8.823721115284742567 ) ) ;
#3641 = EDGE_LOOP ( 'NONE', ( #5732, #4829, #6584, #2995 ) ) ;
#3642 = PLANE ( 'NONE',  #4787 ) ;
#3643 = FACE_OUTER_BOUND ( 'NONE', #2898, .T. ) ;
#3644 = CARTESIAN_POINT ( 'NONE',  ( -13.61279404871484111, 7.579019565158616523, 8.291266928127122071 ) ) ;
#3645 = CARTESIAN_POINT ( 'NONE',  ( -12.27711744158322382, 11.25723559080574532, 10.93622517406631012 ) ) ;
#3646 = DIRECTION ( 'NONE',  ( -0.6813100476940173733, 0.2676438637860937275, -0.6813100476940190386 ) ) ;
#3647 = ORIENTED_EDGE ( 'NONE', *, *, #2587, .T. ) ;
#3648 = VECTOR ( 'NONE', #689, 1000.000000000000000 ) ;
#3649 = CARTESIAN_POINT ( 'NONE',  ( -8.604845321337966979, 7.720450260220345307, 13.46321776612804832 ) ) ;
#3650 = ORIENTED_EDGE ( 'NONE', *, *, #641, .F. ) ;
#3651 = CARTESIAN_POINT ( 'NONE',  ( 14.14213562373099009, 10.99999999999999645, -15.55634918610403439 ) ) ;
#3652 = CARTESIAN_POINT ( 'NONE',  ( 1.229462167748581380E-15, 12.39999999999999858, -10.03932046860025906 ) ) ;
#3653 = CARTESIAN_POINT ( 'NONE',  ( -13.78208468598914394, 7.749999999999998224, 8.099993220059737098 ) ) ;
#3654 = AXIS2_PLACEMENT_3D ( 'NONE', #4916, #4961, #7562 ) ;
#3655 = DIRECTION ( 'NONE',  ( 0.000000000000000000, 1.000000000000000000, -0.000000000000000000 ) ) ;
#3656 = DIRECTION ( 'NONE',  ( -0.000000000000000000, -1.000000000000000000, 0.000000000000000000 ) ) ;
#3657 = CARTESIAN_POINT ( 'NONE',  ( -13.38810533673350811, 7.990468327341404553, -8.857535505476436200 ) ) ;
#3658 = DIRECTION ( 'NONE',  ( -8.881784197001252323E-16, 0.000000000000000000, -1.000000000000000000 ) ) ;
#3659 = CARTESIAN_POINT ( 'NONE',  ( 7.280611778696551184, 13.57363290978465464, 18.49555875250092996 ) ) ;
#3660 = VECTOR ( 'NONE', #7130, 1000.000000000000000 ) ;
#3661 = EDGE_CURVE ( 'NONE', #293, #1523, #4329, .T. ) ;
#3662 = ORIENTED_EDGE ( 'NONE', *, *, #409, .F. ) ;
#3663 = CARTESIAN_POINT ( 'NONE',  ( 13.26751293926684028, 8.109937547702175564, -8.648777478938010077 ) ) ;
#3664 = CARTESIAN_POINT ( 'NONE',  ( 8.725307159825627323, 12.71537095137161444, -14.51900995098330149 ) ) ;
#3665 = ORIENTED_EDGE ( 'NONE', *, *, #4942, .F. ) ;
#3666 = FACE_BOUND ( 'NONE', #3978, .T. ) ;
#3667 = CYLINDRICAL_SURFACE ( 'NONE', #3623, 0.7500000000000006661 ) ;
#3668 = DIRECTION ( 'NONE',  ( -0.000000000000000000, -0.9485212707595842563, -0.3167134334325334422 ) ) ;
#3669 = ADVANCED_FACE ( 'NONE', ( #8142 ), #6284, .T. ) ;
#3670 = EDGE_CURVE ( 'NONE', #6297, #8550, #3537, .T. ) ;
#3671 = CARTESIAN_POINT ( 'NONE',  ( 2.087750390628326905E-15, 13.44014657956791581, -17.04777566953916335 ) ) ;
#3672 = CARTESIAN_POINT ( 'NONE',  ( -8.899999999999998579, 12.49999999999999289, -14.65974925560510123 ) ) ;
#3673 = FACE_OUTER_BOUND ( 'NONE', #2591, .T. ) ;
#3674 = CARTESIAN_POINT ( 'NONE',  ( 8.365909088635424595, 7.814724323731480737, -13.12482701956083098 ) ) ;
#3675 = ORIENTED_EDGE ( 'NONE', *, *, #212, .T. ) ;
#3676 = CARTESIAN_POINT ( 'NONE',  ( 0.000000000000000000, 7.749999999999998224, 0.000000000000000000 ) ) ;
#3677 = DIRECTION ( 'NONE',  ( 0.7071067811865491270, 0.000000000000000000, -0.7071067811865456854 ) ) ;
#3678 = VERTEX_POINT ( 'NONE', #5676 ) ;
#3679 = PLANE ( 'NONE',  #6240 ) ;
#3680 = SECURITY_CLASSIFICATION_LEVEL ( 'unclassified' ) ;
#3681 = CARTESIAN_POINT ( 'NONE',  ( 13.95188131918265739, 11.49450147501797481, 8.822756670269290780 ) ) ;
#3682 = EDGE_CURVE ( 'NONE', #6143, #4055, #5028, .T. ) ;
#3683 = AXIS2_PLACEMENT_3D ( 'NONE', #8346, #6406, #2963 ) ;
#3684 = CARTESIAN_POINT ( 'NONE',  ( 1.627936509502789077E-15, 15.42678132618368458, 13.29311039424772645 ) ) ;
#3685 = CIRCLE ( 'NONE', #4098, 17.39987604145331446 ) ;
#3686 = ORIENTED_EDGE ( 'NONE', *, *, #6453, .T. ) ;
#3687 =( BOUNDED_SURFACE ( )  B_SPLINE_SURFACE ( 3, 2, ( 
 ( #7306, #1331, #3262 ),
 ( #4018, #5186, #7826 ),
 ( #1849, #2644, #8551 ),
 ( #1193, #3922, #669 ),
 ( #541, #6012, #1932 ),
 ( #3216, #7871, #2602 ) ),
 .UNSPECIFIED., .F., .F., .F. ) 
 B_SPLINE_SURFACE_WITH_KNOTS ( ( 4, 2, 4 ),
 ( 3, 3 ),
 ( 0.000000000000000000, 0.0008096546729410479754, 0.001619309345882095951 ),
 ( 0.000000000000000000, 1.000000000000000000 ),
 .UNSPECIFIED. ) 
 GEOMETRIC_REPRESENTATION_ITEM ( )  RATIONAL_B_SPLINE_SURFACE ( (
 ( 1.000000000000000000, 0.8677983030863967162, 1.000000000000000000),
 ( 1.000000000000000000, 0.8450278239690588444, 1.000000000000000000),
 ( 1.000000000000000000, 0.8038662686739945773, 1.000000000000000000),
 ( 1.000000000000000000, 0.7097264250293222609, 1.000000000000000000),
 ( 1.000000000000000000, 0.6552933213416930469, 1.000000000000000000),
 ( 1.000000000000000000, 0.6051264893449960214, 1.000000000000000000) ) ) 
 REPRESENTATION_ITEM ( '' )  SURFACE ( )  );
#3688 = CARTESIAN_POINT ( 'NONE',  ( -14.82600311509841440, 12.59099072579559930, 8.974843938273144417 ) ) ;
#3689 = CIRCLE ( 'NONE', #4929, 0.1500000000000007161 ) ;
#3690 = AXIS2_PLACEMENT_3D ( 'NONE', #598, #1297, #8517 ) ;
#3691 = CARTESIAN_POINT ( 'NONE',  ( 8.302588189447586586, 13.33638284859456391, 15.44865512250254369 ) ) ;
#3692 = DIRECTION ( 'NONE',  ( 0.000000000000000000, -0.3167134334325232281, -0.9485212707595873649 ) ) ;
#3693 = CARTESIAN_POINT ( 'NONE',  ( 0.000000000000000000, 0.000000000000000000, 0.000000000000000000 ) ) ;
#3694 = ORIENTED_EDGE ( 'NONE', *, *, #4093, .F. ) ;
#3695 = FACE_OUTER_BOUND ( 'NONE', #4569, .T. ) ;
#3696 = ADVANCED_FACE ( 'NONE', ( #1594 ), #3098, .F. ) ;
#3697 = ORIENTED_EDGE ( 'NONE', *, *, #4347, .T. ) ;
#3698 = AXIS2_PLACEMENT_3D ( 'NONE', #3969, #1933, #6625 ) ;
#3699 = CARTESIAN_POINT ( 'NONE',  ( 13.46309704045871847, 8.459853420432093429, 8.980199218265399352 ) ) ;
#3700 = VECTOR ( 'NONE', #1564, 1000.000000000000000 ) ;
#3701 = CARTESIAN_POINT ( 'NONE',  ( -8.726710391577798376, 12.71049312107310669, -14.75879251356262323 ) ) ;
#3702 = CARTESIAN_POINT ( 'NONE',  ( -13.27278535104500712, 7.749999999999997335, -7.941461297367352401 ) ) ;
#3703 = FACE_OUTER_BOUND ( 'NONE', #8176, .T. ) ;
#3704 = AXIS2_PLACEMENT_3D ( 'NONE', #2084, #4729, #6862 ) ;
#3705 = CARTESIAN_POINT ( 'NONE',  ( -13.26756979557901950, 8.108845755606996164, -8.648157251820531854 ) ) ;
#3706 = DIRECTION ( 'NONE',  ( 0.000000000000000000, 1.000000000000000000, 2.168404344971010347E-16 ) ) ;
#3707 = ORIENTED_EDGE ( 'NONE', *, *, #1051, .F. ) ;
#3708 = ORIENTED_EDGE ( 'NONE', *, *, #917, .T. ) ;
#3709 = CARTESIAN_POINT ( 'NONE',  ( -8.749999999999998224, 12.49999999999999289, -14.65974925560510123 ) ) ;
#3710 = ORIENTED_EDGE ( 'NONE', *, *, #2473, .F. ) ;
#3711 = CARTESIAN_POINT ( 'NONE',  ( -7.925793772813721105, 7.640146579567915985, 13.24659978108555869 ) ) ;
#3712 = SECURITY_CLASSIFICATION ( '', '', #3680 ) ;
#3713 = ADVANCED_FACE ( 'NONE', ( #5723 ), #566, .T. ) ;
#3714 = FACE_OUTER_BOUND ( 'NONE', #2401, .T. ) ;
#3715 = CYLINDRICAL_SURFACE ( 'NONE', #4708, 0.7500000000000006661 ) ;
#3716 = ORIENTED_EDGE ( 'NONE', *, *, #6552, .F. ) ;
#3717 = CARTESIAN_POINT ( 'NONE',  ( -8.750000000000000000, 8.526040938946250591, 13.01508767021575963 ) ) ;
#3718 = CARTESIAN_POINT ( 'NONE',  ( -8.749999999999998224, 12.49999999999997868, 14.65974925560514386 ) ) ;
#3719 = CARTESIAN_POINT ( 'NONE',  ( 11.99580628550739725, 9.500000000000000000, -11.28869950432081382 ) ) ;
#3720 = CARTESIAN_POINT ( 'NONE',  ( 12.48027393168856314, 11.50000000000000000, -11.58472054150094621 ) ) ;
#3721 = CARTESIAN_POINT ( 'NONE',  ( 0.000000000000000000, 7.749999999999998224, 0.000000000000000000 ) ) ;
#3722 = CYLINDRICAL_SURFACE ( 'NONE', #3887, 2.811851371712977166 ) ;
#3723 = CARTESIAN_POINT ( 'NONE',  ( -15.45172114225276516, 13.25000000000000178, -7.999999999999996447 ) ) ;
#3724 = EDGE_CURVE ( 'NONE', #7701, #144, #7668, .T. ) ;
#3725 = CARTESIAN_POINT ( 'NONE',  ( 8.122119202610349475, 7.736746345946365011, -13.16040266482303522 ) ) ;
#3726 = EDGE_CURVE ( 'NONE', #6943, #2605, #7268, .T. ) ;
#3727 = ORIENTED_EDGE ( 'NONE', *, *, #925, .T. ) ;
#3728 = CARTESIAN_POINT ( 'NONE',  ( 8.578089689930303408, 8.010351467636651179, 12.95773435200565693 ) ) ;
#3729 = DIRECTION ( 'NONE',  ( 0.6813100476940172623, -0.2676438637860938941, 0.6813100476940192607 ) ) ;
#3730 = CARTESIAN_POINT ( 'NONE',  ( -18.19999999999999929, 16.51447992314274771, 0.000000000000000000 ) ) ;
#3731 = DIRECTION ( 'NONE',  ( 0.000000000000000000, 0.000000000000000000, 1.000000000000000000 ) ) ;
#3732 = ORIENTED_EDGE ( 'NONE', *, *, #8217, .F. ) ;
#3733 = ORIENTED_EDGE ( 'NONE', *, *, #4833, .F. ) ;
#3734 = CARTESIAN_POINT ( 'NONE',  ( -21.00000000000002132, 12.49999999999999467, -8.750000000000001776 ) ) ;
#3735 = EDGE_CURVE ( 'NONE', #7345, #8078, #139, .T. ) ;
#3736 = CARTESIAN_POINT ( 'NONE',  ( -10.93623405903720780, 11.25728075185887356, -12.27712632681588723 ) ) ;
#3737 = CARTESIAN_POINT ( 'NONE',  ( -13.40261816290921359, 7.886137855761234050, 8.783189382560021130 ) ) ;
#3738 = CARTESIAN_POINT ( 'NONE',  ( -21.00000000000002132, 12.49999999999999645, 7.999999999999998224 ) ) ;
#3739 = DIRECTION ( 'NONE',  ( 0.000000000000000000, 0.000000000000000000, 1.000000000000000000 ) ) ;
#3740 = VERTEX_POINT ( 'NONE', #6369 ) ;
#3741 = CARTESIAN_POINT ( 'NONE',  ( 8.701455491081755866, 12.79986927530517526, -15.05596157150602465 ) ) ;
#3742 =( BOUNDED_SURFACE ( )  B_SPLINE_SURFACE ( 3, 2, ( 
 ( #8578, #2500, #573 ),
 ( #1317, #7238, #2630 ),
 ( #1831, #3247, #3950 ),
 ( #7288, #4507, #4002 ) ),
 .UNSPECIFIED., .F., .F., .F. ) 
 B_SPLINE_SURFACE_WITH_KNOTS ( ( 4, 4 ),
 ( 3, 3 ),
 ( 1.734723475976807094E-18, 0.004213349230782859750 ),
 ( 0.000000000000000000, 1.000000000000000000 ),
 .UNSPECIFIED. ) 
 GEOMETRIC_REPRESENTATION_ITEM ( )  RATIONAL_B_SPLINE_SURFACE ( (
 ( 1.000000000000000000, 0.8779725897198052964, 1.000000000000000000),
 ( 1.000000000000000000, 0.8743696232020848891, 1.000000000000000000),
 ( 1.000000000000000000, 0.8709903080357529470, 1.000000000000000000),
 ( 1.000000000000000000, 0.8677983030863921643, 1.000000000000000000) ) ) 
 REPRESENTATION_ITEM ( '' )  SURFACE ( )  );
#3743 = VERTEX_POINT ( 'NONE', #2969 ) ;
#3744 = EDGE_LOOP ( 'NONE', ( #8432, #7966, #4192, #5877, #1643, #8537, #6815, #3221 ) ) ;
#3745 = B_SPLINE_CURVE_WITH_KNOTS ( 'NONE', 3,
 ( #6793, #6228, #4871, #8292, #2997, #6835, #1580, #4830, #837, #4263 ),
 .UNSPECIFIED., .F., .F.,
 ( 4, 2, 2, 2, 4 ),
 ( 0.000000000000000000, 0.0003699285893685404073, 0.0007398571787370808147, 0.001109785768105621276, 0.001479714357474161629 ),
 .UNSPECIFIED. ) ;
#3746 = CARTESIAN_POINT ( 'NONE',  ( 13.12018597688939003, 7.640146572924849444, 8.137072679445106260 ) ) ;
#3747 = CARTESIAN_POINT ( 'NONE',  ( 1.178346800039491848E-15, 7.749999999999998224, -9.621931816258390668 ) ) ;
#3748 = FACE_OUTER_BOUND ( 'NONE', #1833, .T. ) ;
#3749 = CARTESIAN_POINT ( 'NONE',  ( -12.91246536907839193, 7.967325227471832250, -8.624445984873062798 ) ) ;
#3750 = EDGE_CURVE ( 'NONE', #718, #1284, #6711, .T. ) ;
#3751 = DIRECTION ( 'NONE',  ( -0.7071067811865480168, 0.000000000000000000, 0.7071067811865467956 ) ) ;
#3752 = ORIENTED_EDGE ( 'NONE', *, *, #7957, .T. ) ;
#3753 = CARTESIAN_POINT ( 'NONE',  ( -14.73991435042947629, 6.499999999999998224, 0.000000000000000000 ) ) ;
#3754 = ORIENTED_EDGE ( 'NONE', *, *, #5258, .F. ) ;
#3755 = CYLINDRICAL_SURFACE ( 'NONE', #3654, 0.4999999999999994449 ) ;
#3756 = CIRCLE ( 'NONE', #4157, 16.50885860889252754 ) ;
#3757 = DIRECTION ( 'NONE',  ( 0.6813100476940172623, -0.2676438637860938941, 0.6813100476940191497 ) ) ;
#3758 = CARTESIAN_POINT ( 'NONE',  ( -8.818581150699142057, 8.422239567526453641, -12.93360325590131232 ) ) ;
#3759 = DIRECTION ( 'NONE',  ( 1.000000000000000000, -0.000000000000000000, -0.000000000000000000 ) ) ;
#3760 = ORIENTED_EDGE ( 'NONE', *, *, #5527, .T. ) ;
#3761 = CARTESIAN_POINT ( 'NONE',  ( 15.01051708455704770, 12.94890649209156308, 8.862536868434199633 ) ) ;
#3762 = AXIS2_PLACEMENT_3D ( 'NONE', #8251, #5047, #8594 ) ;
#3763 = CARTESIAN_POINT ( 'NONE',  ( -13.53979913340339536, 9.831370049161902713, 8.749999999999998224 ) ) ;
#3764 = DIRECTION ( 'NONE',  ( -0.000000000000000000, -1.000000000000000000, -0.000000000000000000 ) ) ;
#3765 = CARTESIAN_POINT ( 'NONE',  ( 18.13672589172895755, 8.715602117746653832, 5.584253854726568100 ) ) ;
#3766 = DIRECTION ( 'NONE',  ( 0.000000000000000000, 0.000000000000000000, 1.000000000000000000 ) ) ;
#3767 = AXIS2_PLACEMENT_3D ( 'NONE', #2474, #4488, #7250 ) ;
#3768 = CARTESIAN_POINT ( 'NONE',  ( 8.818581855858731444, 8.422734683813317247, -12.93376907639494178 ) ) ;
#3769 = ORIENTED_EDGE ( 'NONE', *, *, #6653, .F. ) ;
#3770 = CARTESIAN_POINT ( 'NONE',  ( 13.49329992865039074, 7.764534032041118472, 8.173903765822789325 ) ) ;
#3771 = DIRECTION ( 'NONE',  ( 0.7071067811865484609, 0.000000000000000000, -0.7071067811865465735 ) ) ;
#3772 = CARTESIAN_POINT ( 'NONE',  ( 14.23142866410899465, 12.34998589140572456, 8.823840569215407825 ) ) ;
#3773 = CIRCLE ( 'NONE', #5997, 15.95329050854807740 ) ;
#3774 = CARTESIAN_POINT ( 'NONE',  ( 8.066449984402265017, 13.35985342043209023, -15.58006697086412018 ) ) ;
#3775 = VERTEX_POINT ( 'NONE', #7613 ) ;
#3776 = EDGE_CURVE ( 'NONE', #3835, #4592, #4578, .T. ) ;
#3777 = EDGE_LOOP ( 'NONE', ( #7355, #4341, #1756, #7899 ) ) ;
#3778 = ADVANCED_FACE ( 'NONE', ( #3588 ), #374, .T. ) ;
#3779 = DIRECTION ( 'NONE',  ( 0.000000000000000000, 0.000000000000000000, -1.000000000000000000 ) ) ;
#3780 = B_SPLINE_CURVE_WITH_KNOTS ( 'NONE', 3,
 ( #7997, #5140, #5719, #8390 ),
 .UNSPECIFIED., .F., .F.,
 ( 4, 4 ),
 ( 0.000000000000000000, 0.004213349230782855413 ),
 .UNSPECIFIED. ) ;
#3781 = CARTESIAN_POINT ( 'NONE',  ( -14.65974925560509945, 12.49999999999999289, 8.749999999999998224 ) ) ;
#3782 = CARTESIAN_POINT ( 'NONE',  ( 14.37792294339950949, 12.79971375492834262, -8.824400936355949909 ) ) ;
#3783 = ORIENTED_EDGE ( 'NONE', *, *, #5132, .T. ) ;
#3784 = DIRECTION ( 'NONE',  ( 0.9510448246105610570, -0.3090529753642040633, 0.000000000000000000 ) ) ;
#3785 = ORIENTED_EDGE ( 'NONE', *, *, #3044, .F. ) ;
#3786 = CIRCLE ( 'NONE', #6831, 17.19230335598365400 ) ;
#3787 = EDGE_CURVE ( 'NONE', #5135, #839, #7811, .T. ) ;
#3788 = ORIENTED_EDGE ( 'NONE', *, *, #7467, .F. ) ;
#3789 = ADVANCED_FACE ( 'NONE', ( #981 ), #7526, .T. ) ;
#3790 = CARTESIAN_POINT ( 'NONE',  ( 13.12482701955996589, 7.814724323731691236, 8.365909088635643087 ) ) ;
#3791 = CARTESIAN_POINT ( 'NONE',  ( -13.54864879925999155, 7.749999999999998224, 8.089751059445006831 ) ) ;
#3792 = DIRECTION ( 'NONE',  ( -0.6813100476940172623, 0.2676438637860938941, -0.6813100476940192607 ) ) ;
#3793 = AXIS2_PLACEMENT_3D ( 'NONE', #565, #5153, #5289 ) ;
#3794 = CARTESIAN_POINT ( 'NONE',  ( 7.932747726257963983, 13.44014657956864234, 15.08967093049042596 ) ) ;
#3795 = CARTESIAN_POINT ( 'NONE',  ( -15.21759819039019312, 13.40000000000000213, -7.999999999999994671 ) ) ;
#3796 = ORIENTED_EDGE ( 'NONE', *, *, #1844, .F. ) ;
#3797 = ORIENTED_EDGE ( 'NONE', *, *, #5020, .F. ) ;
#3798 = CARTESIAN_POINT ( 'NONE',  ( 14.41636719170869263, 12.49999999999999467, -8.750000000000001776 ) ) ;
#3799 = EDGE_LOOP ( 'NONE', ( #3090, #922, #3716, #5600, #8590 ) ) ;
#3800 = EDGE_CURVE ( 'NONE', #8046, #8026, #285, .T. ) ;
#3801 = AXIS2_PLACEMENT_3D ( 'NONE', #5857, #7749, #2523 ) ;
#3802 = CARTESIAN_POINT ( 'NONE',  ( 13.78208468598914038, 7.749999999999998224, -8.099993220059740651 ) ) ;
#3803 = CARTESIAN_POINT ( 'NONE',  ( -13.49484738903549186, 8.554679045303890561, -8.980067507150709005 ) ) ;
#3804 = ORIENTED_EDGE ( 'NONE', *, *, #7241, .T. ) ;
#3805 = CARTESIAN_POINT ( 'NONE',  ( 8.645115147375589615, 8.103276485728930112, 13.01818372554172143 ) ) ;
#3806 = CYLINDRICAL_SURFACE ( 'NONE', #8462, 1.500000000000002665 ) ;
#3807 = CARTESIAN_POINT ( 'NONE',  ( 0.000000000000000000, 7.749999999999999112, -6.871931816258391557 ) ) ;
#3808 = PLANE ( 'NONE',  #6841 ) ;
#3809 = CARTESIAN_POINT ( 'NONE',  ( 7.932747726257774801, 13.44014657956791581, 15.08967093049028918 ) ) ;
#3810 = B_SPLINE_CURVE_WITH_KNOTS ( 'NONE', 3,
 ( #6346, #3026, #7040, #7633 ),
 .UNSPECIFIED., .F., .F.,
 ( 4, 4 ),
 ( 2.076015043198405499E-07, 0.001038212668434454868 ),
 .UNSPECIFIED. ) ;
#3811 = ORIENTED_EDGE ( 'NONE', *, *, #6820, .T. ) ;
#3812 = FACE_OUTER_BOUND ( 'NONE', #7478, .T. ) ;
#3813 = CC_DESIGN_PERSON_AND_ORGANIZATION_ASSIGNMENT ( #856, #942, ( #3712 ) ) ;
#3814 = CARTESIAN_POINT ( 'NONE',  ( -7.999999999999991118, 13.25000000000000000, -15.21759819039019490 ) ) ;
#3815 = DIRECTION ( 'NONE',  ( 0.000000000000000000, 1.000000000000000000, -0.000000000000000000 ) ) ;
#3816 = CARTESIAN_POINT ( 'NONE',  ( -8.974843938273140864, 12.59099072579560286, -14.82600311509841440 ) ) ;
#3817 = ORIENTED_EDGE ( 'NONE', *, *, #833, .F. ) ;
#3818 = VERTEX_POINT ( 'NONE', #933 ) ;
#3819 = DIRECTION ( 'NONE',  ( -0.3103308818458616614, -0.9506286045416315611, 1.099385171488954275E-14 ) ) ;
#3820 = CARTESIAN_POINT ( 'NONE',  ( -14.34847627377558865, 11.12483098435126472, 8.976625077507534911 ) ) ;
#3821 = EDGE_CURVE ( 'NONE', #4269, #7907, #4204, .T. ) ;
#3822 = VERTEX_POINT ( 'NONE', #3765 ) ;
#3823 = CIRCLE ( 'NONE', #7985, 18.19999999999999929 ) ;
#3824 = CARTESIAN_POINT ( 'NONE',  ( -8.818749239510207616, 8.540146579567920782, 12.97309164460349251 ) ) ;
#3825 = EDGE_LOOP ( 'NONE', ( #283, #7943, #1537, #3963 ) ) ;
#3826 = FACE_OUTER_BOUND ( 'NONE', #1912, .T. ) ;
#3827 = ORIENTED_EDGE ( 'NONE', *, *, #1549, .T. ) ;
#3828 = CIRCLE ( 'NONE', #2259, 17.04230335598365542 ) ;
#3829 = CIRCLE ( 'NONE', #2405, 0.4999999999999982236 ) ;
#3830 = CARTESIAN_POINT ( 'NONE',  ( 15.20279579551075777, 11.50004516124002052, 14.49568901432426671 ) ) ;
#3831 = EDGE_CURVE ( 'NONE', #6359, #6854, #8436, .T. ) ;
#3832 = ADVANCED_FACE ( 'NONE', ( #6501 ), #1245, .F. ) ;
#3833 = CARTESIAN_POINT ( 'NONE',  ( 8.822415896104589095, 11.20502593775911748, 13.85856564106544653 ) ) ;
#3834 = DIRECTION ( 'NONE',  ( 0.000000000000000000, 0.000000000000000000, 1.000000000000000000 ) ) ;
#3835 = VERTEX_POINT ( 'NONE', #4622 ) ;
#3836 = ORIENTED_EDGE ( 'NONE', *, *, #4348, .T. ) ;
#3837 = AXIS2_PLACEMENT_3D ( 'NONE', #2646, #3390, #6015 ) ;
#3838 = DIRECTION ( 'NONE',  ( -1.000000000000000000, -1.084202172485505174E-16, 0.000000000000000000 ) ) ;
#3839 = EDGE_LOOP ( 'NONE', ( #6405, #1130, #2020, #6467 ) ) ;
#3840 = CARTESIAN_POINT ( 'NONE',  ( 13.53979924743924457, 9.831370388437386865, 8.749999999999998224 ) ) ;
#3841 =( BOUNDED_SURFACE ( )  B_SPLINE_SURFACE ( 3, 2, ( 
 ( #6723, #769, #3367 ),
 ( #7490, #2159, #7452 ),
 ( #723, #1425, #3409 ),
 ( #2715, #5414, #8099 ) ),
 .UNSPECIFIED., .F., .F., .F. ) 
 B_SPLINE_SURFACE_WITH_KNOTS ( ( 4, 4 ),
 ( 3, 3 ),
 ( 0.000000000000000000, 0.004213349230782858883 ),
 ( 0.000000000000000000, 1.000000000000000000 ),
 .UNSPECIFIED. ) 
 GEOMETRIC_REPRESENTATION_ITEM ( )  RATIONAL_B_SPLINE_SURFACE ( (
 ( 1.000000000000000000, 0.8779725897198040752, 1.000000000000000000),
 ( 1.000000000000000000, 0.8743696232020875536, 1.000000000000000000),
 ( 1.000000000000000000, 0.8709903080357538352, 1.000000000000000000),
 ( 1.000000000000000000, 0.8677983030863926084, 1.000000000000000000) ) ) 
 REPRESENTATION_ITEM ( '' )  SURFACE ( )  );
#3842 = CARTESIAN_POINT ( 'NONE',  ( 18.20000000000000639, 15.49999999999999467, 36.39999999999999147 ) ) ;
#3843 = VECTOR ( 'NONE', #6088, 1000.000000000000000 ) ;
#3844 = CARTESIAN_POINT ( 'NONE',  ( 13.61738552081226850, 7.881087260102060732, -8.444407693602956400 ) ) ;
#3845 = EDGE_CURVE ( 'NONE', #6297, #3393, #5889, .T. ) ;
#3846 = ORIENTED_EDGE ( 'NONE', *, *, #3399, .F. ) ;
#3847 = CARTESIAN_POINT ( 'NONE',  ( 11.72316929097208593, 11.05603359935587093, 13.13738285323733557 ) ) ;
#3848 = ORIENTED_EDGE ( 'NONE', *, *, #7165, .T. ) ;
#3849 = CARTESIAN_POINT ( 'NONE',  ( 13.68500219247398064, 9.123749298409927988, 8.979284171333901554 ) ) ;
#3850 = CC_DESIGN_APPROVAL ( #4813, ( #3159 ) ) ;
#3851 = CARTESIAN_POINT ( 'NONE',  ( 0.000000000000000000, 7.600000000000001421, 0.000000000000000000 ) ) ;
#3852 = B_SPLINE_CURVE_WITH_KNOTS ( 'NONE', 3,
 ( #287, #7528, #5630, #8261, #2290, #4442, #4616, #5141, #5766, #7921 ),
 .UNSPECIFIED., .F., .F.,
 ( 4, 2, 2, 2, 4 ),
 ( 0.000000000000000000, 0.0003695598187944580605, 0.0007391196375889161211, 0.001108679456383374236, 0.001478239275177832242 ),
 .UNSPECIFIED. ) ;
#3853 = PLANE ( 'NONE',  #2716 ) ;
#3854 = EDGE_CURVE ( 'NONE', #6400, #3626, #2048, .T. ) ;
#3855 = APPROVAL_PERSON_ORGANIZATION ( #3501, #4813, #2035 ) ;
#3856 = ORIENTED_EDGE ( 'NONE', *, *, #8434, .T. ) ;
#3857 = LINE ( 'NONE', #6507, #5914 ) ;
#3858 = DIRECTION ( 'NONE',  ( 0.7071067811865487940, 0.000000000000000000, -0.7071067811865463515 ) ) ;
#3859 = DIRECTION ( 'NONE',  ( 0.7071067811865484609, 0.000000000000000000, -0.7071067811865467956 ) ) ;
#3860 = CARTESIAN_POINT ( 'NONE',  ( -15.08967093049028740, 13.44014657956791403, 7.932747726257769472 ) ) ;
#3861 = ORIENTED_EDGE ( 'NONE', *, *, #7582, .T. ) ;
#3862 = CARTESIAN_POINT ( 'NONE',  ( -21.00000000000002132, 12.49999999999999645, 7.999999999999998224 ) ) ;
#3863 = CARTESIAN_POINT ( 'NONE',  ( 0.000000000000000000, 6.732356136213907938, 0.000000000000000000 ) ) ;
#3864 = CARTESIAN_POINT ( 'NONE',  ( 8.170569869823070874, 10.40693149287668184, 16.21482680461823023 ) ) ;
#3865 = ORIENTED_EDGE ( 'NONE', *, *, #8216, .F. ) ;
#3866 = CARTESIAN_POINT ( 'NONE',  ( -7.908169986681743424, 13.24999999999999645, 15.04291915982829408 ) ) ;
#3867 = ORIENTED_EDGE ( 'NONE', *, *, #1903, .F. ) ;
#3868 = FACE_OUTER_BOUND ( 'NONE', #4595, .T. ) ;
#3869 = ADVANCED_FACE ( 'NONE', ( #1767, #5983 ), #4577, .T. ) ;
#3870 = CARTESIAN_POINT ( 'NONE',  ( -13.13930822334930149, 7.832882390318704147, 8.355510904106701275 ) ) ;
#3871 = CARTESIAN_POINT ( 'NONE',  ( -11.97994170570762762, 9.743596683223394450, 10.63768683389754166 ) ) ;
#3872 = CARTESIAN_POINT ( 'NONE',  ( 8.750000000000003553, 9.831370049161709090, 13.53979913340332430 ) ) ;
#3873 = CARTESIAN_POINT ( 'NONE',  ( 0.000000000000000000, 7.749999999999998224, 11.12193181625839244 ) ) ;
#3874 = ORIENTED_EDGE ( 'NONE', *, *, #6379, .T. ) ;
#3875 = CARTESIAN_POINT ( 'NONE',  ( 12.19122869614245630, 11.44337233328919545, -11.10880033392873578 ) ) ;
#3876 = ORIENTED_EDGE ( 'NONE', *, *, #1600, .F. ) ;
#3877 = DIRECTION ( 'NONE',  ( 0.6813100476940172623, -0.2676438637860938941, 0.6813100476940191497 ) ) ;
#3878 = EDGE_CURVE ( 'NONE', #3404, #6966, #8360, .T. ) ;
#3879 = ADVANCED_FACE ( 'NONE', ( #3228, #550 ), #7183, .T. ) ;
#3880 = LINE ( 'NONE', #1369, #5223 ) ;
#3881 = CARTESIAN_POINT ( 'NONE',  ( -8.753372566553293765, 8.421478614660827589, -12.97780992572043957 ) ) ;
#3882 = B_SPLINE_CURVE_WITH_KNOTS ( 'NONE', 3,
 ( #330, #5674, #7609, #2239, #8300, #8259, #240, #6366, #2288, #4966 ),
 .UNSPECIFIED., .F., .F.,
 ( 4, 2, 2, 2, 4 ),
 ( 0.000000000000000000, 0.0004016680093193129982, 0.0008033360186386259965, 0.001205004027957938886, 0.001606672037277251993 ),
 .UNSPECIFIED. ) ;
#3883 = ORIENTED_EDGE ( 'NONE', *, *, #8067, .T. ) ;
#3884 = CARTESIAN_POINT ( 'NONE',  ( 0.000000000000000000, 16.49999999999999645, -19.19999999999999929 ) ) ;
#3885 = VERTEX_POINT ( 'NONE', #1943 ) ;
#3886 = CARTESIAN_POINT ( 'NONE',  ( 19.15872578053393482, 9.704922051073163303, 5.097671593638625431 ) ) ;
#3887 = AXIS2_PLACEMENT_3D ( 'NONE', #335, #3010, #7100 ) ;
#3888 =( BOUNDED_SURFACE ( )  B_SPLINE_SURFACE ( 3, 2, ( 
 ( #3529, #2960, #5623 ),
 ( #7009, #4306, #8345 ),
 ( #2284, #1019, #4963 ),
 ( #3663, #6316, #1149 ),
 ( #7092, #5093, #8467 ),
 ( #454, #5891, #4436 ),
 ( #7176, #3844, #5809 ),
 ( #3088, #6578, #2467 ),
 ( #2604, #6533, #8553 ),
 ( #8385, #3802, #5936 ) ),
 .UNSPECIFIED., .F., .F., .F. ) 
 B_SPLINE_SURFACE_WITH_KNOTS ( ( 4, 2, 2, 2, 4 ),
 ( 3, 3 ),
 ( -5.421010862427522170E-20, 0.0003708656024935093548, 0.0007417312049870187097, 0.001112596807480528173, 0.001483462409974037419 ),
 ( 0.000000000000000000, 1.000000000000000000 ),
 .UNSPECIFIED. ) 
 GEOMETRIC_REPRESENTATION_ITEM ( )  RATIONAL_B_SPLINE_SURFACE ( (
 ( 1.000000000000000000, 0.4823580334654603008, 1.000000000000000000),
 ( 1.000000000000000000, 0.4634727774812672507, 1.000000000000000000),
 ( 1.000000000000000000, 0.4512768202418731001, 1.000000000000000000),
 ( 1.000000000000000000, 0.4477664979992731498, 1.000000000000000000),
 ( 1.000000000000000000, 0.4565384444205914938, 1.000000000000000000),
 ( 1.000000000000000000, 0.4880917172433532625, 1.000000000000000000),
 ( 1.000000000000000000, 0.5099908375219660561, 1.000000000000000000),
 ( 1.000000000000000000, 0.5563214462312396913, 1.000000000000000000),
 ( 1.000000000000000000, 0.5810327076333354768, 1.000000000000000000),
 ( 1.000000000000000000, 0.6051264893449599391, 1.000000000000000000) ) ) 
 REPRESENTATION_ITEM ( '' )  SURFACE ( )  );
#3889 = DIRECTION ( 'NONE',  ( -1.099385171488959008E-14, -0.9506286045416355579, 0.3103308818458495599 ) ) ;
#3890 = CARTESIAN_POINT ( 'NONE',  ( -8.749999999999998224, 11.16497734891128424, 14.22591826066064158 ) ) ;
#3891 = EDGE_CURVE ( 'NONE', #7665, #3104, #2571, .T. ) ;
#3892 = CIRCLE ( 'NONE', #8593, 0.1499999999999995781 ) ;
#3893 = DIRECTION ( 'NONE',  ( -0.6813100476940172623, 0.2676438637860938941, -0.6813100476940192607 ) ) ;
#3894 = DIRECTION ( 'NONE',  ( 0.000000000000000000, 0.000000000000000000, -1.000000000000000000 ) ) ;
#3895 = DIRECTION ( 'NONE',  ( 0.000000000000000000, 0.000000000000000000, 1.000000000000000000 ) ) ;
#3896 = CARTESIAN_POINT ( 'NONE',  ( 11.21418861615252816, 10.99999999999999645, -12.62840217852557956 ) ) ;
#3897 = CARTESIAN_POINT ( 'NONE',  ( -10.99200138461256060, 9.870829032874272713, -12.40621494698569904 ) ) ;
#3898 = DIRECTION ( 'NONE',  ( -0.1892527910123301682, -0.9635179096299404389, -0.1892527910399030289 ) ) ;
#3899 = AXIS2_PLACEMENT_3D ( 'NONE', #5937, #4568, #8554 ) ;
#3900 = EDGE_CURVE ( 'NONE', #7365, #2126, #3143, .T. ) ;
#3901 = CARTESIAN_POINT ( 'NONE',  ( 15.55634918610408413, 10.99999999999999645, -14.14213562373093680 ) ) ;
#3902 = CARTESIAN_POINT ( 'NONE',  ( 14.41636719170869974, 12.49999999999999289, 8.749999999999998224 ) ) ;
#3903 = CARTESIAN_POINT ( 'NONE',  ( 0.000000000000000000, 6.866178068106953525, 0.000000000000000000 ) ) ;
#3904 = VECTOR ( 'NONE', #7799, 1000.000000000000000 ) ;
#3905 = ORIENTED_EDGE ( 'NONE', *, *, #5871, .F. ) ;
#3906 = DIRECTION ( 'NONE',  ( -0.7071067811865492381, 0.000000000000000000, 0.7071067811865457964 ) ) ;
#3907 = VERTEX_POINT ( 'NONE', #5237 ) ;
#3908 = DIRECTION ( 'NONE',  ( 0.000000000000000000, 0.000000000000000000, -1.000000000000000000 ) ) ;
#3909 = EDGE_LOOP ( 'NONE', ( #3491, #5148, #4778, #1424, #6410, #3248, #2134, #5851, #261, #5710, #1067, #5389 ) ) ;
#3910 = AXIS2_PLACEMENT_3D ( 'NONE', #7886, #5949, #8570 ) ;
#3911 = CARTESIAN_POINT ( 'NONE',  ( -13.09261806874822653, 8.500000000000007105, -8.750000000000001776 ) ) ;
#3912 = DIRECTION ( 'NONE',  ( 0.000000000000000000, -0.000000000000000000, -1.000000000000000000 ) ) ;
#3913 = ORIENTED_EDGE ( 'NONE', *, *, #3633, .F. ) ;
#3914 = DIRECTION ( 'NONE',  ( 0.3103308818458658802, -0.9506286045416303399, -1.099385171488953013E-14 ) ) ;
#3915 = CARTESIAN_POINT ( 'NONE',  ( 0.000000000000000000, 5.999999999999999112, 7.000000000000000000 ) ) ;
#3916 = ORIENTED_EDGE ( 'NONE', *, *, #6970, .F. ) ;
#3917 = AXIS2_PLACEMENT_3D ( 'NONE', #7559, #4996, #4301 ) ;
#3918 = CARTESIAN_POINT ( 'NONE',  ( -1.943278095300658796E-15, 13.40000000000000213, 0.000000000000000000 ) ) ;
#3919 = ORIENTED_EDGE ( 'NONE', *, *, #4881, .T. ) ;
#3920 = FACE_OUTER_BOUND ( 'NONE', #7955, .T. ) ;
#3921 = B_SPLINE_CURVE_WITH_KNOTS ( 'NONE', 3,
 ( #3403, #2786, #5450, #4794, #7444, #800, #3487, #6148, #2192, #6232 ),
 .UNSPECIFIED., .F., .F.,
 ( 4, 2, 2, 2, 4 ),
 ( 0.000000000000000000, 0.0003162973803822047899, 0.0006325947607644095798, 0.0009488921411466143697, 0.001265189521528819160 ),
 .UNSPECIFIED. ) ;
#3922 = CARTESIAN_POINT ( 'NONE',  ( 14.82175755771306136, 13.22386408192063811, -8.303517041262486131 ) ) ;
#3923 = DIRECTION ( 'NONE',  ( -0.000000000000000000, -1.000000000000000000, -0.000000000000000000 ) ) ;
#3924 = DIRECTION ( 'NONE',  ( -0.000000000000000000, 1.000000000000000000, -0.000000000000000000 ) ) ;
#3925 = ORIENTED_EDGE ( 'NONE', *, *, #1243, .F. ) ;
#3926 = CARTESIAN_POINT ( 'NONE',  ( 8.581472475384849474, 8.015449931258261884, 13.03442487726322518 ) ) ;
#3927 = ORIENTED_EDGE ( 'NONE', *, *, #4334, .F. ) ;
#3928 = EDGE_CURVE ( 'NONE', #7085, #2336, #2948, .T. ) ;
#3929 = CARTESIAN_POINT ( 'NONE',  ( -8.749999999996358468, 11.19623204291929675, 13.90174206293384707 ) ) ;
#3930 = AXIS2_PLACEMENT_3D ( 'NONE', #8394, #2431, #5009 ) ;
#3931 = CARTESIAN_POINT ( 'NONE',  ( -8.749999999999998224, 12.49999999999999289, -14.41636719170869796 ) ) ;
#3932 = DIRECTION ( 'NONE',  ( 0.000000000000000000, -0.3103308818458435647, -0.9506286045416375563 ) ) ;
#3933 = PLANE ( 'NONE',  #5280 ) ;
#3934 = VECTOR ( 'NONE', #366, 1000.000000000000114 ) ;
#3935 = CARTESIAN_POINT ( 'NONE',  ( -10.00000000000000000, 12.49999999999999645, 0.000000000000000000 ) ) ;
#3936 = PLANE ( 'NONE',  #652 ) ;
#3937 = CARTESIAN_POINT ( 'NONE',  ( -8.975003248201142370, 12.45985342043207922, 14.78329181874944531 ) ) ;
#3938 = EDGE_CURVE ( 'NONE', #51, #1308, #8513, .T. ) ;
#3939 = ADVANCED_FACE ( 'NONE', ( #2613, #593 ), #3808, .T. ) ;
#3940 = CARTESIAN_POINT ( 'NONE',  ( 0.000000000000000000, 15.49999999999999645, 0.000000000000000000 ) ) ;
#3941 = CARTESIAN_POINT ( 'NONE',  ( 16.21482680482595029, 10.40693149282756025, 8.170569869917105876 ) ) ;
#3942 = CARTESIAN_POINT ( 'NONE',  ( 8.819152823647906203, 8.824648600449890523, 13.06826752149564719 ) ) ;
#3943 = FACE_OUTER_BOUND ( 'NONE', #4987, .T. ) ;
#3944 = CARTESIAN_POINT ( 'NONE',  ( 12.06401308320026899, 10.00004516124002407, 10.64979952082721404 ) ) ;
#3945 = FACE_OUTER_BOUND ( 'NONE', #5549, .T. ) ;
#3946 = EDGE_CURVE ( 'NONE', #4734, #7237, #4874, .T. ) ;
#3947 = ORIENTED_EDGE ( 'NONE', *, *, #7272, .T. ) ;
#3948 = CARTESIAN_POINT ( 'NONE',  ( -8.820728691657587106, 9.963278319209058154, -13.44711090423670719 ) ) ;
#3949 = VERTEX_POINT ( 'NONE', #6455 ) ;
#3950 = CARTESIAN_POINT ( 'NONE',  ( -8.822415896105759714, 11.20502593775931643, -13.85856564106478928 ) ) ;
#3951 = ORIENTED_EDGE ( 'NONE', *, *, #5573, .F. ) ;
#3952 = B_SPLINE_CURVE_WITH_KNOTS ( 'NONE', 3,
 ( #448, #5757, #5179, #1890, #5929, #5126 ),
 .UNSPECIFIED., .F., .F.,
 ( 4, 2, 4 ),
 ( 2.453269466693398698E-18, 0.0007155798112794647644, 0.001431159622558926927 ),
 .UNSPECIFIED. ) ;
#3953 = CARTESIAN_POINT ( 'NONE',  ( -13.24645046070144438, 7.765535921050171098, 8.178875444983455978 ) ) ;
#3954 = CONICAL_SURFACE ( 'NONE', #5771, 13.22499999999999964, 0.8215270139102243130 ) ;
#3955 = CYLINDRICAL_SURFACE ( 'NONE', #7210, 0.4999999999999994449 ) ;
#3956 = ADVANCED_FACE ( 'NONE', ( #466 ), #7950, .T. ) ;
#3957 = CARTESIAN_POINT ( 'NONE',  ( -8.726911407709497581, 12.70977119702113356, 14.75836589588114478 ) ) ;
#3958 = CARTESIAN_POINT ( 'NONE',  ( 8.415689302739695991E-16, 7.749999999999998224, 6.871931816258391557 ) ) ;
#3959 = ORIENTED_EDGE ( 'NONE', *, *, #1365, .F. ) ;
#3960 = DIRECTION ( 'NONE',  ( -0.000000000000000000, -0.000000000000000000, 1.000000000000000000 ) ) ;
#3961 = VERTEX_POINT ( 'NONE', #1159 ) ;
#3962 = CARTESIAN_POINT ( 'NONE',  ( 13.38936689147325154, 7.829358285703079012, -8.348159499710019915 ) ) ;
#3963 = ORIENTED_EDGE ( 'NONE', *, *, #1174, .T. ) ;
#3964 = CIRCLE ( 'NONE', #2697, 0.1499999999999996336 ) ;
#3965 = CARTESIAN_POINT ( 'NONE',  ( -8.292261264973964430, 7.579207985828338323, -13.61225263373930261 ) ) ;
#3966 = AXIS2_PLACEMENT_3D ( 'NONE', #2211, #3553, #4814 ) ;
#3967 = CARTESIAN_POINT ( 'NONE',  ( -13.49223810265147883, 7.765064157367547182, 8.175626459873132745 ) ) ;
#3968 = CARTESIAN_POINT ( 'NONE',  ( -11.71935328314379632, 9.500045161240020519, -10.82507142769025599 ) ) ;
#3969 = CARTESIAN_POINT ( 'NONE',  ( 14.41636719170869441, 12.49999999999999112, 8.900000000000000355 ) ) ;
#3970 = CARTESIAN_POINT ( 'NONE',  ( -12.93343952667112262, 8.421750684513044760, -8.818580449027139778 ) ) ;
#3971 = AXIS2_PLACEMENT_3D ( 'NONE', #6018, #5484, #8127 ) ;
#3972 = VECTOR ( 'NONE', #5419, 1000.000000000000227 ) ;
#3973 = ORIENTED_EDGE ( 'NONE', *, *, #6024, .F. ) ;
#3974 = CARTESIAN_POINT ( 'NONE',  ( 1.805118892895959893E-15, 6.999999999999998224, -14.73991435042947806 ) ) ;
#3975 = ORIENTED_EDGE ( 'NONE', *, *, #4563, .T. ) ;
#3976 = CARTESIAN_POINT ( 'NONE',  ( -14.39301247377906989, 12.79326703775322471, -8.796535021561574297 ) ) ;
#3977 = EDGE_LOOP ( 'NONE', ( #4203, #5398 ) ) ;
#3978 = EDGE_LOOP ( 'NONE', ( #8368, #4415, #7869, #973, #3707, #3550, #1527, #4505 ) ) ;
#3979 = CARTESIAN_POINT ( 'NONE',  ( -12.18701700614864336, 9.556067532809874976, 11.10550595785551309 ) ) ;
#3980 = DIRECTION ( 'NONE',  ( -0.000000000000000000, -1.000000000000000000, -0.000000000000000000 ) ) ;
#3981 = AXIS2_PLACEMENT_3D ( 'NONE', #1743, #1952, #4630 ) ;
#3982 = CIRCLE ( 'NONE', #8126, 15.43666455842805441 ) ;
#3983 = EDGE_CURVE ( 'NONE', #1057, #6966, #3369, .T. ) ;
#3984 = DIRECTION ( 'NONE',  ( -0.6813100476940173733, 0.2676438637860937275, -0.6813100476940190386 ) ) ;
#3985 = ORIENTED_EDGE ( 'NONE', *, *, #1434, .T. ) ;
#3986 = DIRECTION ( 'NONE',  ( -0.5134395285206155846, 1.316953709050160133E-12, -0.8581257778161240912 ) ) ;
#3987 = CARTESIAN_POINT ( 'NONE',  ( -13.61371495696925571, 7.578438292040894808, -8.289461878228499003 ) ) ;
#3988 = CIRCLE ( 'NONE', #4386, 0.4999999999999982236 ) ;
#3989 = DIRECTION ( 'NONE',  ( 0.000000000000000000, 1.000000000000000000, 2.168404344971010347E-16 ) ) ;
#3990 = DIRECTION ( 'NONE',  ( 0.000000000000000000, 0.000000000000000000, 1.000000000000000000 ) ) ;
#3991 = CARTESIAN_POINT ( 'NONE',  ( 13.03442487726319499, 8.015449931258395111, -8.581472475384954279 ) ) ;
#3992 = EDGE_LOOP ( 'NONE', ( #4629, #4212, #1364, #1198, #2392 ) ) ;
#3993 = EDGE_CURVE ( 'NONE', #6243, #1655, #2367, .T. ) ;
#3994 = EDGE_CURVE ( 'NONE', #5824, #6089, #1396, .T. ) ;
#3995 = CIRCLE ( 'NONE', #7318, 1.010151393566353528 ) ;
#3996 = CARTESIAN_POINT ( 'NONE',  ( -13.22499999999999787, 16.51447992314274771, -26.44999999999998508 ) ) ;
#3997 = DIRECTION ( 'NONE',  ( -0.7071067811865492381, 0.000000000000000000, 0.7071067811865457964 ) ) ;
#3998 = VERTEX_POINT ( 'NONE', #757 ) ;
#3999 = B_SPLINE_CURVE_WITH_KNOTS ( 'NONE', 3,
 ( #8336, #226, #2458, #4598, #5300, #7949, #1100, #1797, #4470, #1139 ),
 .UNSPECIFIED., .F., .F.,
 ( 4, 3, 3, 4 ),
 ( 0.000000000000000000, 0.0003000000167233684320, 0.001500001923805341190, 0.004212255759556306559 ),
 .UNSPECIFIED. ) ;
#4000 = CARTESIAN_POINT ( 'NONE',  ( 13.46309704045871491, 8.459853420432093429, -8.980199218265402905 ) ) ;
#4001 = ORIENTED_EDGE ( 'NONE', *, *, #8005, .F. ) ;
#4002 = CARTESIAN_POINT ( 'NONE',  ( -8.824077831548111206, 12.54014657956788703, -14.29338720761963977 ) ) ;
#4003 = ORIENTED_EDGE ( 'NONE', *, *, #5418, .T. ) ;
#4004 = ORIENTED_EDGE ( 'NONE', *, *, #6322, .T. ) ;
#4005 = EDGE_CURVE ( 'NONE', #6400, #5593, #2021, .T. ) ;
#4006 = CARTESIAN_POINT ( 'NONE',  ( -14.22591826066068244, 11.16497734891127003, 8.749999999999998224 ) ) ;
#4007 = CARTESIAN_POINT ( 'NONE',  ( -13.15863219267315287, 7.753036476072966643, 8.131584214301673441 ) ) ;
#4008 = CARTESIAN_POINT ( 'NONE',  ( 14.49568901432426316, 11.00000000000000000, -15.20279579551075955 ) ) ;
#4009 = CARTESIAN_POINT ( 'NONE',  ( 14.64564373570179434, 12.89326629832465443, 8.646345544355904522 ) ) ;
#4010 = FACE_OUTER_BOUND ( 'NONE', #1622, .T. ) ;
#4011 = ORIENTED_EDGE ( 'NONE', *, *, #5979, .T. ) ;
#4012 = CARTESIAN_POINT ( 'NONE',  ( 13.34286252986123245, 8.500000000000007105, -8.900000000000003908 ) ) ;
#4013 = ORIENTED_EDGE ( 'NONE', *, *, #3724, .F. ) ;
#4014 = CARTESIAN_POINT ( 'NONE',  ( 13.49223810265147350, 7.765064157367546294, -8.175626459873138074 ) ) ;
#4015 = ORIENTED_EDGE ( 'NONE', *, *, #5213, .T. ) ;
#4016 = CARTESIAN_POINT ( 'NONE',  ( 10.64979952082717318, 10.00004516124002407, 12.06401308320030807 ) ) ;
#4017 = EDGE_CURVE ( 'NONE', #2410, #7270, #2526, .T. ) ;
#4018 = CARTESIAN_POINT ( 'NONE',  ( 14.50115789294568813, 12.71644746103148371, -8.750000000000003553 ) ) ;
#4019 = CARTESIAN_POINT ( 'NONE',  ( -13.85856564109717581, 11.20502593774836342, -8.822415896047401063 ) ) ;
#4020 = LINE ( 'NONE', #1742, #3110 ) ;
#4021 = CARTESIAN_POINT ( 'NONE',  ( 7.932747726257776577, 13.44014657956791581, -15.08967093049028563 ) ) ;
#4022 = EDGE_LOOP ( 'NONE', ( #3985, #54, #446, #2889, #2281, #4484, #6770, #3697, #5335, #6519, #1082, #7922 ) ) ;
#4023 = B_SPLINE_CURVE_WITH_KNOTS ( 'NONE', 3,
 ( #6545, #3276, #6590, #5901, #8397, #3809 ),
 .UNSPECIFIED., .F., .F.,
 ( 4, 2, 4 ),
 ( 0.000000000000000000, 0.0008057386398456066901, 0.001611477279691213380 ),
 .UNSPECIFIED. ) ;
#4024 = ORIENTED_EDGE ( 'NONE', *, *, #3095, .T. ) ;
#4025 = CARTESIAN_POINT ( 'NONE',  ( -14.59230164900179538, 13.10715127519786627, -8.634679535677484807 ) ) ;
#4026 = CARTESIAN_POINT ( 'NONE',  ( 0.000000000000000000, 7.559853420432087745, 15.93329261678669262 ) ) ;
#4027 = DIRECTION ( 'NONE',  ( -0.000000000000000000, -1.000000000000000000, -0.000000000000000000 ) ) ;
#4028 = CARTESIAN_POINT ( 'NONE',  ( 14.90684508345317916, 12.41970336326912339, 8.750000000000001776 ) ) ;
#4029 = FACE_OUTER_BOUND ( 'NONE', #6608, .T. ) ;
#4030 = AXIS2_PLACEMENT_3D ( 'NONE', #4350, #7658, #7178 ) ;
#4031 = CARTESIAN_POINT ( 'NONE',  ( 10.00000000000000000, 12.49999999999999645, 1.224646799147353256E-15 ) ) ;
#4032 = CARTESIAN_POINT ( 'NONE',  ( -11.47663008544983221, 11.44399346511604421, -12.55831722805389106 ) ) ;
#4033 = EDGE_CURVE ( 'NONE', #2900, #7113, #1956, .T. ) ;
#4034 = FACE_OUTER_BOUND ( 'NONE', #5918, .T. ) ;
#4035 = FACE_OUTER_BOUND ( 'NONE', #6174, .T. ) ;
#4036 = CIRCLE ( 'NONE', #4715, 32.50000000000002132 ) ;
#4037 = DIRECTION ( 'NONE',  ( 0.000000000000000000, 0.000000000000000000, 1.000000000000000000 ) ) ;
#4038 = CARTESIAN_POINT ( 'NONE',  ( 8.980199218265404681, 8.459853420432093429, -13.46309704045871491 ) ) ;
#4039 = ADVANCED_FACE ( 'NONE', ( #1375 ), #2379, .T. ) ;
#4040 = DIRECTION ( 'NONE',  ( -0.5134395285208487314, 9.924072880788309323E-15, 0.8581257778159845362 ) ) ;
#4041 = CONICAL_SURFACE ( 'NONE', #1636, 18.00000000000000000, 0.2709468503384201976 ) ;
#4042 = EDGE_CURVE ( 'NONE', #592, #8026, #2783, .T. ) ;
#4043 = ORIENTED_EDGE ( 'NONE', *, *, #6801, .T. ) ;
#4044 = CARTESIAN_POINT ( 'NONE',  ( -12.26080551003167685, 11.00004516124001697, -10.84659194765862011 ) ) ;
#4045 = AXIS2_PLACEMENT_3D ( 'NONE', #826, #3513, #2770 ) ;
#4046 = DIRECTION ( 'NONE',  ( -1.000000000000000000, 0.000000000000000000, 0.000000000000000000 ) ) ;
#4047 = CARTESIAN_POINT ( 'NONE',  ( 14.93785075865104517, 13.17190922403024800, 8.384165596592570324 ) ) ;
#4048 = CARTESIAN_POINT ( 'NONE',  ( 0.000000000000000000, 7.749999999999998224, 0.000000000000000000 ) ) ;
#4049 = VERTEX_POINT ( 'NONE', #4026 ) ;
#4050 = EDGE_CURVE ( 'NONE', #7684, #5802, #6341, .T. ) ;
#4051 = CARTESIAN_POINT ( 'NONE',  ( 12.02172403916548049, 11.50004516124002052, 11.31461725797897699 ) ) ;
#4052 = EDGE_CURVE ( 'NONE', #2387, #3212, #2743, .T. ) ;
#4053 = CARTESIAN_POINT ( 'NONE',  ( -14.65974925560509590, 12.49999999999999289, 8.749999999999998224 ) ) ;
#4054 = CIRCLE ( 'NONE', #5152, 19.19999999999999929 ) ;
#4055 = VERTEX_POINT ( 'NONE', #8088 ) ;
#4056 = CARTESIAN_POINT ( 'NONE',  ( 15.01214076799336006, 12.93257252075677144, -8.848546614605357519 ) ) ;
#4057 = CARTESIAN_POINT ( 'NONE',  ( 11.01742794543693016, 10.00004516124002407, 12.43164150781006683 ) ) ;
#4058 = CYLINDRICAL_SURFACE ( 'NONE', #7202, 6.871931816258391557 ) ;
#4059 = FACE_OUTER_BOUND ( 'NONE', #2908, .T. ) ;
#4060 = EDGE_CURVE ( 'NONE', #7093, #5740, #4184, .T. ) ;
#4061 = CARTESIAN_POINT ( 'NONE',  ( -14.55090368015224378, 12.94493209210319229, -8.616242408257788199 ) ) ;
#4062 = CARTESIAN_POINT ( 'NONE',  ( -8.794315985925393875, 8.298496373073385612, -12.90857847512210377 ) ) ;
#4063 = CIRCLE ( 'NONE', #270, 0.1499999999999996059 ) ;
#4064 =( BOUNDED_SURFACE ( )  B_SPLINE_SURFACE ( 3, 2, ( 
 ( #2041, #5347, #129 ),
 ( #2807, #1324, #2132 ),
 ( #3957, #700, #7297 ),
 ( #7423, #47, #6615 ),
 ( #8112, #4123, #3423 ),
 ( #8030, #1439, #2083 ),
 ( #621, #7951, #7343 ),
 ( #659, #3295, #7994 ) ),
 .UNSPECIFIED., .F., .F., .F. ) 
 B_SPLINE_SURFACE_WITH_KNOTS ( ( 4, 2, 2, 4 ),
 ( 3, 3 ),
 ( 2.728557397385644734E-15, 0.0004036688787810572936, 0.0008073377575593859755, 0.001614675515116043448 ),
 ( 0.000000000000000000, 1.000000000000000000 ),
 .UNSPECIFIED. ) 
 GEOMETRIC_REPRESENTATION_ITEM ( )  RATIONAL_B_SPLINE_SURFACE ( (
 ( 1.000000000000000000, 0.4999891725452149105, 1.000000000000000000),
 ( 1.000000000000000000, 0.5197078490998011668, 1.000000000000000000),
 ( 1.000000000000000000, 0.5456012001871023420, 1.000000000000000000),
 ( 1.000000000000000000, 0.5997498632864243229, 1.000000000000000000),
 ( 1.000000000000000000, 0.6280861849766838922, 1.000000000000000000),
 ( 1.000000000000000000, 0.7090358915271502971, 1.000000000000000000),
 ( 1.000000000000000000, 0.7588536844507223211, 1.000000000000000000),
 ( 1.000000000000000000, 0.7961293436954813840, 1.000000000000000000) ) ) 
 REPRESENTATION_ITEM ( '' )  SURFACE ( )  );
#4065 = CARTESIAN_POINT ( 'NONE',  ( 12.06400419551797221, 10.00000000000000355, -10.64979063314483554 ) ) ;
#4066 = EDGE_LOOP ( 'NONE', ( #6535, #3913 ) ) ;
#4067 = CARTESIAN_POINT ( 'NONE',  ( -15.01125074294661133, 12.93124426990623022, 8.849327263209511685 ) ) ;
#4068 = CARTESIAN_POINT ( 'NONE',  ( -3.480102169636833054, 15.49999999999999289, -8.523791965503013063E-16 ) ) ;
#4069 = ORIENTED_EDGE ( 'NONE', *, *, #8274, .F. ) ;
#4070 = CARTESIAN_POINT ( 'NONE',  ( -14.96281149415019307, 12.60732535744135063, -8.756385657214849516 ) ) ;
#4071 = DIRECTION ( 'NONE',  ( 0.000000000000000000, 1.000000000000000000, -0.000000000000000000 ) ) ;
#4072 = DIRECTION ( 'NONE',  ( 0.000000000000000000, -0.1927358361364415740, 0.9812506802386363747 ) ) ;
#4073 = AXIS2_PLACEMENT_3D ( 'NONE', #6412, #1727, #3009 ) ;
#4074 = CARTESIAN_POINT ( 'NONE',  ( -13.73145128284950722, 10.82149271643175759, 8.821893311781108693 ) ) ;
#4075 = CARTESIAN_POINT ( 'NONE',  ( 0.000000000000000000, 6.732356136213907938, 0.000000000000000000 ) ) ;
#4076 = DATE_AND_TIME ( #7375, #8139 ) ;
#4077 = AXIS2_PLACEMENT_3D ( 'NONE', #6401, #1757, #5759 ) ;
#4078 = CARTESIAN_POINT ( 'NONE',  ( -14.65974925560514208, 12.49999999999998224, -8.750000000000001776 ) ) ;
#4079 = ORIENTED_EDGE ( 'NONE', *, *, #6062, .F. ) ;
#4080 = CARTESIAN_POINT ( 'NONE',  ( 15.21759819039019135, 13.40000000000000213, -7.999999999999994671 ) ) ;
#4081 = EDGE_CURVE ( 'NONE', #7170, #5012, #5033, .T. ) ;
#4082 = CARTESIAN_POINT ( 'NONE',  ( 14.94020683378390579, 13.15837493937029201, 8.371546015299802690 ) ) ;
#4083 = DIRECTION ( 'NONE',  ( 0.000000000000000000, 1.000000000000000000, -0.000000000000000000 ) ) ;
#4084 = EDGE_LOOP ( 'NONE', ( #7179, #7199, #1120, #4860, #5095 ) ) ;
#4085 = CARTESIAN_POINT ( 'NONE',  ( 8.504546712586291690, 7.659778423025058736, -13.50710666390389925 ) ) ;
#4086 = CARTESIAN_POINT ( 'NONE',  ( -8.822260737903235395, 11.11450008719849691, 13.82698582278499444 ) ) ;
#4087 = EDGE_LOOP ( 'NONE', ( #3708, #2469, #1322, #8579 ) ) ;
#4088 = PLANE ( 'NONE',  #291 ) ;
#4089 = ORIENTED_EDGE ( 'NONE', *, *, #6391, .T. ) ;
#4090 = CARTESIAN_POINT ( 'NONE',  ( 15.17567671707624477, 13.17178046006660708, -8.384452665209639832 ) ) ;
#4091 = ADVANCED_FACE ( 'NONE', ( #3484 ), #6021, .T. ) ;
#4092 = CARTESIAN_POINT ( 'NONE',  ( -8.196265702868112513, 7.762452139263563033, 13.72951559249978182 ) ) ;
#4093 = EDGE_CURVE ( 'NONE', #2586, #1855, #1817, .T. ) ;
#4094 = PLANE ( 'NONE',  #1011 ) ;
#4095 = CARTESIAN_POINT ( 'NONE',  ( -12.93330724439604218, 8.421355707417871983, 8.818579885930120099 ) ) ;
#4096 = ORIENTED_EDGE ( 'NONE', *, *, #3845, .F. ) ;
#4097 = CIRCLE ( 'NONE', #4226, 7.000000000000000000 ) ;
#4098 = AXIS2_PLACEMENT_3D ( 'NONE', #8276, #6250, #2302 ) ;
#4099 = DIRECTION ( 'NONE',  ( 0.000000000000000000, 0.000000000000000000, 1.000000000000000000 ) ) ;
#4100 = ORIENTED_EDGE ( 'NONE', *, *, #3338, .T. ) ;
#4101 = CARTESIAN_POINT ( 'NONE',  ( -12.64465698938833427, 11.25727332716192564, -11.30375429289108347 ) ) ;
#4102 = EDGE_CURVE ( 'NONE', #4370, #1960, #2600, .T. ) ;
#4103 = AXIS2_PLACEMENT_3D ( 'NONE', #5362, #2018, #4700 ) ;
#4104 = VECTOR ( 'NONE', #4971, 1000.000000000000000 ) ;
#4105 = CARTESIAN_POINT ( 'NONE',  ( 14.49568901432426671, 11.50000000000000000, -15.20279579551075777 ) ) ;
#4106 = DIRECTION ( 'NONE',  ( 0.000000000000000000, -0.000000000000000000, -1.000000000000000000 ) ) ;
#4107 = CARTESIAN_POINT ( 'NONE',  ( 8.301671051121973122, 13.22522082679450328, -14.82325153663389905 ) ) ;
#4108 = ORIENTED_EDGE ( 'NONE', *, *, #1397, .F. ) ;
#4109 = CARTESIAN_POINT ( 'NONE',  ( -15.11227796496337383, 12.89244915111796530, -8.655066868122277768 ) ) ;
#4110 = DIRECTION ( 'NONE',  ( 0.000000000000000000, 0.000000000000000000, 1.000000000000000000 ) ) ;
#4111 = AXIS2_PLACEMENT_3D ( 'NONE', #7275, #2396, #5991 ) ;
#4112 = CYLINDRICAL_SURFACE ( 'NONE', #1114, 0.4999999999999994449 ) ;
#4113 = CIRCLE ( 'NONE', #2395, 16.50885860889252754 ) ;
#4114 = CARTESIAN_POINT ( 'NONE',  ( 15.43046864966726694, 13.23519160841691544, 8.280077948702382784 ) ) ;
#4115 = ADVANCED_FACE ( 'NONE', ( #2872 ), #4716, .T. ) ;
#4116 = CARTESIAN_POINT ( 'NONE',  ( 9.334174402100213547E-16, 7.874999999999998224, -7.621931816258390668 ) ) ;
#4117 = CARTESIAN_POINT ( 'NONE',  ( 8.089486343373344823, 7.750000000000000888, 13.30637223668988511 ) ) ;
#4118 = DATE_TIME_ROLE ( 'creation_date' ) ;
#4119 = FACE_OUTER_BOUND ( 'NONE', #7796, .T. ) ;
#4120 = VECTOR ( 'NONE', #4947, 1000.000000000000000 ) ;
#4121 = CARTESIAN_POINT ( 'NONE',  ( 10.84659194765857748, 11.00004516124001697, 12.26080551003171237 ) ) ;
#4122 = CARTESIAN_POINT ( 'NONE',  ( -13.09261806874823186, 8.500000000000007105, 8.749999999999998224 ) ) ;
#4123 = CARTESIAN_POINT ( 'NONE',  ( -8.655066868122286650, 12.89244915111818379, 15.11227796496360298 ) ) ;
#4124 = CARTESIAN_POINT ( 'NONE',  ( -7.999999999999996447, 12.49999999999999822, -21.00000000000002132 ) ) ;
#4125 = VERTEX_POINT ( 'NONE', #2231 ) ;
#4126 = CARTESIAN_POINT ( 'NONE',  ( 8.511068465226669488, 7.939250728022270387, -13.59507296107141983 ) ) ;
#4127 = CARTESIAN_POINT ( 'NONE',  ( 13.27793572838416125, 8.297074742545763826, -8.729593321320171739 ) ) ;
#4128 = EDGE_CURVE ( 'NONE', #8317, #8398, #838, .T. ) ;
#4129 = ORIENTED_EDGE ( 'NONE', *, *, #4941, .F. ) ;
#4130 = CARTESIAN_POINT ( 'NONE',  ( 3.480102169636833054, 15.49999999999999289, 4.261895982751506532E-16 ) ) ;
#4131 = CARTESIAN_POINT ( 'NONE',  ( 15.17548134314706942, 13.17098366760218831, 8.384224159618115735 ) ) ;
#4132 = FACE_OUTER_BOUND ( 'NONE', #2351, .T. ) ;
#4133 = CARTESIAN_POINT ( 'NONE',  ( -8.980362733744209791, 8.342133252336099147, 13.42368093700190812 ) ) ;
#4134 = B_SPLINE_CURVE_WITH_KNOTS ( 'NONE', 3,
 ( #913, #356, #4333, #2270, #6302, #3608, #4171, #6259, #6955, #5031 ),
 .UNSPECIFIED., .F., .F.,
 ( 4, 2, 2, 2, 4 ),
 ( 0.000000000000000000, 0.0003725217699890793935, 0.0007450435399781587869, 0.001117565309967238126, 0.001490087079956317574 ),
 .UNSPECIFIED. ) ;
#4135 = DIRECTION ( 'NONE',  ( 0.000000000000000000, -1.000000000000000000, 0.000000000000000000 ) ) ;
#4136 = CARTESIAN_POINT ( 'NONE',  ( 13.24645046070109977, 7.765535921050397583, -8.178875444984308629 ) ) ;
#4137 = CARTESIAN_POINT ( 'NONE',  ( -13.22499999999999964, 15.49999999999999289, 0.000000000000000000 ) ) ;
#4138 = ADVANCED_FACE ( 'NONE', ( #2959 ), #3755, .F. ) ;
#4139 = EDGE_LOOP ( 'NONE', ( #8130, #2919, #5295, #2608 ) ) ;
#4140 = EDGE_CURVE ( 'NONE', #4423, #6256, #7400, .T. ) ;
#4141 = CARTESIAN_POINT ( 'NONE',  ( 1.729437859655800804E-15, 8.249999999999998224, 14.12193181625839244 ) ) ;
#4142 = CARTESIAN_POINT ( 'NONE',  ( 0.000000000000000000, 7.749999999999998224, 0.000000000000000000 ) ) ;
#4143 = CARTESIAN_POINT ( 'NONE',  ( 11.79130029574148608, 11.02926921297726004, 13.20551385800673927 ) ) ;
#4144 = CARTESIAN_POINT ( 'NONE',  ( -7.999999999999991118, 7.750000000000001776, -21.00000000000002132 ) ) ;
#4145 = CARTESIAN_POINT ( 'NONE',  ( -13.73654834780745659, 7.559853420432087745, -8.073230648290536493 ) ) ;
#4146 = ORIENTED_EDGE ( 'NONE', *, *, #2914, .F. ) ;
#4147 = LINE ( 'NONE', #5375, #7932 ) ;
#4148 = VERTEX_POINT ( 'NONE', #5620 ) ;
#4149 = EDGE_CURVE ( 'NONE', #3907, #5276, #5321, .T. ) ;
#4150 = CARTESIAN_POINT ( 'NONE',  ( 11.01741905881397976, 10.00000000000000355, -12.43163262118703472 ) ) ;
#4151 = CARTESIAN_POINT ( 'NONE',  ( 12.67518377222928549, 11.02926921300074170, 12.32163038152816625 ) ) ;
#4152 = CARTESIAN_POINT ( 'NONE',  ( 0.000000000000000000, 15.42678132618368458, 0.000000000000000000 ) ) ;
#4153 = DIRECTION ( 'NONE',  ( 1.000000000000000000, 0.000000000000000000, 0.000000000000000000 ) ) ;
#4154 = DIRECTION ( 'NONE',  ( 0.000000000000000000, 0.000000000000000000, 1.000000000000000000 ) ) ;
#4155 = ADVANCED_FACE ( 'NONE', ( #8294 ), #8085, .F. ) ;
#4156 = EDGE_LOOP ( 'NONE', ( #507, #2670, #1014, #7736 ) ) ;
#4157 = AXIS2_PLACEMENT_3D ( 'NONE', #2880, #2242, #4926 ) ;
#4158 = ORIENTED_EDGE ( 'NONE', *, *, #7657, .T. ) ;
#4159 =( BOUNDED_SURFACE ( )  B_SPLINE_SURFACE ( 3, 2, ( 
 ( #7083, #5925, #4599 ),
 ( #3872, #7124, #8543 ),
 ( #5842, #1140, #3833 ),
 ( #532, #6486, #7247 ) ),
 .UNSPECIFIED., .F., .F., .F. ) 
 B_SPLINE_SURFACE_WITH_KNOTS ( ( 4, 4 ),
 ( 3, 3 ),
 ( 0.000000000000000000, 0.004213349230782857148 ),
 ( 0.000000000000000000, 1.000000000000000000 ),
 .UNSPECIFIED. ) 
 GEOMETRIC_REPRESENTATION_ITEM ( )  RATIONAL_B_SPLINE_SURFACE ( (
 ( 1.000000000000000000, 0.8779725897198040752, 1.000000000000000000),
 ( 1.000000000000000000, 0.8743696232020928827, 1.000000000000000000),
 ( 1.000000000000000000, 0.8709903080357486171, 1.000000000000000000),
 ( 1.000000000000000000, 0.8677983030863921643, 1.000000000000000000) ) ) 
 REPRESENTATION_ITEM ( '' )  SURFACE ( )  );
#4160 = CARTESIAN_POINT ( 'NONE',  ( 15.08470218096662308, 13.23016386911116626, 8.195869156634232766 ) ) ;
#4161 = CARTESIAN_POINT ( 'NONE',  ( -12.91209045082907991, 7.969149218854764349, -8.625916490643751544 ) ) ;
#4162 = VECTOR ( 'NONE', #4835, 1000.000000000000000 ) ;
#4163 = CARTESIAN_POINT ( 'NONE',  ( -12.02172403916548049, 11.50004516124002052, -11.31461725797897699 ) ) ;
#4164 = DIRECTION ( 'NONE',  ( 0.000000000000000000, 0.1927358361364429895, -0.9812506802386361526 ) ) ;
#4165 = CARTESIAN_POINT ( 'NONE',  ( 15.20279579551080928, 10.00000000000000000, -14.49568901432421164 ) ) ;
#4166 = ORIENTED_EDGE ( 'NONE', *, *, #1609, .T. ) ;
#4167 = EDGE_CURVE ( 'NONE', #2218, #6268, #7114, .T. ) ;
#4168 = DIRECTION ( 'NONE',  ( -0.000000000000000000, -1.000000000000000000, -0.000000000000000000 ) ) ;
#4169 = ORIENTED_EDGE ( 'NONE', *, *, #3445, .F. ) ;
#4170 = ORIENTED_EDGE ( 'NONE', *, *, #4245, .T. ) ;
#4171 = CARTESIAN_POINT ( 'NONE',  ( 8.502497236551512572, 7.658913016980585908, 13.50809912006191560 ) ) ;
#4172 = CIRCLE ( 'NONE', #389, 14.73991435042947273 ) ;
#4173 = CARTESIAN_POINT ( 'NONE',  ( 15.45436513615941543, 13.35985333796833352, -8.309238646696595509 ) ) ;
#4174 = CARTESIAN_POINT ( 'NONE',  ( -8.980199218265395800, 8.459853420432091653, -13.46309704045871847 ) ) ;
#4175 = CC_DESIGN_PERSON_AND_ORGANIZATION_ASSIGNMENT ( #2253, #6335, ( #6350 ) ) ;
#4176 = CARTESIAN_POINT ( 'NONE',  ( 8.369480037189145349, 13.07952725159960394, 17.06581140645597827 ) ) ;
#4177 = CARTESIAN_POINT ( 'NONE',  ( 12.93360325590131232, 8.422239567526597526, -8.818581150699214888 ) ) ;
#4178 = ORIENTED_EDGE ( 'NONE', *, *, #6541, .T. ) ;
#4179 = AXIS2_PLACEMENT_3D ( 'NONE', #6476, #5874, #3908 ) ;
#4180 = VERTEX_POINT ( 'NONE', #3711 ) ;
#4181 = DIRECTION ( 'NONE',  ( 0.7071067811865483499, 0.000000000000000000, -0.7071067811865465735 ) ) ;
#4182 = ORIENTED_EDGE ( 'NONE', *, *, #3338, .F. ) ;
#4183 = CARTESIAN_POINT ( 'NONE',  ( 0.000000000000000000, 7.600000000000001421, -15.78876493034220374 ) ) ;
#4184 = LINE ( 'NONE', #4663, #4895 ) ;
#4185 = CIRCLE ( 'NONE', #8475, 19.39999999999999503 ) ;
#4186 = EDGE_CURVE ( 'NONE', #7731, #7529, #7519, .T. ) ;
#4187 = CARTESIAN_POINT ( 'NONE',  ( 8.750000000000003553, 8.500000000000007105, 13.09261806874822653 ) ) ;
#4188 = CARTESIAN_POINT ( 'NONE',  ( 8.195869156634257635, 13.23016386911116982, -15.08470218096661419 ) ) ;
#4189 = CARTESIAN_POINT ( 'NONE',  ( 12.51242637195371898, 10.57427464456438138, 12.15887298123881521 ) ) ;
#4190 = LINE ( 'NONE', #5583, #6544 ) ;
#4191 = CARTESIAN_POINT ( 'NONE',  ( 0.000000000000000000, 7.749999999999998224, 0.000000000000000000 ) ) ;
#4192 = ORIENTED_EDGE ( 'NONE', *, *, #8135, .F. ) ;
#4193 = CARTESIAN_POINT ( 'NONE',  ( -8.976292384117398271, 11.41421181137222796, -14.44177515264979483 ) ) ;
#4194 = DIRECTION ( 'NONE',  ( -0.7071067811865463515, -0.000000000000000000, -0.7071067811865487940 ) ) ;
#4195 = FACE_OUTER_BOUND ( 'NONE', #122, .T. ) ;
#4196 = VECTOR ( 'NONE', #783, 1000.000000000000000 ) ;
#4197 = ADVANCED_FACE ( 'NONE', ( #5712 ), #143, .F. ) ;
#4198 = DIRECTION ( 'NONE',  ( 0.000000000000000000, -1.000000000000000000, 0.000000000000000000 ) ) ;
#4199 = EDGE_CURVE ( 'NONE', #5652, #7529, #2370, .T. ) ;
#4200 = ORIENTED_EDGE ( 'NONE', *, *, #4506, .T. ) ;
#4201 = CARTESIAN_POINT ( 'NONE',  ( 7.999999999999998224, 13.25000000000000178, 15.45172114225276339 ) ) ;
#4202 = CARTESIAN_POINT ( 'NONE',  ( -13.37062271443167916, 7.600000000000001421, -7.999999999999994671 ) ) ;
#4203 = ORIENTED_EDGE ( 'NONE', *, *, #3735, .T. ) ;
#4204 = CIRCLE ( 'NONE', #4481, 15.58119224487254328 ) ;
#4205 = ORIENTED_EDGE ( 'NONE', *, *, #71, .T. ) ;
#4206 = LINE ( 'NONE', #734, #6188 ) ;
#4207 = EDGE_CURVE ( 'NONE', #6163, #8117, #3131, .T. ) ;
#4208 = CARTESIAN_POINT ( 'NONE',  ( -8.347244453591306623, 7.828793847273427531, -13.14403170858762415 ) ) ;
#4209 = VECTOR ( 'NONE', #1405, 1000.000000000000000 ) ;
#4210 = CARTESIAN_POINT ( 'NONE',  ( -7.999999999999991118, 7.750000000000001776, 13.37062271443168271 ) ) ;
#4211 = FACE_OUTER_BOUND ( 'NONE', #1612, .T. ) ;
#4212 = ORIENTED_EDGE ( 'NONE', *, *, #4093, .T. ) ;
#4213 = CARTESIAN_POINT ( 'NONE',  ( 8.653152821387616100, 8.124963849328155518, -13.56807905062070319 ) ) ;
#4214 = CARTESIAN_POINT ( 'NONE',  ( -13.14411714072074844, 7.828879300272219233, -8.347163094220972468 ) ) ;
#4215 = ORIENTED_EDGE ( 'NONE', *, *, #4402, .T. ) ;
#4216 = CARTESIAN_POINT ( 'NONE',  ( -11.01741905881397621, 10.00000000000000355, 12.43163262118703472 ) ) ;
#4217 = CARTESIAN_POINT ( 'NONE',  ( -11.62870035885071296, 9.500045161240020519, -10.92159357766420769 ) ) ;
#4218 = CARTESIAN_POINT ( 'NONE',  ( -7.999999999999991118, 13.25000000000000000, 15.21759819039019845 ) ) ;
#4219 = EDGE_CURVE ( 'NONE', #1967, #1045, #189, .T. ) ;
#4220 = CARTESIAN_POINT ( 'NONE',  ( -13.28177415231852976, 8.022202079329719737, -8.586732263547371957 ) ) ;
#4221 = CARTESIAN_POINT ( 'NONE',  ( 0.000000000000000000, 6.866178068106953525, 0.000000000000000000 ) ) ;
#4222 = DIRECTION ( 'NONE',  ( 0.000000000000000000, 0.000000000000000000, 1.000000000000000000 ) ) ;
#4223 = ORIENTED_EDGE ( 'NONE', *, *, #6344, .F. ) ;
#4224 = CARTESIAN_POINT ( 'NONE',  ( 13.50710666390379089, 7.659778423024986793, 8.504546712586421364 ) ) ;
#4225 = DIRECTION ( 'NONE',  ( 0.000000000000000000, -2.168404344971010347E-16, 1.000000000000000000 ) ) ;
#4226 = AXIS2_PLACEMENT_3D ( 'NONE', #3454, #772, #6852 ) ;
#4227 = CARTESIAN_POINT ( 'NONE',  ( 8.979008442493276121, 9.317154316690073657, 13.75014605625137598 ) ) ;
#4228 = CARTESIAN_POINT ( 'NONE',  ( 0.000000000000000000, 6.866178068106953525, 0.000000000000000000 ) ) ;
#4229 = FACE_OUTER_BOUND ( 'NONE', #742, .T. ) ;
#4230 = CARTESIAN_POINT ( 'NONE',  ( 12.26080551003167685, 11.00004516124001697, 10.84659194765861834 ) ) ;
#4231 = CARTESIAN_POINT ( 'NONE',  ( -8.702105931062188660, 13.01071336698204739, 14.52076150044017311 ) ) ;
#4232 = B_SPLINE_CURVE_WITH_KNOTS ( 'NONE', 3,
 ( #153, #2833, #5499, #2923, #4967, #4230 ),
 .UNSPECIFIED., .F., .F.,
 ( 4, 2, 4 ),
 ( 0.0007962207993994090171, 0.001195811605096525586, 0.001595402410793642263 ),
 .UNSPECIFIED. ) ;
#4233 = EDGE_CURVE ( 'NONE', #5351, #2717, #4560, .T. ) ;
#4234 = CIRCLE ( 'NONE', #35, 0.1500000000000005218 ) ;
#4235 = VECTOR ( 'NONE', #5119, 1000.000000000000227 ) ;
#4236 = CARTESIAN_POINT ( 'NONE',  ( 11.99581516010199778, 9.500045161240020519, 11.28870837891549428 ) ) ;
#4237 = CARTESIAN_POINT ( 'NONE',  ( 8.604845321337972308, 7.720450260220345307, -13.46321776612804832 ) ) ;
#4238 = FACE_BOUND ( 'NONE', #1467, .T. ) ;
#4239 = AXIS2_PLACEMENT_3D ( 'NONE', #7472, #6752, #1492 ) ;
#4240 = AXIS2_PLACEMENT_3D ( 'NONE', #1637, #4888, #6329 ) ;
#4241 = CARTESIAN_POINT ( 'NONE',  ( -18.19999999999999929, 15.49999999999999289, 0.000000000000000000 ) ) ;
#4242 = ORIENTED_EDGE ( 'NONE', *, *, #6914, .F. ) ;
#4243 = ADVANCED_FACE ( 'NONE', ( #3920, #5888 ), #4524, .T. ) ;
#4244 = ORIENTED_EDGE ( 'NONE', *, *, #5634, .T. ) ;
#4245 = EDGE_CURVE ( 'NONE', #6567, #7989, #7960, .T. ) ;
#4246 = VECTOR ( 'NONE', #3601, 1000.000000000000000 ) ;
#4247 = CARTESIAN_POINT ( 'NONE',  ( -12.97309164460349251, 8.540146579567922558, 8.818749239510209392 ) ) ;
#4248 = LINE ( 'NONE', #5974, #7004 ) ;
#4249 = DIRECTION ( 'NONE',  ( 0.4653245021537859016, 0.000000000000000000, -0.8851401627399647642 ) ) ;
#4250 = DIRECTION ( 'NONE',  ( 0.000000000000000000, -0.000000000000000000, -1.000000000000000000 ) ) ;
#4251 = ORIENTED_EDGE ( 'NONE', *, *, #4411, .T. ) ;
#4252 = LINE ( 'NONE', #172, #253 ) ;
#4253 = AXIS2_PLACEMENT_3D ( 'NONE', #3795, #3125, #8289 ) ;
#4254 = ORIENTED_EDGE ( 'NONE', *, *, #4891, .F. ) ;
#4255 = ORIENTED_EDGE ( 'NONE', *, *, #8168, .F. ) ;
#4256 = EDGE_CURVE ( 'NONE', #5645, #583, #7403, .T. ) ;
#4257 = DIRECTION ( 'NONE',  ( 0.000000000000000000, 0.000000000000000000, -1.000000000000000000 ) ) ;
#4258 = CARTESIAN_POINT ( 'NONE',  ( -8.653152821387607219, 8.124963849328155518, 13.56807905062059483 ) ) ;
#4259 = CARTESIAN_POINT ( 'NONE',  ( -8.980364904031471696, 8.340567691685635054, -13.42315674506857270 ) ) ;
#4260 = FACE_OUTER_BOUND ( 'NONE', #241, .T. ) ;
#4261 = ORIENTED_EDGE ( 'NONE', *, *, #7166, .T. ) ;
#4262 = EDGE_LOOP ( 'NONE', ( #346, #217, #3796, #6876 ) ) ;
#4263 = CARTESIAN_POINT ( 'NONE',  ( -7.925793772813721105, 7.640146579567915985, 13.24659978108555869 ) ) ;
#4264 = EDGE_LOOP ( 'NONE', ( #6131, #825, #796, #3947 ) ) ;
#4265 = ADVANCED_FACE ( 'NONE', ( #7089 ), #410, .F. ) ;
#4266 = CARTESIAN_POINT ( 'NONE',  ( 13.28177415231853153, 8.022202079329719737, 8.586732263547368404 ) ) ;
#4267 = CARTESIAN_POINT ( 'NONE',  ( 14.69031243246425511, 12.17462593492673939, -8.975351360192437511 ) ) ;
#4268 = FACE_OUTER_BOUND ( 'NONE', #7348, .T. ) ;
#4269 = VERTEX_POINT ( 'NONE', #8381 ) ;
#4270 = DIRECTION ( 'NONE',  ( -0.7071067811865463515, -0.000000000000000000, -0.7071067811865487940 ) ) ;
#4271 = DIRECTION ( 'NONE',  ( -8.881784197001252323E-16, 0.000000000000000000, -1.000000000000000000 ) ) ;
#4272 = CARTESIAN_POINT ( 'NONE',  ( 1.239579139996859619E-15, 7.749999999999998224, -10.12193181625839067 ) ) ;
#4273 = DIRECTION ( 'NONE',  ( -1.000000000000000000, -1.084202172485505174E-16, 0.000000000000000000 ) ) ;
#4274 = CARTESIAN_POINT ( 'NONE',  ( 7.941461297367355066, 7.749999999999997335, -13.27278535104500712 ) ) ;
#4275 = ORIENTED_EDGE ( 'NONE', *, *, #3528, .F. ) ;
#4276 = CARTESIAN_POINT ( 'NONE',  ( -8.582864541850714346, 8.017110206000817030, -13.28280534543352331 ) ) ;
#4277 = EDGE_CURVE ( 'NONE', #5019, #718, #6529, .T. ) ;
#4278 = CARTESIAN_POINT ( 'NONE',  ( 0.000000000000000000, 15.42678132618368458, 0.000000000000000000 ) ) ;
#4279 = COORDINATED_UNIVERSAL_TIME_OFFSET ( 1, 0, .AHEAD. ) ;
#4280 = DIRECTION ( 'NONE',  ( 0.000000000000000000, 0.000000000000000000, 1.000000000000000000 ) ) ;
#4281 = EDGE_LOOP ( 'NONE', ( #1486, #3157, #732, #8283 ) ) ;
#4282 = LINE ( 'NONE', #3901, #5915 ) ;
#4283 = DIRECTION ( 'NONE',  ( -0.8851401627399688721, -1.023648946556631152E-14, -0.4653245021537783521 ) ) ;
#4284 = CARTESIAN_POINT ( 'NONE',  ( -13.34286252986130172, 8.499999999999987566, 8.749999999999998224 ) ) ;
#4285 = EDGE_CURVE ( 'NONE', #1039, #293, #2094, .T. ) ;
#4286 = DIRECTION ( 'NONE',  ( 0.000000000000000000, 0.6811039424772868944, 0.7321867381630841054 ) ) ;
#4287 = CARTESIAN_POINT ( 'NONE',  ( 14.65974925560509590, 12.49999999999999289, 8.749999999999998224 ) ) ;
#4288 = VERTEX_POINT ( 'NONE', #8549 ) ;
#4289 = CARTESIAN_POINT ( 'NONE',  ( 12.01693338809935163, 9.851636212332532949, 12.37048677855031542 ) ) ;
#4290 = AXIS2_PLACEMENT_3D ( 'NONE', #6592, #4706, #7323 ) ;
#4291 = ORIENTED_EDGE ( 'NONE', *, *, #5751, .F. ) ;
#4292 = DIRECTION ( 'NONE',  ( -1.000000000000000000, -1.084202172485505174E-16, 0.000000000000000000 ) ) ;
#4293 = CARTESIAN_POINT ( 'NONE',  ( -13.61225263373925642, 7.579207985828353422, 8.292261264974046142 ) ) ;
#4294 = AXIS2_PLACEMENT_3D ( 'NONE', #2274, #961, #4385 ) ;
#4295 = PLANE ( 'NONE',  #2118 ) ;
#4296 = EDGE_CURVE ( 'NONE', #431, #4734, #2489, .T. ) ;
#4297 = ADVANCED_FACE ( 'NONE', ( #1107 ), #5613, .T. ) ;
#4298 = CARTESIAN_POINT ( 'NONE',  ( -8.857264871895802472, 7.989979565696344821, -13.38812192085653940 ) ) ;
#4299 = CARTESIAN_POINT ( 'NONE',  ( -13.05257714036895322, 8.400656771591341609, 8.749999999999998224 ) ) ;
#4300 = ORIENTED_EDGE ( 'NONE', *, *, #1495, .F. ) ;
#4301 = DIRECTION ( 'NONE',  ( 0.000000000000000000, 0.000000000000000000, 1.000000000000000000 ) ) ;
#4302 = AXIS2_PLACEMENT_3D ( 'NONE', #4791, #3980, #1292 ) ;
#4303 = ORIENTED_EDGE ( 'NONE', *, *, #4102, .T. ) ;
#4304 = DIRECTION ( 'NONE',  ( 0.5134395285208487314, 9.924072880788309323E-15, -0.8581257778159845362 ) ) ;
#4305 = CIRCLE ( 'NONE', #1642, 4.999999999999985789 ) ;
#4306 = CARTESIAN_POINT ( 'NONE',  ( 13.58084498391618666, 8.327678053776459421, -8.738194191193240812 ) ) ;
#4307 = EDGE_CURVE ( 'NONE', #7197, #2978, #2140, .T. ) ;
#4308 = CARTESIAN_POINT ( 'NONE',  ( -11.19247900580569599, 9.500000000000000000, 12.08635495460397280 ) ) ;
#4309 = ORIENTED_EDGE ( 'NONE', *, *, #382, .F. ) ;
#4310 = CARTESIAN_POINT ( 'NONE',  ( 15.30138167409437422, 13.26516569961199821, 8.532180665313026324 ) ) ;
#4311 = CARTESIAN_POINT ( 'NONE',  ( -8.749999999999998224, 8.500000000000007105, 13.34286252986123955 ) ) ;
#4312 = CARTESIAN_POINT ( 'NONE',  ( -14.29338720761957582, 12.54014657956790835, 8.824077831548112982 ) ) ;
#4313 = DIRECTION ( 'NONE',  ( 0.000000000000000000, -0.3090529753641901856, -0.9510448246105653869 ) ) ;
#4314 = AXIS2_PLACEMENT_3D ( 'NONE', #1736, #4413, #8272 ) ;
#4315 = CARTESIAN_POINT ( 'NONE',  ( 7.999999999999996447, 7.600000000000001421, 13.37062271443167738 ) ) ;
#4316 = EDGE_LOOP ( 'NONE', ( #7503, #5077, #3479, #64, #1787, #8463, #3308, #8619 ) ) ;
#4317 = CARTESIAN_POINT ( 'NONE',  ( 8.794056414146469436, 8.297319658348449423, 12.90836097519260228 ) ) ;
#4318 = CIRCLE ( 'NONE', #5440, 0.1500000000000006328 ) ;
#4319 = CARTESIAN_POINT ( 'NONE',  ( 8.849327263209501027, 12.93124426990612719, 15.01125074294658290 ) ) ;
#4320 = CARTESIAN_POINT ( 'NONE',  ( 0.000000000000000000, 7.750000000000001776, 0.000000000000000000 ) ) ;
#4321 = ORIENTED_EDGE ( 'NONE', *, *, #3455, .T. ) ;
#4322 = B_SPLINE_CURVE_WITH_KNOTS ( 'NONE', 3,
 ( #56, #3429, #4779, #5355, #7390, #2736, #4056, #6094, #8120, #1972 ),
 .UNSPECIFIED., .F., .F.,
 ( 4, 2, 2, 2, 4 ),
 ( 0.000000000000000000, 0.0004045073697329266429, 0.0008090147394658532857, 0.001213522109198779874, 0.001618029478931706571 ),
 .UNSPECIFIED. ) ;
#4323 = CIRCLE ( 'NONE', #7798, 0.1500000000000001610 ) ;
#4324 = CARTESIAN_POINT ( 'NONE',  ( 12.25349937686476487, 11.05603359936995744, 12.60705276735019353 ) ) ;
#4325 = DIRECTION ( 'NONE',  ( 0.000000000000000000, 0.000000000000000000, 1.000000000000000000 ) ) ;
#4326 = DIRECTION ( 'NONE',  ( 0.4653245021537991688, 0.000000000000000000, 0.8851401627399577698 ) ) ;
#4327 = CARTESIAN_POINT ( 'NONE',  ( 8.750000000000003553, 11.16497734891127180, 14.22591826066067888 ) ) ;
#4328 = ORIENTED_EDGE ( 'NONE', *, *, #2032, .F. ) ;
#4329 = CIRCLE ( 'NONE', #5173, 15.58119224487254328 ) ;
#4330 = CARTESIAN_POINT ( 'NONE',  ( 8.655066868122277768, 12.89244915111796530, -15.11227796496337028 ) ) ;
#4331 = ORIENTED_EDGE ( 'NONE', *, *, #2433, .F. ) ;
#4332 = ORIENTED_EDGE ( 'NONE', *, *, #5363, .F. ) ;
#4333 = CARTESIAN_POINT ( 'NONE',  ( 8.955808916243096718, 8.217301863741225176, 13.39842269756387516 ) ) ;
#4334 = EDGE_CURVE ( 'NONE', #2437, #3384, #1223, .T. ) ;
#4335 = CARTESIAN_POINT ( 'NONE',  ( -8.469883339689639357, 13.11942249928242354, -15.28907684920364218 ) ) ;
#4336 = VECTOR ( 'NONE', #840, 1000.000000000000000 ) ;
#4337 = CARTESIAN_POINT ( 'NONE',  ( -13.24304958942816413, 7.749999999999994671, -8.177680424867228126 ) ) ;
#4338 = LINE ( 'NONE', #6998, #4435 ) ;
#4339 = PLANE ( 'NONE',  #8119 ) ;
#4340 = LINE ( 'NONE', #8544, #5231 ) ;
#4341 = ORIENTED_EDGE ( 'NONE', *, *, #2299, .T. ) ;
#4342 = ORIENTED_EDGE ( 'NONE', *, *, #7031, .F. ) ;
#4343 = FACE_OUTER_BOUND ( 'NONE', #3236, .T. ) ;
#4344 = VECTOR ( 'NONE', #1447, 1000.000000000000000 ) ;
#4345 = ORIENTED_EDGE ( 'NONE', *, *, #504, .T. ) ;
#4346 = DIRECTION ( 'NONE',  ( 0.000000000000000000, 0.000000000000000000, 1.000000000000000000 ) ) ;
#4347 = EDGE_CURVE ( 'NONE', #6854, #6669, #6664, .T. ) ;
#4348 = EDGE_CURVE ( 'NONE', #2241, #3907, #8291, .T. ) ;
#4349 = CARTESIAN_POINT ( 'NONE',  ( 13.22499999999999964, 16.51447992314274771, -1.619595391872374543E-15 ) ) ;
#4350 = CARTESIAN_POINT ( 'NONE',  ( 6.123233995736767268E-16, 1.999999999999999556, -5.000000000000000888 ) ) ;
#4351 = EDGE_LOOP ( 'NONE', ( #8607, #206, #1840, #5986 ) ) ;
#4352 = DIRECTION ( 'NONE',  ( 2.664535259100375697E-15, 0.000000000000000000, 1.000000000000000000 ) ) ;
#4353 = DIRECTION ( 'NONE',  ( 0.000000000000000000, 0.9635179096299407719, 0.2676438637860942826 ) ) ;
#4354 = DIRECTION ( 'NONE',  ( -0.000000000000000000, -1.000000000000000000, -0.000000000000000000 ) ) ;
#4355 = ORIENTED_EDGE ( 'NONE', *, *, #3190, .T. ) ;
#4356 = CARTESIAN_POINT ( 'NONE',  ( -8.824077831548111206, 12.54014657956790657, 14.29338720761957759 ) ) ;
#4357 = DIRECTION ( 'NONE',  ( -1.457280823761956859E-14, -0.9510448246105625003, -0.3090529753642000110 ) ) ;
#4358 = EDGE_CURVE ( 'NONE', #8327, #5645, #2093, .T. ) ;
#4359 = CIRCLE ( 'NONE', #5081, 15.22167330524445106 ) ;
#4360 = CARTESIAN_POINT ( 'NONE',  ( 8.646962376235087788, 8.104870398530209741, -12.94327332841440814 ) ) ;
#4361 = ORIENTED_EDGE ( 'NONE', *, *, #1096, .T. ) ;
#4362 = CARTESIAN_POINT ( 'NONE',  ( 13.61194688593825042, 7.750000000000001776, 7.999999999999992895 ) ) ;
#4363 = CARTESIAN_POINT ( 'NONE',  ( 8.946514592190860427, 12.71244515963547350, 14.88266352113496893 ) ) ;
#4364 = CARTESIAN_POINT ( 'NONE',  ( 12.25349937686476487, 11.05603359936995744, 12.60705276735019353 ) ) ;
#4365 = CALENDAR_DATE ( 2022, 31, 3 ) ;
#4366 = CARTESIAN_POINT ( 'NONE',  ( 4.201174670048177644E-15, 15.49999999999999467, -8.402349340096353711E-15 ) ) ;
#4367 = VECTOR ( 'NONE', #6459, 1000.000000000000000 ) ;
#4368 = CYLINDRICAL_SURFACE ( 'NONE', #8485, 18.19999999999999929 ) ;
#4369 = AXIS2_PLACEMENT_3D ( 'NONE', #2992, #3655, #2457 ) ;
#4370 = VERTEX_POINT ( 'NONE', #1366 ) ;
#4371 = ADVANCED_FACE ( 'NONE', ( #6135 ), #4088, .F. ) ;
#4372 = CARTESIAN_POINT ( 'NONE',  ( -13.34286252986123245, 8.500000000000007105, -8.750000000000001776 ) ) ;
#4373 = VECTOR ( 'NONE', #2470, 1000.000000000000000 ) ;
#4374 = CARTESIAN_POINT ( 'NONE',  ( 8.974843938273147970, 12.59099072579560286, 14.82600311509840729 ) ) ;
#4375 = CARTESIAN_POINT ( 'NONE',  ( 13.01708323365588171, 7.740398399099404969, 8.349861332235832379 ) ) ;
#4376 = CARTESIAN_POINT ( 'NONE',  ( 13.78744750116167239, 9.831482208910680143, 8.749999999999998224 ) ) ;
#4377 = ORIENTED_EDGE ( 'NONE', *, *, #4681, .T. ) ;
#4378 = CARTESIAN_POINT ( 'NONE',  ( -8.856505393181036467, 7.988658280405503298, 13.38818511127742283 ) ) ;
#4379 = EDGE_LOOP ( 'NONE', ( #4170, #520, #2895, #4013, #630 ) ) ;
#4380 = CIRCLE ( 'NONE', #1312, 0.1500000000000006328 ) ;
#4381 = CARTESIAN_POINT ( 'NONE',  ( 11.08301961856316353, 10.33337777798466384, 12.49723318093629842 ) ) ;
#4382 = AXIS2_PLACEMENT_3D ( 'NONE', #7938, #8532, #646 ) ;
#4383 = CARTESIAN_POINT ( 'NONE',  ( -8.200661534435754518, 13.25000000000000178, -15.32705210642318683 ) ) ;
#4384 = CARTESIAN_POINT ( 'NONE',  ( -8.980199218265397576, 8.459853420432095206, 13.46309704045871847 ) ) ;
#4385 = DIRECTION ( 'NONE',  ( 0.000000000000000000, 0.000000000000000000, 1.000000000000000000 ) ) ;
#4386 = AXIS2_PLACEMENT_3D ( 'NONE', #5926, #622, #7902 ) ;
#4387 = CARTESIAN_POINT ( 'NONE',  ( -13.78208468598914038, 7.750000000000002665, -8.099993220059740651 ) ) ;
#4388 = CARTESIAN_POINT ( 'NONE',  ( -13.34286252986123245, 8.500000000000007105, -8.900000000000003908 ) ) ;
#4389 = ORIENTED_EDGE ( 'NONE', *, *, #7443, .T. ) ;
#4390 = ADVANCED_FACE ( 'NONE', ( #5479 ), #430, .T. ) ;
#4391 = ORIENTED_EDGE ( 'NONE', *, *, #2301, .T. ) ;
#4392 = CYLINDRICAL_SURFACE ( 'NONE', #4748, 2.811851371712976722 ) ;
#4393 = VERTEX_POINT ( 'NONE', #5309 ) ;
#4394 = CARTESIAN_POINT ( 'NONE',  ( 13.67271530203547947, 7.559853424038078806, 8.181842153844392840 ) ) ;
#4395 = CARTESIAN_POINT ( 'NONE',  ( 12.15887298135860028, 10.57427464455498978, 12.51242637183024442 ) ) ;
#4396 = LOCAL_TIME ( 10, 30, 1.000000000000000000, #343 ) ;
#4397 = CARTESIAN_POINT ( 'NONE',  ( 13.02739189056462443, 8.296532393612450207, 8.729485555698918375 ) ) ;
#4399 = DIRECTION ( 'NONE',  ( 0.000000000000000000, 0.000000000000000000, 1.000000000000000000 ) ) ;
#4398 = B_SPLINE_CURVE_WITH_KNOTS ( 'NONE', 3,
 ( #5912, #523, #7334, #3871, #2820, #1453 ),
 .UNSPECIFIED., .F., .F.,
 ( 4, 2, 4 ),
 ( 0.0007976201872765043867, 0.001193770623895192050, 0.001589921060513879714 ),
 .UNSPECIFIED. ) ;
#4400 = ORIENTED_EDGE ( 'NONE', *, *, #8285, .T. ) ;
#4401 = CARTESIAN_POINT ( 'NONE',  ( -8.579345533364101328, 8.011616004711029859, 12.95732904728186341 ) ) ;
#4402 = EDGE_CURVE ( 'NONE', #2809, #780, #4322, .T. ) ;
#4403 = EDGE_CURVE ( 'NONE', #4872, #2607, #2127, .T. ) ;
#4404 = CARTESIAN_POINT ( 'NONE',  ( 10.00000000000000000, 12.49999999999999645, 1.224646799147353256E-15 ) ) ;
#4405 = CARTESIAN_POINT ( 'NONE',  ( 0.000000000000000000, 7.750000000000001776, 0.000000000000000000 ) ) ;
#4406 = DIRECTION ( 'NONE',  ( 0.000000000000000000, 1.000000000000000000, -0.000000000000000000 ) ) ;
#4407 = FACE_OUTER_BOUND ( 'NONE', #2542, .T. ) ;
#4408 = ORIENTED_EDGE ( 'NONE', *, *, #4683, .T. ) ;
#4409 = CARTESIAN_POINT ( 'NONE',  ( 8.647737146703564193, 8.108092669121342411, 13.01799458444460988 ) ) ;
#4410 = EDGE_CURVE ( 'NONE', #6124, #417, #6004, .T. ) ;
#4411 = EDGE_CURVE ( 'NONE', #3254, #4934, #2877, .T. ) ;
#4412 = DIRECTION ( 'NONE',  ( -0.000000000000000000, -1.000000000000000000, -0.000000000000000000 ) ) ;
#4413 = DIRECTION ( 'NONE',  ( -0.6813100476940172623, 0.2676438637860938941, -0.6813100476940192607 ) ) ;
#4414 = FACE_OUTER_BOUND ( 'NONE', #1171, .T. ) ;
#4415 = ORIENTED_EDGE ( 'NONE', *, *, #114, .F. ) ;
#4416 = ORIENTED_EDGE ( 'NONE', *, *, #6857, .F. ) ;
#4417 = B_SPLINE_CURVE_WITH_KNOTS ( 'NONE', 3,
 ( #4000, #5872, #6474, #3111, #8489, #8449, #7939, #524, #7286, #4548 ),
 .UNSPECIFIED., .F., .F.,
 ( 4, 2, 2, 2, 4 ),
 ( 0.000000000000000000, 0.0003725217699890791224, 0.0007450435399781582448, 0.001117565309967237259, 0.001490087079956316490 ),
 .UNSPECIFIED. ) ;
#4418 = B_SPLINE_CURVE_WITH_KNOTS ( 'NONE', 3,
 ( #4437, #2376, #6404, #8468, #5716, #413 ),
 .UNSPECIFIED., .F., .F.,
 ( 4, 2, 4 ),
 ( 2.047295638730601097E-07, 0.0003969848767935392681, 0.0007937650240232053955 ),
 .UNSPECIFIED. ) ;
#4419 = CARTESIAN_POINT ( 'NONE',  ( -14.88316707924260562, 12.71348617445701379, 8.946240797713588933 ) ) ;
#4420 = CARTESIAN_POINT ( 'NONE',  ( 8.188622373069348370, 13.35985342043208668, 15.51681323360477904 ) ) ;
#4421 = ADVANCED_FACE ( 'NONE', ( #2178 ), #7510, .F. ) ;
#4422 = DIRECTION ( 'NONE',  ( -0.7071067811865463515, -0.000000000000000000, -0.7071067811865487940 ) ) ;
#4423 = VERTEX_POINT ( 'NONE', #7550 ) ;
#4424 = CYLINDRICAL_SURFACE ( 'NONE', #3344, 0.7500000000000006661 ) ;
#4425 = ORIENTED_EDGE ( 'NONE', *, *, #6911, .F. ) ;
#4426 = CARTESIAN_POINT ( 'NONE',  ( 13.03265164499731199, 8.022648873232943956, 8.587268214006179790 ) ) ;
#4427 = DIRECTION ( 'NONE',  ( 0.6813100476940172623, -0.2676438637860939496, 0.6813100476940193717 ) ) ;
#4428 = PLANE ( 'NONE',  #725 ) ;
#4429 = CARTESIAN_POINT ( 'NONE',  ( 8.750000000000005329, 12.71644746103186208, 14.50115789294474311 ) ) ;
#4430 = CARTESIAN_POINT ( 'NONE',  ( 14.49568901432426671, 11.50000000000000000, -15.20279579551075777 ) ) ;
#4431 = ORIENTED_EDGE ( 'NONE', *, *, #8476, .T. ) ;
#4432 = PLANE ( 'NONE',  #5165 ) ;
#4433 = EDGE_LOOP ( 'NONE', ( #6657, #5946, #4626, #10 ) ) ;
#4434 = CARTESIAN_POINT ( 'NONE',  ( 0.000000000000000000, 6.999999999999998224, 0.000000000000000000 ) ) ;
#4435 = VECTOR ( 'NONE', #360, 1000.000000000000000 ) ;
#4436 = CARTESIAN_POINT ( 'NONE',  ( 13.46244960079896735, 7.721508883812228774, -8.606597760034272682 ) ) ;
#4437 = CARTESIAN_POINT ( 'NONE',  ( 12.06401308320026899, 10.00004516124002407, 10.64979952082721404 ) ) ;
#4438 = ORIENTED_EDGE ( 'NONE', *, *, #5475, .F. ) ;
#4439 = CARTESIAN_POINT ( 'NONE',  ( 8.430988971991576264, 7.877788207465135528, 13.09843276935597345 ) ) ;
#4440 = VECTOR ( 'NONE', #7421, 1000.000000000000000 ) ;
#4441 = DIRECTION ( 'NONE',  ( -0.7071067811902372879, -1.878358579787679613E-11, 0.7071067811828577465 ) ) ;
#4442 = CARTESIAN_POINT ( 'NONE',  ( 12.91251346169996950, 7.967686214841116943, -8.624543895060387655 ) ) ;
#4443 = CARTESIAN_POINT ( 'NONE',  ( 11.00524528020069326, 9.743605435133186887, -12.34750588644722491 ) ) ;
#4444 = CARTESIAN_POINT ( 'NONE',  ( -11.31461725797893614, 11.50004516124002052, -12.02172403916551957 ) ) ;
#4445 = ADVANCED_FACE ( 'NONE', ( #956 ), #3240, .T. ) ;
#4446 = AXIS2_PLACEMENT_3D ( 'NONE', #7703, #1764, #1360 ) ;
#4447 = DIRECTION ( 'NONE',  ( 0.000000000000000000, 1.000000000000000000, 0.000000000000000000 ) ) ;
#4448 = ORIENTED_EDGE ( 'NONE', *, *, #6612, .T. ) ;
#4449 = DIRECTION ( 'NONE',  ( 8.881784197001252323E-16, 0.000000000000000000, 1.000000000000000000 ) ) ;
#4450 = B_SPLINE_CURVE_WITH_KNOTS ( 'NONE', 3,
 ( #2909, #2870, #8205, #3709 ),
 .UNSPECIFIED., .F., .F.,
 ( 4, 4 ),
 ( 0.000000000000000000, 0.004211198243782913325 ),
 .UNSPECIFIED. ) ;
#4451 = LINE ( 'NONE', #3235, #4865 ) ;
#4452 = DIRECTION ( 'NONE',  ( -0.000000000000000000, 1.000000000000000000, 0.000000000000000000 ) ) ;
#4453 = AXIS2_PLACEMENT_3D ( 'NONE', #2254, #6246, #4280 ) ;
#4454 = DIRECTION ( 'NONE',  ( -0.7071067811865486830, 0.000000000000000000, 0.7071067811865463515 ) ) ;
#4455 = VERTEX_POINT ( 'NONE', #8158 ) ;
#4456 = EDGE_LOOP ( 'NONE', ( #702, #1433 ) ) ;
#4457 = EDGE_CURVE ( 'NONE', #8327, #6561, #6437, .T. ) ;
#4458 = EDGE_CURVE ( 'NONE', #3212, #2780, #1126, .T. ) ;
#4459 = AXIS2_PLACEMENT_3D ( 'NONE', #7440, #5445, #1456 ) ;
#4460 = DIRECTION ( 'NONE',  ( 0.000000000000000000, 1.000000000000000000, -0.000000000000000000 ) ) ;
#4461 = CARTESIAN_POINT ( 'NONE',  ( -14.22591835444044328, 11.16497763733198667, 8.749999999999998224 ) ) ;
#4462 = DIRECTION ( 'NONE',  ( 0.000000000000000000, 0.1927358361364420181, -0.9812506802386362637 ) ) ;
#4463 = ORIENTED_EDGE ( 'NONE', *, *, #3337, .F. ) ;
#4464 = DIRECTION ( 'NONE',  ( 0.000000000000000000, 1.000000000000000000, -0.000000000000000000 ) ) ;
#4465 = VERTEX_POINT ( 'NONE', #4216 ) ;
#4466 = ORIENTED_EDGE ( 'NONE', *, *, #3750, .F. ) ;
#4467 = CARTESIAN_POINT ( 'NONE',  ( 7.999999999999998224, 13.25000000000000178, 15.45172114225276339 ) ) ;
#4468 = EDGE_CURVE ( 'NONE', #6804, #2809, #5604, .T. ) ;
#4469 = CARTESIAN_POINT ( 'NONE',  ( -13.05316414480334508, 8.402113164676901391, -8.750000000000003553 ) ) ;
#4470 = CARTESIAN_POINT ( 'NONE',  ( 8.976047561179457901, 11.60021842059151886, -14.50330951220169418 ) ) ;
#4471 = CARTESIAN_POINT ( 'NONE',  ( -8.749999999999998224, 8.413726081778209576, -13.60124325485369745 ) ) ;
#4472 = VECTOR ( 'NONE', #4776, 1000.000000000000000 ) ;
#4473 = DIRECTION ( 'NONE',  ( 0.000000000000000000, 0.000000000000000000, 1.000000000000000000 ) ) ;
#4474 = DIRECTION ( 'NONE',  ( -0.000000000000000000, 1.000000000000000000, -0.000000000000000000 ) ) ;
#4475 = ORIENTED_EDGE ( 'NONE', *, *, #6799, .F. ) ;
#4476 = ORIENTED_EDGE ( 'NONE', *, *, #502, .F. ) ;
#4477 = CARTESIAN_POINT ( 'NONE',  ( 15.55634918610403439, 10.00004516124002407, 14.14213562373098831 ) ) ;
#4478 = ORIENTED_EDGE ( 'NONE', *, *, #4566, .F. ) ;
#4479 = CARTESIAN_POINT ( 'NONE',  ( -8.648777478938002972, 8.109937547702175564, -13.26751293926662889 ) ) ;
#4480 = ORIENTED_EDGE ( 'NONE', *, *, #5418, .F. ) ;
#4481 = AXIS2_PLACEMENT_3D ( 'NONE', #4405, #6327, #1070 ) ;
#4482 = CARTESIAN_POINT ( 'NONE',  ( -8.696486819374323218, 8.069857782741978625, -12.89816096848442406 ) ) ;
#4483 = CARTESIAN_POINT ( 'NONE',  ( -13.81125204790690297, 9.503303626097588719, -8.978772366520775705 ) ) ;
#4484 = ORIENTED_EDGE ( 'NONE', *, *, #5171, .T. ) ;
#4485 = CARTESIAN_POINT ( 'NONE',  ( 8.086659553818101642, 7.750000000000000888, 13.30840184899989609 ) ) ;
#4486 = AXIS2_PLACEMENT_3D ( 'NONE', #4278, #7028, #8355 ) ;
#4487 = VERTEX_POINT ( 'NONE', #2901 ) ;
#4488 = DIRECTION ( 'NONE',  ( 0.000000000000000000, -1.000000000000000000, 0.000000000000000000 ) ) ;
#4489 = DIRECTION ( 'NONE',  ( -0.7071067811865487940, -0.000000000000000000, 0.7071067811865463515 ) ) ;
#4490 = CARTESIAN_POINT ( 'NONE',  ( 8.032741233847689344, 7.640146579567908880, -13.18261026417634874 ) ) ;
#4491 = CARTESIAN_POINT ( 'NONE',  ( -11.99580628550739902, 9.500000000000000000, 11.28869950432081559 ) ) ;
#4492 = LINE ( 'NONE', #4536, #5922 ) ;
#4493 = ORIENTED_EDGE ( 'NONE', *, *, #2723, .T. ) ;
#4494 = CARTESIAN_POINT ( 'NONE',  ( -15.32705210642309979, 13.25000000000000000, 8.200661534435891298 ) ) ;
#4495 = DIRECTION ( 'NONE',  ( 0.6813100476940172623, -0.2676438637860939496, 0.6813100476940193717 ) ) ;
#4496 = ADVANCED_FACE ( 'NONE', ( #6916 ), #6847, .T. ) ;
#4497 = CARTESIAN_POINT ( 'NONE',  ( 8.818884423798833083, 8.634969845410241263, 13.00484902367621309 ) ) ;
#4498 = CARTESIAN_POINT ( 'NONE',  ( 13.05257714036896033, 8.400656771591373584, -8.750000000000005329 ) ) ;
#4499 = ORIENTED_EDGE ( 'NONE', *, *, #916, .T. ) ;
#4500 = CARTESIAN_POINT ( 'NONE',  ( -14.81883984523073750, 16.49999999999999645, 0.000000000000000000 ) ) ;
#4501 = DIRECTION ( 'NONE',  ( 0.000000000000000000, 0.000000000000000000, 1.000000000000000000 ) ) ;
#4502 = VECTOR ( 'NONE', #5718, 1000.000000000000000 ) ;
#4503 = AXIS2_PLACEMENT_3D ( 'NONE', #6263, #3569, #269 ) ;
#4504 = CARTESIAN_POINT ( 'NONE',  ( 8.175070468196878437, 7.764965620696889559, -13.24903177467703230 ) ) ;
#4505 = ORIENTED_EDGE ( 'NONE', *, *, #4532, .F. ) ;
#4506 = EDGE_CURVE ( 'NONE', #927, #1666, #4134, .T. ) ;
#4507 = CARTESIAN_POINT ( 'NONE',  ( -8.749999999999996447, 12.52665513958389276, -14.33471518854424431 ) ) ;
#4508 = ADVANCED_FACE ( 'NONE', ( #310 ), #6179, .F. ) ;
#4509 = ORIENTED_EDGE ( 'NONE', *, *, #8476, .F. ) ;
#4510 = CARTESIAN_POINT ( 'NONE',  ( 12.97796484028084762, 8.421913141508062139, 8.753358550614313671 ) ) ;
#4511 = AXIS2_PLACEMENT_3D ( 'NONE', #4228, #329, #3005 ) ;
#4512 = CIRCLE ( 'NONE', #1563, 15.58119224487254328 ) ;
#4513 = DIRECTION ( 'NONE',  ( 0.8851401627399664296, -1.023648946556628627E-14, 0.4653245021537827930 ) ) ;
#4514 = DIRECTION ( 'NONE',  ( 0.9510448246105653869, 0.3090529753641901856, 0.000000000000000000 ) ) ;
#4515 = ORIENTED_EDGE ( 'NONE', *, *, #6378, .T. ) ;
#4516 = CARTESIAN_POINT ( 'NONE',  ( 8.750000000000003553, 8.500000000000007105, -13.09261806874822653 ) ) ;
#4517 = CARTESIAN_POINT ( 'NONE',  ( 15.20279579551076132, 11.00004516124001874, 14.49568901432426316 ) ) ;
#4518 = ORIENTED_EDGE ( 'NONE', *, *, #7877, .T. ) ;
#4519 = EDGE_CURVE ( 'NONE', #587, #497, #6995, .T. ) ;
#4520 = AXIS2_PLACEMENT_3D ( 'NONE', #2868, #5529, #1455 ) ;
#4521 = AXIS2_PLACEMENT_3D ( 'NONE', #4589, #1957, #7937 ) ;
#4522 = ORIENTED_EDGE ( 'NONE', *, *, #1919, .F. ) ;
#4523 = LINE ( 'NONE', #3040, #375 ) ;
#4524 = PLANE ( 'NONE',  #1406 ) ;
#4525 = CARTESIAN_POINT ( 'NONE',  ( 11.00564033303625244, 9.742986784159443303, 12.34691791734224076 ) ) ;
#4526 = AXIS2_PLACEMENT_3D ( 'NONE', #130, #2808, #3511 ) ;
#4527 = CARTESIAN_POINT ( 'NONE',  ( -8.324110326508149527, 7.815571027917167513, -13.05831001008596282 ) ) ;
#4528 = ORIENTED_EDGE ( 'NONE', *, *, #756, .F. ) ;
#4529 = CARTESIAN_POINT ( 'NONE',  ( -11.21418861615252816, 10.99999999999999645, 12.62840217852558311 ) ) ;
#4530 = ORIENTED_EDGE ( 'NONE', *, *, #4900, .F. ) ;
#4531 = B_SPLINE_CURVE_WITH_KNOTS ( 'NONE', 3,
 ( #6796, #1462, #4669, #104, #8605, #4065 ),
 .UNSPECIFIED., .F., .F.,
 ( 4, 2, 4 ),
 ( 0.0007976201872765211918, 0.001193770623895212867, 0.001589921060513904433 ),
 .UNSPECIFIED. ) ;
#4532 = EDGE_CURVE ( 'NONE', #3775, #2449, #2232, .T. ) ;
#4533 = LINE ( 'NONE', #7182, #8340 ) ;
#4534 = DIRECTION ( 'NONE',  ( 0.000000000000000000, -0.000000000000000000, -1.000000000000000000 ) ) ;
#4535 = CARTESIAN_POINT ( 'NONE',  ( -13.61194688593824687, 7.750000000000001776, -7.999999999999996447 ) ) ;
#4536 = CARTESIAN_POINT ( 'NONE',  ( 16.28792642849466432, 9.441672916275450689, 7.865056918812912023 ) ) ;
#4537 = ORIENTED_EDGE ( 'NONE', *, *, #8561, .F. ) ;
#4538 = CARTESIAN_POINT ( 'NONE',  ( -12.34751477156294008, 9.743650596576497236, -11.00525416518357602 ) ) ;
#4539 = PLANE ( 'NONE',  #944 ) ;
#4540 = DIRECTION ( 'NONE',  ( 0.6813100476940172623, -0.2676438637860939496, 0.6813100476940193717 ) ) ;
#4541 = CARTESIAN_POINT ( 'NONE',  ( 0.000000000000000000, 7.749999999999998224, 0.000000000000000000 ) ) ;
#4542 = CARTESIAN_POINT ( 'NONE',  ( -8.978270028915671830, 9.883010326007092061, 13.93704088992246248 ) ) ;
#4543 = ORIENTED_EDGE ( 'NONE', *, *, #3445, .T. ) ;
#4544 = ADVANCED_FACE ( 'NONE', ( #2358 ), #7532, .T. ) ;
#4545 = CYLINDRICAL_SURFACE ( 'NONE', #4521, 0.5000000000000006661 ) ;
#4546 = LINE ( 'NONE', #7763, #2050 ) ;
#4547 = CARTESIAN_POINT ( 'NONE',  ( 15.55634918610403616, 11.00004516124001697, 14.14213562373099009 ) ) ;
#4548 = CARTESIAN_POINT ( 'NONE',  ( 13.73654834780745659, 7.559853420432087745, -8.073230648290536493 ) ) ;
#4549 = ORIENTED_EDGE ( 'NONE', *, *, #2322, .F. ) ;
#4550 = CARTESIAN_POINT ( 'NONE',  ( -8.548219689541292965, 13.02520802816002998, 14.61693415389245310 ) ) ;
#4551 = ORIENTED_EDGE ( 'NONE', *, *, #676, .T. ) ;
#4552 = DIRECTION ( 'NONE',  ( 0.8880362771229360908, -1.026998251629462885E-14, -0.4597733903931762178 ) ) ;
#4553 = ADVANCED_FACE ( 'NONE', ( #6435 ), #17, .T. ) ;
#4554 = FACE_OUTER_BOUND ( 'NONE', #4796, .T. ) ;
#4555 = CARTESIAN_POINT ( 'NONE',  ( 10.78098755302412037, 10.66666589199718373, -12.19520111539717533 ) ) ;
#4556 = CARTESIAN_POINT ( 'NONE',  ( 0.000000000000000000, 7.640146579567915985, 15.43666455842805085 ) ) ;
#4557 = ORIENTED_EDGE ( 'NONE', *, *, #5370, .T. ) ;
#4558 = CARTESIAN_POINT ( 'NONE',  ( 16.21482680482595029, 10.40693149282756025, 8.170569869917105876 ) ) ;
#4559 = VERTEX_POINT ( 'NONE', #7119 ) ;
#4560 = LINE ( 'NONE', #8423, #3660 ) ;
#4561 = DIRECTION ( 'NONE',  ( -0.000000000000000000, -1.000000000000000000, -0.000000000000000000 ) ) ;
#4562 =( BOUNDED_SURFACE ( )  B_SPLINE_SURFACE ( 3, 2, ( 
 ( #2459, #5120, #401 ),
 ( #7642, #2314, #5841 ),
 ( #7776, #6356, #1662 ),
 ( #1798, #4471, #7123 ) ),
 .UNSPECIFIED., .F., .F., .F. ) 
 B_SPLINE_SURFACE_WITH_KNOTS ( ( 4, 4 ),
 ( 3, 3 ),
 ( 0.000000000000000000, 0.004211198243782912458 ),
 ( 0.000000000000000000, 1.000000000000000000 ),
 .UNSPECIFIED. ) 
 GEOMETRIC_REPRESENTATION_ITEM ( )  RATIONAL_B_SPLINE_SURFACE ( (
 ( 1.000000000000000000, 0.4999891725456262481, 1.000000000000000000),
 ( 1.000000000000000000, 0.4945821811962521353, 1.000000000000000000),
 ( 1.000000000000000000, 0.4887473536761042237, 1.000000000000000000),
 ( 1.000000000000000000, 0.4823580334654676838, 1.000000000000000000) ) ) 
 REPRESENTATION_ITEM ( '' )  SURFACE ( )  );
#4563 = EDGE_CURVE ( 'NONE', #3573, #574, #1715, .T. ) ;
#4564 = CIRCLE ( 'NONE', #1352, 0.1499999999999988842 ) ;
#4565 = CARTESIAN_POINT ( 'NONE',  ( 11.10551483760363567, 9.556112694288184883, 12.18702588633511219 ) ) ;
#4566 = EDGE_CURVE ( 'NONE', #5802, #7450, #770, .T. ) ;
#4567 = CARTESIAN_POINT ( 'NONE',  ( -8.646268840479290674, 8.103663488476842147, -12.94333384757554128 ) ) ;
#4568 = DIRECTION ( 'NONE',  ( -0.000000000000000000, 1.000000000000000000, -0.000000000000000000 ) ) ;
#4569 = EDGE_LOOP ( 'NONE', ( #7386, #7052, #954, #7133 ) ) ;
#4570 = CARTESIAN_POINT ( 'NONE',  ( 15.20279579551080928, 11.00000000000000000, -14.49568901432421164 ) ) ;
#4571 = ORIENTED_EDGE ( 'NONE', *, *, #7936, .T. ) ;
#4572 = VERTEX_POINT ( 'NONE', #3078 ) ;
#4573 = CARTESIAN_POINT ( 'NONE',  ( 7.996835995990407397, 11.18634183715763442, 16.84151803180670370 ) ) ;
#4574 = ORIENTED_EDGE ( 'NONE', *, *, #2672, .T. ) ;
#4575 = CIRCLE ( 'NONE', #2624, 0.5000000000000004441 ) ;
#4576 = VERTEX_POINT ( 'NONE', #7773 ) ;
#4577 = PLANE ( 'NONE',  #5184 ) ;
#4578 = B_SPLINE_CURVE_WITH_KNOTS ( 'NONE', 3,
 ( #7667, #5631, #2924, #4970, #421, #1675, #4231, #1635, #896, #4356 ),
 .UNSPECIFIED., .F., .F.,
 ( 4, 2, 2, 2, 4 ),
 ( 0.000000000000000000, 0.0004016680093193856940, 0.0008033360186387713880, 0.001205004027958157028, 0.001606672037277542776 ),
 .UNSPECIFIED. ) ;
#4579 = ADVANCED_FACE ( 'NONE', ( #3868 ), #6504, .T. ) ;
#4580 = CARTESIAN_POINT ( 'NONE',  ( 4.201174670048177644E-15, 15.49999999999999289, 0.000000000000000000 ) ) ;
#4581 = ORIENTED_EDGE ( 'NONE', *, *, #2689, .T. ) ;
#4582 = CARTESIAN_POINT ( 'NONE',  ( -14.73782815449788330, 13.26576443358571922, -8.472625329335452093 ) ) ;
#4583 = CARTESIAN_POINT ( 'NONE',  ( 7.999999999999996447, 13.40000000000000213, -15.21759819039019135 ) ) ;
#4584 = DIRECTION ( 'NONE',  ( 0.6813100476940172623, -0.2676438637860938941, 0.6813100476940192607 ) ) ;
#4585 = CYLINDRICAL_SURFACE ( 'NONE', #5865, 0.5000000000000031086 ) ;
#4586 = CARTESIAN_POINT ( 'NONE',  ( 8.820647300484194986, 9.871516746732671876, -13.41898249956882339 ) ) ;
#4587 = AXIS2_PLACEMENT_3D ( 'NONE', #4647, #462, #7059 ) ;
#4588 = ADVANCED_FACE ( 'NONE', ( #7538 ), #8090, .T. ) ;
#4589 = CARTESIAN_POINT ( 'NONE',  ( 15.20279579551075955, 10.00004516124002052, 14.49568901432426316 ) ) ;
#4590 = CARTESIAN_POINT ( 'NONE',  ( 5.029540588923665290, 9.731686437435309145, 19.09059477570358254 ) ) ;
#4591 = DIRECTION ( 'NONE',  ( -0.000000000000000000, -0.000000000000000000, 1.000000000000000000 ) ) ;
#4592 = VERTEX_POINT ( 'NONE', #2206 ) ;
#4593 = CARTESIAN_POINT ( 'NONE',  ( -8.714463382470718500, 12.75446084439888139, 14.43051474843823812 ) ) ;
#4594 = APPROVAL ( #7718, 'UNSPECIFIED' ) ;
#4595 = EDGE_LOOP ( 'NONE', ( #3126, #8000, #1361, #3174 ) ) ;
#4596 = AXIS2_PLACEMENT_3D ( 'NONE', #677, #1982, #8084 ) ;
#4597 = CARTESIAN_POINT ( 'NONE',  ( -13.09409000288400726, 7.884293299494034457, 8.439836590246860837 ) ) ;
#4598 = CARTESIAN_POINT ( 'NONE',  ( 8.979805978441154579, 8.744362080210381194, -13.55825311177118841 ) ) ;
#4599 = CARTESIAN_POINT ( 'NONE',  ( 8.818749239510214721, 8.540146579567920782, 12.97309164460348718 ) ) ;
#4600 = CYLINDRICAL_SURFACE ( 'NONE', #6762, 1.500000000000001998 ) ;
#4601 = VERTEX_POINT ( 'NONE', #7618 ) ;
#4602 = ORIENTED_EDGE ( 'NONE', *, *, #1931, .T. ) ;
#4603 = CARTESIAN_POINT ( 'NONE',  ( 13.34286252986123245, 8.500000000000007105, -8.750000000000001776 ) ) ;
#4604 = EDGE_CURVE ( 'NONE', #1286, #5905, #5060, .T. ) ;
#4605 = VERTEX_POINT ( 'NONE', #5639 ) ;
#4606 = CARTESIAN_POINT ( 'NONE',  ( 14.90684508345313297, 12.41970336326913582, 8.750000000000000000 ) ) ;
#4607 = CARTESIAN_POINT ( 'NONE',  ( 13.09261806874822653, 8.500000000000007105, 8.749999999999998224 ) ) ;
#4608 = ORIENTED_EDGE ( 'NONE', *, *, #7109, .T. ) ;
#4609 = AXIS2_PLACEMENT_3D ( 'NONE', #8116, #3018, #6132 ) ;
#4610 = CARTESIAN_POINT ( 'NONE',  ( -13.90174206293825421, 11.19623204291793250, -8.750000000000003553 ) ) ;
#4611 = CARTESIAN_POINT ( 'NONE',  ( 12.26079662292900174, 10.99999999999999645, -10.84658306055586330 ) ) ;
#4612 = ORIENTED_EDGE ( 'NONE', *, *, #8189, .F. ) ;
#4613 = CARTESIAN_POINT ( 'NONE',  ( -21.00000000000002132, 12.49999999999999289, 8.749999999999998224 ) ) ;
#4614 = VERTEX_POINT ( 'NONE', #1552 ) ;
#4615 = B_SPLINE_CURVE_WITH_KNOTS ( 'NONE', 3,
 ( #3520, #6182, #3286, #1873 ),
 .UNSPECIFIED., .F., .F.,
 ( 4, 4 ),
 ( 2.075997254670406672E-07, 0.001038203995179439202 ),
 .UNSPECIFIED. ) ;
#4616 = CARTESIAN_POINT ( 'NONE',  ( 12.89808126023957335, 8.071705168217324200, -8.697521184109941572 ) ) ;
#4617 = AXIS2_PLACEMENT_3D ( 'NONE', #5967, #1328, #91 ) ;
#4618 = EDGE_CURVE ( 'NONE', #3201, #7701, #4974, .T. ) ;
#4619 = ORIENTED_EDGE ( 'NONE', *, *, #7897, .T. ) ;
#4620 = EDGE_CURVE ( 'NONE', #151, #7170, #7714, .T. ) ;
#4621 = CARTESIAN_POINT ( 'NONE',  ( 11.99581516010199778, 9.500045161240020519, 11.28870837891549428 ) ) ;
#4622 = CARTESIAN_POINT ( 'NONE',  ( -7.932747726257767695, 13.44014657956791403, 15.08967093049029096 ) ) ;
#4623 = CARTESIAN_POINT ( 'NONE',  ( 14.81883984523074460, 16.49999999999999645, 29.63767969046146789 ) ) ;
#4624 = AXIS2_PLACEMENT_3D ( 'NONE', #678, #3440, #5365 ) ;
#4625 = DIRECTION ( 'NONE',  ( -0.5066894108117327988, -1.408095776665057188E-14, 0.8621286684545753642 ) ) ;
#4626 = ORIENTED_EDGE ( 'NONE', *, *, #1661, .F. ) ;
#4627 = CARTESIAN_POINT ( 'NONE',  ( -14.33578991974747652, 12.67034420679756224, -8.824239899341424831 ) ) ;
#4628 = DIRECTION ( 'NONE',  ( -0.000000000000000000, 1.000000000000000000, -0.000000000000000000 ) ) ;
#4629 = ORIENTED_EDGE ( 'NONE', *, *, #5525, .T. ) ;
#4630 = DIRECTION ( 'NONE',  ( 0.000000000000000000, 0.000000000000000000, 1.000000000000000000 ) ) ;
#4631 = DIRECTION ( 'NONE',  ( 0.000000000000000000, 0.000000000000000000, -1.000000000000000000 ) ) ;
#4632 = EDGE_CURVE ( 'NONE', #447, #1488, #6582, .T. ) ;
#4633 = FACE_OUTER_BOUND ( 'NONE', #6145, .T. ) ;
#4634 = DIRECTION ( 'NONE',  ( 0.000000000000000000, 1.000000000000000000, 0.000000000000000000 ) ) ;
#4635 = CARTESIAN_POINT ( 'NONE',  ( -13.46309704045871669, 8.459853420432093429, 8.980199218265399352 ) ) ;
#4636 = CARTESIAN_POINT ( 'NONE',  ( -13.34476493561052024, 7.878614268797332620, -8.432164417905344322 ) ) ;
#4637 = ORIENTED_EDGE ( 'NONE', *, *, #7241, .F. ) ;
#4638 = B_SPLINE_CURVE_WITH_KNOTS ( 'NONE', 3,
 ( #4918, #5535, #367, #7564 ),
 .UNSPECIFIED., .F., .F.,
 ( 4, 4 ),
 ( 2.075997254670406672E-07, 0.001038203995179440937 ),
 .UNSPECIFIED. ) ;
#4639 = EDGE_CURVE ( 'NONE', #7953, #632, #707, .T. ) ;
#4640 = VERTEX_POINT ( 'NONE', #3014 ) ;
#4641 = DIRECTION ( 'NONE',  ( 0.7071067811865474617, 0.000000000000000000, -0.7071067811865474617 ) ) ;
#4642 = DIRECTION ( 'NONE',  ( -0.000000000000000000, 1.000000000000000000, -0.000000000000000000 ) ) ;
#4643 = AXIS2_PLACEMENT_3D ( 'NONE', #4836, #1418, #1503 ) ;
#4644 = CARTESIAN_POINT ( 'NONE',  ( 14.61693415389271244, 13.02520802815994472, 8.548219689541374677 ) ) ;
#4645 = CARTESIAN_POINT ( 'NONE',  ( 12.43861778346387226, 9.824871825963313654, 12.08506439272828992 ) ) ;
#4646 = ORIENTED_EDGE ( 'NONE', *, *, #6922, .T. ) ;
#4647 = CARTESIAN_POINT ( 'NONE',  ( -21.00000000000002132, 8.500000000000007105, 8.749999999999998224 ) ) ;
#4648 = LINE ( 'NONE', #7251, #8352 ) ;
#4649 = EDGE_LOOP ( 'NONE', ( #7918, #6488, #2210, #156 ) ) ;
#4650 = AXIS2_PLACEMENT_3D ( 'NONE', #6195, #719, #1341 ) ;
#4651 = CARTESIAN_POINT ( 'NONE',  ( -8.073230648290531164, 7.559853420432085080, -13.73654834780746015 ) ) ;
#4652 = EDGE_LOOP ( 'NONE', ( #2834, #885, #2996, #6794 ) ) ;
#4653 = CIRCLE ( 'NONE', #1847, 19.89999999999999858 ) ;
#4654 = FACE_OUTER_BOUND ( 'NONE', #7607, .T. ) ;
#4655 = CARTESIAN_POINT ( 'NONE',  ( 15.55634918610403439, 10.00004516124002407, 14.14213562373098831 ) ) ;
#4656 = AXIS2_PLACEMENT_3D ( 'NONE', #3465, #5962, #3339 ) ;
#4657 = ORIENTED_EDGE ( 'NONE', *, *, #2914, .T. ) ;
#4658 = CARTESIAN_POINT ( 'NONE',  ( -8.749999999999998224, 12.49999999999999289, 14.41636719170869974 ) ) ;
#4659 = ORIENTED_EDGE ( 'NONE', *, *, #5525, .F. ) ;
#4660 = CARTESIAN_POINT ( 'NONE',  ( -14.95361047396207788, 13.27273270188205068, -8.091623352585203932 ) ) ;
#4661 = MANIFOLD_SOLID_BREP ( 'Dar espesor1[2]', #6808 ) ;
#4662 = CARTESIAN_POINT ( 'NONE',  ( -8.749999999999998224, 12.52665513958391585, -14.33471518854418392 ) ) ;
#4663 = CARTESIAN_POINT ( 'NONE',  ( 18.93724281577042134, 10.99698500754461783, 5.826724824091527033 ) ) ;
#4664 = CARTESIAN_POINT ( 'NONE',  ( 13.22500000000000142, 15.49999999999999467, 26.44999999999998508 ) ) ;
#4665 = AXIS2_PLACEMENT_3D ( 'NONE', #1303, #3989, #5244 ) ;
#4666 = CARTESIAN_POINT ( 'NONE',  ( 15.32555895296516368, 13.24999999999999822, 8.203064892455014245 ) ) ;
#4667 = VECTOR ( 'NONE', #8363, 1000.000000000000000 ) ;
#4668 = EDGE_CURVE ( 'NONE', #5180, #7310, #5697, .T. ) ;
#4669 = CARTESIAN_POINT ( 'NONE',  ( 11.81892733079987856, 9.555230774635148805, -10.73864620554945937 ) ) ;
#4670 = ADVANCED_FACE ( 'NONE', ( #4238, #6898 ), #901, .T. ) ;
#4671 = ORIENTED_EDGE ( 'NONE', *, *, #5475, .T. ) ;
#4672 = LINE ( 'NONE', #3148, #6456 ) ;
#4673 = CARTESIAN_POINT ( 'NONE',  ( 10.00000000000000178, 15.50164662274214322, -19.99999999999999645 ) ) ;
#4674 = EDGE_LOOP ( 'NONE', ( #6880, #229, #7721, #828 ) ) ;
#4675 = CIRCLE ( 'NONE', #7858, 7.000000000000000000 ) ;
#4676 = LINE ( 'NONE', #6383, #609 ) ;
#4677 = FACE_BOUND ( 'NONE', #2709, .T. ) ;
#4678 = CARTESIAN_POINT ( 'NONE',  ( -8.975003248201142370, 12.45985342043207922, 14.78329181874944531 ) ) ;
#4679 = CARTESIAN_POINT ( 'NONE',  ( 14.88614673452785908, 12.89208588240138376, 8.647049310778866626 ) ) ;
#4680 = CC_DESIGN_APPROVAL ( #315, ( #6350 ) ) ;
#4681 = EDGE_CURVE ( 'NONE', #6347, #5078, #6305, .T. ) ;
#4682 = DIRECTION ( 'NONE',  ( 0.000000000000000000, 0.000000000000000000, -1.000000000000000000 ) ) ;
#4683 = EDGE_CURVE ( 'NONE', #1740, #3201, #2451, .T. ) ;
#4684 = CYLINDRICAL_SURFACE ( 'NONE', #590, 19.89999999999999858 ) ;
#4685 = CARTESIAN_POINT ( 'NONE',  ( -14.34847627375048162, 11.12483098435982853, -8.976625077553554988 ) ) ;
#4686 = EDGE_LOOP ( 'NONE', ( #1251, #2188, #7548, #1942 ) ) ;
#4687 = DIRECTION ( 'NONE',  ( 0.000000000000000000, -1.000000000000000000, 0.000000000000000000 ) ) ;
#4688 = EDGE_CURVE ( 'NONE', #6300, #6161, #3829, .T. ) ;
#4689 = DIRECTION ( 'NONE',  ( -0.6813100476940172623, 0.2676438637860938941, -0.6813100476940191497 ) ) ;
#4690 = CARTESIAN_POINT ( 'NONE',  ( -11.21419750224826650, 11.00004516124001697, -12.62841106462140317 ) ) ;
#4691 = EDGE_LOOP ( 'NONE', ( #3524, #89, #2286, #6301 ) ) ;
#4692 = CARTESIAN_POINT ( 'NONE',  ( 12.39543897012401175, 11.77867203159241427, 12.74899236063012076 ) ) ;
#4693 = ORIENTED_EDGE ( 'NONE', *, *, #2484, .F. ) ;
#4694 = DIRECTION ( 'NONE',  ( 0.7071067811902390643, 1.878358579787684137E-11, -0.7071067811828559702 ) ) ;
#4695 = ORIENTED_EDGE ( 'NONE', *, *, #6157, .T. ) ;
#4696 = ORIENTED_EDGE ( 'NONE', *, *, #3230, .T. ) ;
#4697 = CARTESIAN_POINT ( 'NONE',  ( 13.04275645784639792, 10.57427464457846966, 11.62854289535167140 ) ) ;
#4698 = LINE ( 'NONE', #5315, #6056 ) ;
#4699 = CARTESIAN_POINT ( 'NONE',  ( 11.62854289546592135, 10.57427464454089971, 13.04275645771738645 ) ) ;
#4700 = DIRECTION ( 'NONE',  ( 0.7071067811865485719, 0.000000000000000000, -0.7071067811865465735 ) ) ;
#4701 = ORIENTED_EDGE ( 'NONE', *, *, #6560, .T. ) ;
#4702 = DIRECTION ( 'NONE',  ( -0.000000000000000000, 1.000000000000000000, -0.000000000000000000 ) ) ;
#4703 = CARTESIAN_POINT ( 'NONE',  ( 0.000000000000000000, 5.999999999999998224, 0.000000000000000000 ) ) ;
#4704 = B_SPLINE_CURVE_WITH_KNOTS ( 'NONE', 3,
 ( #373, #2478, #1202, #1116, #3142, #5142, #7666, #3052, #4490, #1026 ),
 .UNSPECIFIED., .F., .F.,
 ( 4, 2, 2, 2, 4 ),
 ( 0.000000000000000000, 0.0003699285893685378595, 0.0007398571787370757189, 0.001109785768105616939, 0.001479714357474158377 ),
 .UNSPECIFIED. ) ;
#4705 = LINE ( 'NONE', #7322, #7302 ) ;
#4706 = DIRECTION ( 'NONE',  ( -0.000000000000000000, 1.000000000000000000, -0.000000000000000000 ) ) ;
#4707 = DIRECTION ( 'NONE',  ( 0.000000000000000000, -1.000000000000000000, 0.000000000000000000 ) ) ;
#4708 = AXIS2_PLACEMENT_3D ( 'NONE', #5762, #3759, #5094 ) ;
#4709 = CARTESIAN_POINT ( 'NONE',  ( 8.389767275976334204, 13.34643765900118062, -14.81208241069597165 ) ) ;
#4710 = CARTESIAN_POINT ( 'NONE',  ( -14.95731987031620136, 12.97237671639956247, -8.590219130045873897 ) ) ;
#4711 = FACE_OUTER_BOUND ( 'NONE', #2423, .T. ) ;
#4712 = FACE_OUTER_BOUND ( 'NONE', #4842, .T. ) ;
#4713 = EDGE_CURVE ( 'NONE', #2449, #2177, #5582, .T. ) ;
#4714 = CARTESIAN_POINT ( 'NONE',  ( 15.17417371512782509, 13.17048976614879585, 8.385923578136742051 ) ) ;
#4715 = AXIS2_PLACEMENT_3D ( 'NONE', #4989, #4427, #1615 ) ;
#4716 =( BOUNDED_SURFACE ( )  B_SPLINE_SURFACE ( 3, 2, ( 
 ( #1714, #232, #1539 ),
 ( #7694, #8250, #4394 ),
 ( #2913, #1626, #6315 ),
 ( #8208, #4999, #4224 ),
 ( #279, #888, #322 ),
 ( #4266, #6881, #3621 ),
 ( #2999, #7053, #923 ),
 ( #967, #6230, #2323 ),
 ( #7603, #5533, #1583 ),
 ( #5574, #2282, #8167 ) ),
 .UNSPECIFIED., .F., .F., .F. ) 
 B_SPLINE_SURFACE_WITH_KNOTS ( ( 4, 2, 2, 2, 4 ),
 ( 3, 3 ),
 ( 0.000000000000000000, 0.0003706114402481119115, 0.0007412228804962238231, 0.001111834320744335735, 0.001482445760992447646 ),
 ( 0.000000000000000000, 1.000000000000000000 ),
 .UNSPECIFIED. ) 
 GEOMETRIC_REPRESENTATION_ITEM ( )  RATIONAL_B_SPLINE_SURFACE ( (
 ( 1.000000000000000000, 0.6051264893449649351, 1.000000000000000000),
 ( 1.000000000000000000, 0.5810481624910379672, 1.000000000000000000),
 ( 1.000000000000000000, 0.5567157572374729080, 1.000000000000000000),
 ( 1.000000000000000000, 0.5099035226425788769, 1.000000000000000000),
 ( 1.000000000000000000, 0.4880979738079538888, 1.000000000000000000),
 ( 1.000000000000000000, 0.4567595781997379478, 1.000000000000000000),
 ( 1.000000000000000000, 0.4478108208510508947, 1.000000000000000000),
 ( 1.000000000000000000, 0.4511985673861145796, 1.000000000000000000),
 ( 1.000000000000000000, 0.4633937996951539851, 1.000000000000000000),
 ( 1.000000000000000000, 0.4823580334654603008, 1.000000000000000000) ) ) 
 REPRESENTATION_ITEM ( '' )  SURFACE ( )  );
#4717 = CARTESIAN_POINT ( 'NONE',  ( 8.440622872102075291, 7.884712886244149566, 13.34067826411790136 ) ) ;
#4718 = CARTESIAN_POINT ( 'NONE',  ( 8.502887159392706451, 7.658959718397727379, -13.50787978382501464 ) ) ;
#4719 = VERTEX_POINT ( 'NONE', #7471 ) ;
#4720 = LINE ( 'NONE', #2075, #3421 ) ;
#4721 = CARTESIAN_POINT ( 'NONE',  ( -14.47168223083013672, 11.06832986508520555, -8.750000000004927614 ) ) ;
#4722 = AXIS2_PLACEMENT_3D ( 'NONE', #2260, #4283, #995 ) ;
#4723 = ORIENTED_EDGE ( 'NONE', *, *, #2645, .F. ) ;
#4724 = EDGE_CURVE ( 'NONE', #4601, #5522, #7285, .T. ) ;
#4725 = ORIENTED_EDGE ( 'NONE', *, *, #212, .F. ) ;
#4726 = EDGE_CURVE ( 'NONE', #731, #5994, #1491, .T. ) ;
#4727 = AXIS2_PLACEMENT_3D ( 'NONE', #5694, #952, #5742 ) ;
#4728 = CARTESIAN_POINT ( 'NONE',  ( 0.000000000000000000, 13.40000000000000036, 3.886556190601316803E-15 ) ) ;
#4729 = DIRECTION ( 'NONE',  ( 0.6813100476940172623, -0.2676438637860938941, 0.6813100476940192607 ) ) ;
#4730 = VERTEX_POINT ( 'NONE', #6138 ) ;
#4731 = DIRECTION ( 'NONE',  ( 0.7071067811865475727, 0.000000000000000000, 0.7071067811865475727 ) ) ;
#4732 = CARTESIAN_POINT ( 'NONE',  ( -15.08470218096661419, 13.23016386911116982, -8.195869156634248753 ) ) ;
#4733 = AXIS2_PLACEMENT_3D ( 'NONE', #4320, #7540, #344 ) ;
#4734 = VERTEX_POINT ( 'NONE', #2905 ) ;
#4735 = EDGE_CURVE ( 'NONE', #8026, #8046, #3260, .T. ) ;
#4736 = CARTESIAN_POINT ( 'NONE',  ( 15.55296868683364053, 13.25000000000000178, -8.052420073413831147 ) ) ;
#4737 = PLANE ( 'NONE',  #3539 ) ;
#4738 = CIRCLE ( 'NONE', #3210, 16.47222222222222499 ) ;
#4739 = CARTESIAN_POINT ( 'NONE',  ( 2.375814790345864793E-15, 15.99999999999999645, -19.39999999999999858 ) ) ;
#4740 = CARTESIAN_POINT ( 'NONE',  ( 13.18293903695902713, 7.640146583018961657, -8.032191748610239657 ) ) ;
#4741 = ORIENTED_EDGE ( 'NONE', *, *, #6527, .F. ) ;
#4742 = CARTESIAN_POINT ( 'NONE',  ( -14.33553273365742875, 12.66955441072170530, -8.824238860517834127 ) ) ;
#4743 = ORIENTED_EDGE ( 'NONE', *, *, #7853, .F. ) ;
#4744 = ORIENTED_EDGE ( 'NONE', *, *, #8620, .F. ) ;
#4745 = ADVANCED_FACE ( 'NONE', ( #96, #3476 ), #4737, .T. ) ;
#4746 = DIRECTION ( 'NONE',  ( 0.3103308818458495599, -0.9506286045416355579, 1.099385171488959008E-14 ) ) ;
#4747 = CARTESIAN_POINT ( 'NONE',  ( 0.000000000000000000, 7.749999999999998224, 0.000000000000000000 ) ) ;
#4748 = AXIS2_PLACEMENT_3D ( 'NONE', #4558, #7206, #7051 ) ;
#4749 = CARTESIAN_POINT ( 'NONE',  ( 14.22591835434264063, 11.16497763736488658, 8.749999999999998224 ) ) ;
#4750 = CARTESIAN_POINT ( 'NONE',  ( 16.22466779472081200, 8.548122856808486603, 7.430519884447215340 ) ) ;
#4751 = DIRECTION ( 'NONE',  ( -0.4653245021537783521, -1.023648946556631152E-14, 0.8851401627399688721 ) ) ;
#4752 = AXIS2_PLACEMENT_3D ( 'NONE', #8020, #8057, #8178 ) ;
#4753 = CARTESIAN_POINT ( 'NONE',  ( -10.00000000000000000, 12.49999999999999645, -2.449293598294706513E-15 ) ) ;
#4754 = DIRECTION ( 'NONE',  ( -0.6813100476940172623, 0.2676438637860938941, -0.6813100476940192607 ) ) ;
#4755 = CARTESIAN_POINT ( 'NONE',  ( 1.428699338625685031E-15, 12.39999999999999858, -10.03932046860025906 ) ) ;
#4756 = FACE_OUTER_BOUND ( 'NONE', #4433, .T. ) ;
#4757 = VERTEX_POINT ( 'NONE', #4174 ) ;
#4758 = VECTOR ( 'NONE', #1117, 1000.000000000000000 ) ;
#4759 = MANIFOLD_SOLID_BREP ( 'Cortar-Extruir5', #6249 ) ;
#4760 = CARTESIAN_POINT ( 'NONE',  ( 8.180890470407428339, 7.766128814353871590, 13.48882067539872942 ) ) ;
#4761 = CARTESIAN_POINT ( 'NONE',  ( 7.999999999999998224, 13.25000000000000178, 15.21759819039019135 ) ) ;
#4762 = ADVANCED_FACE ( 'NONE', ( #2181 ), #7661, .T. ) ;
#4763 = CALENDAR_DATE ( 2022, 31, 3 ) ;
#4764 = VECTOR ( 'NONE', #7349, 1000.000000000000114 ) ;
#4765 = CARTESIAN_POINT ( 'NONE',  ( -14.64391144064916617, 12.90681061163158461, 8.657992919649490915 ) ) ;
#4766 = ORIENTED_EDGE ( 'NONE', *, *, #2142, .F. ) ;
#4767 =( BOUNDED_SURFACE ( )  B_SPLINE_SURFACE ( 3, 2, ( 
 ( #8024, #2073, #2034 ),
 ( #4117, #1388, #6120 ),
 ( #117, #6415, #5013 ),
 ( #1733, #7672, #7753 ),
 ( #3058, #6939, #5776 ),
 ( #1598, #3728, #6981 ),
 ( #4409, #2388, #5727 ),
 ( #7067, #6373, #4317 ),
 ( #378, #8354, #340 ),
 ( #4973, #8224, #3102 ) ),
 .UNSPECIFIED., .F., .F., .F. ) 
 B_SPLINE_SURFACE_WITH_KNOTS ( ( 4, 2, 2, 2, 4 ),
 ( 3, 3 ),
 ( -1.517883041479706208E-18, 0.0003713331171499290842, 0.0007426662342998596863, 0.001113999351449790343, 0.001485332468599720891 ),
 ( 0.000000000000000000, 1.000000000000000000 ),
 .UNSPECIFIED. ) 
 GEOMETRIC_REPRESENTATION_ITEM ( )  RATIONAL_B_SPLINE_SURFACE ( (
 ( 1.000000000000000000, 0.7961293436955120262, 1.000000000000000000),
 ( 1.000000000000000000, 0.8146489949727107049, 1.000000000000000000),
 ( 1.000000000000000000, 0.8315454612103078125, 1.000000000000000000),
 ( 1.000000000000000000, 0.8614977035096168523, 1.000000000000000000),
 ( 1.000000000000000000, 0.8740129294221615774, 1.000000000000000000),
 ( 1.000000000000000000, 0.8912487055335450714, 1.000000000000000000),
 ( 1.000000000000000000, 0.8958119522467793416, 1.000000000000000000),
 ( 1.000000000000000000, 0.8943686009368141399, 1.000000000000000000),
 ( 1.000000000000000000, 0.8883767022280582015, 1.000000000000000000),
 ( 1.000000000000000000, 0.8779725897198031870, 1.000000000000000000) ) ) 
 REPRESENTATION_ITEM ( '' )  SURFACE ( )  );
#4768 = CARTESIAN_POINT ( 'NONE',  ( 8.582864541850717899, 8.017110206000820583, 13.28280534543351266 ) ) ;
#4769 = CARTESIAN_POINT ( 'NONE',  ( 7.865056918868988056, 9.441672916265591908, 16.28792642843469096 ) ) ;
#4770 = ADVANCED_FACE ( 'NONE', ( #6997 ), #5662, .T. ) ;
#4771 = EDGE_CURVE ( 'NONE', #2244, #1286, #1004, .T. ) ;
#4772 = DIRECTION ( 'NONE',  ( 0.000000000000000000, -2.035785233652392725E-16, 1.000000000000000000 ) ) ;
#4773 = DIRECTION ( 'NONE',  ( 0.9479564653330626589, 0.3183999683311010132, 0.000000000000000000 ) ) ;
#4774 = ORIENTED_EDGE ( 'NONE', *, *, #6493, .T. ) ;
#4775 = CARTESIAN_POINT ( 'NONE',  ( 8.440680885325415161, 7.884901666891320104, -13.34070376545017567 ) ) ;
#4776 = DIRECTION ( 'NONE',  ( -0.7071067811865463515, -0.000000000000000000, -0.7071067811865487940 ) ) ;
#4777 = ORIENTED_EDGE ( 'NONE', *, *, #907, .T. ) ;
#4778 = ORIENTED_EDGE ( 'NONE', *, *, #8170, .F. ) ;
#4779 = CARTESIAN_POINT ( 'NONE',  ( 15.44865512250254547, 13.33638284859456391, -8.302588189447586586 ) ) ;
#4780 = VERTEX_POINT ( 'NONE', #6304 ) ;
#4781 = CARTESIAN_POINT ( 'NONE',  ( 14.70169960996377334, 12.60757765759114335, -8.750000000000001776 ) ) ;
#4782 = CARTESIAN_POINT ( 'NONE',  ( -8.284266106205194546, 7.792822965648961819, 13.68631877054515300 ) ) ;
#4783 = ADVANCED_FACE ( 'NONE', ( #1752 ), #4428, .F. ) ;
#4784 = CARTESIAN_POINT ( 'NONE',  ( 8.472625329335453870, 13.26576443358571922, -14.73782815449787975 ) ) ;
#4785 = CARTESIAN_POINT ( 'NONE',  ( 13.00484902367621309, 8.634969845410241263, -8.818884423798831307 ) ) ;
#4786 = TOROIDAL_SURFACE ( 'NONE', #7834, 7.246931816258390668, 0.3750000000000000555 ) ;
#4787 = AXIS2_PLACEMENT_3D ( 'NONE', #3598, #2446, #5109 ) ;
#4788 = CARTESIAN_POINT ( 'NONE',  ( -14.45860826633828111, 12.60782990562129235, -8.750000000000003553 ) ) ;
#4789 = ORIENTED_EDGE ( 'NONE', *, *, #6857, .T. ) ;
#4790 = CARTESIAN_POINT ( 'NONE',  ( -8.139498215522147362, 7.658986448312878004, -13.12305510389115071 ) ) ;
#4791 = CARTESIAN_POINT ( 'NONE',  ( 0.000000000000000000, 16.49999999999999645, 0.000000000000000000 ) ) ;
#4792 = CIRCLE ( 'NONE', #2411, 0.5000000000000004441 ) ;
#4793 = AXIS2_PLACEMENT_3D ( 'NONE', #2481, #4625, #5196 ) ;
#4794 = CARTESIAN_POINT ( 'NONE',  ( 8.645682326976633192, 8.104278581208935961, -13.26771289856774949 ) ) ;
#4795 = EDGE_CURVE ( 'NONE', #309, #8032, #7986, .T. ) ;
#4796 = EDGE_LOOP ( 'NONE', ( #4557, #3846, #8157, #539 ) ) ;
#4797 = CARTESIAN_POINT ( 'NONE',  ( -15.08190658247901439, 13.02640908403351183, 8.781374653154928822 ) ) ;
#4798 = CARTESIAN_POINT ( 'NONE',  ( 10.00000000000000178, 12.49999999999999822, -19.99999999999999645 ) ) ;
#4799 = CARTESIAN_POINT ( 'NONE',  ( 5.097671593693066328, 9.704922051056698251, 19.15872578047298802 ) ) ;
#4800 = EDGE_LOOP ( 'NONE', ( #7078, #575, #2751, #7044 ) ) ;
#4801 = CARTESIAN_POINT ( 'NONE',  ( 0.000000000000000000, 6.866178068106953525, 15.22167330524445106 ) ) ;
#4802 = ORIENTED_EDGE ( 'NONE', *, *, #6493, .F. ) ;
#4803 = CIRCLE ( 'NONE', #2269, 18.19999999999999929 ) ;
#4804 = CARTESIAN_POINT ( 'NONE',  ( 15.20279579551076132, 11.00004516124001874, 14.49568901432426316 ) ) ;
#4805 = AXIS2_PLACEMENT_3D ( 'NONE', #7605, #2325, #1628 ) ;
#4806 = CARTESIAN_POINT ( 'NONE',  ( 8.750000000000005329, 8.413726081778227339, 13.60124325485363528 ) ) ;
#4807 = AXIS2_PLACEMENT_3D ( 'NONE', #6215, #3424, #4773 ) ;
#4808 = CARTESIAN_POINT ( 'NONE',  ( 0.000000000000000000, 7.559853420432087745, 0.000000000000000000 ) ) ;
#4809 = FACE_OUTER_BOUND ( 'NONE', #5177, .T. ) ;
#4810 = ORIENTED_EDGE ( 'NONE', *, *, #6687, .F. ) ;
#4811 = FACE_OUTER_BOUND ( 'NONE', #5532, .T. ) ;
#4812 = CIRCLE ( 'NONE', #7167, 17.61995717521473637 ) ;
#4813 = APPROVAL ( #6037, 'UNSPECIFIED' ) ;
#4814 = DIRECTION ( 'NONE',  ( 0.7071067811865485719, 0.000000000000000000, -0.7071067811865464625 ) ) ;
#4815 = CARTESIAN_POINT ( 'NONE',  ( 8.794315985925400980, 8.298496373073385612, 12.90857847512209844 ) ) ;
#4816 = CARTESIAN_POINT ( 'NONE',  ( 12.38881857357498717, 11.50000000000000000, -11.68171179238840196 ) ) ;
#4817 = FACE_OUTER_BOUND ( 'NONE', #4983, .T. ) ;
#4818 = ORIENTED_EDGE ( 'NONE', *, *, #6322, .F. ) ;
#4819 = CYLINDRICAL_SURFACE ( 'NONE', #4045, 14.12193181625839244 ) ;
#4820 = ORIENTED_EDGE ( 'NONE', *, *, #820, .F. ) ;
#4821 = DIRECTION ( 'NONE',  ( -0.4597733903931646715, 0.000000000000000000, 0.8880362771229419749 ) ) ;
#4822 = VERTEX_POINT ( 'NONE', #6393 ) ;
#4823 = CARTESIAN_POINT ( 'NONE',  ( 12.28076636725513282, 10.85530070153508397, 12.28076636714039971 ) ) ;
#4824 = ADVANCED_FACE ( 'NONE', ( #8287 ), #1799, .T. ) ;
#4825 = DIRECTION ( 'NONE',  ( -0.7071067811865492381, 0.000000000000000000, 0.7071067811865457964 ) ) ;
#4826 = CARTESIAN_POINT ( 'NONE',  ( 19.15872578053393482, 9.704922051073163303, 5.097671593638625431 ) ) ;
#4827 = CARTESIAN_POINT ( 'NONE',  ( 12.25349937686476487, 11.05603359936995744, 12.60705276735019353 ) ) ;
#4828 = CARTESIAN_POINT ( 'NONE',  ( 12.91289360147425924, 7.965867924843113457, -8.623067956161451164 ) ) ;
#4829 = ORIENTED_EDGE ( 'NONE', *, *, #1495, .T. ) ;
#4830 = CARTESIAN_POINT ( 'NONE',  ( -8.141351740536872938, 7.659598091246270002, 13.12209390130462872 ) ) ;
#4831 = ORIENTED_EDGE ( 'NONE', *, *, #1724, .T. ) ;
#4832 = CARTESIAN_POINT ( 'NONE',  ( -8.450765044383562241, 7.802619618608535923, -12.97221999686106919 ) ) ;
#4833 = EDGE_CURVE ( 'NONE', #7907, #4907, #4512, .T. ) ;
#4834 = EDGE_CURVE ( 'NONE', #4870, #7663, #3034, .T. ) ;
#4835 = DIRECTION ( 'NONE',  ( 1.000000000000000000, -0.000000000000000000, -0.000000000000000000 ) ) ;
#4836 = CARTESIAN_POINT ( 'NONE',  ( 0.000000000000000000, 12.39999999999999858, 0.000000000000000000 ) ) ;
#4837 = B_SPLINE_CURVE_WITH_KNOTS ( 'NONE', 3,
 ( #5829, #1175, #3327, #6555 ),
 .UNSPECIFIED., .F., .F.,
 ( 4, 4 ),
 ( 2.075988400846850639E-07, 0.001038203994294057807 ),
 .UNSPECIFIED. ) ;
#4838 = CARTESIAN_POINT ( 'NONE',  ( -8.073230648290529388, 7.559853420432087745, 13.73654834780745837 ) ) ;
#4839 = CARTESIAN_POINT ( 'NONE',  ( -15.17567671707624477, 13.17178046006694991, 8.384452665209279232 ) ) ;
#4840 = CARTESIAN_POINT ( 'NONE',  ( -8.749999999999998224, 11.16497763736259330, 14.22591835434965546 ) ) ;
#4841 = CARTESIAN_POINT ( 'NONE',  ( 10.86655280488203346, 10.85530070153508397, 13.69497992951349374 ) ) ;
#4842 = EDGE_LOOP ( 'NONE', ( #8245, #8086, #8207, #6208 ) ) ;
#4843 = DIRECTION ( 'NONE',  ( 0.7071067811865457964, 0.000000000000000000, 0.7071067811865492381 ) ) ;
#4844 = ORIENTED_EDGE ( 'NONE', *, *, #4604, .F. ) ;
#4845 = EDGE_CURVE ( 'NONE', #3104, #1773, #1151, .T. ) ;
#4846 = TOROIDAL_SURFACE ( 'NONE', #3180, 17.39987604145331446, 0.1499999999999999944 ) ;
#4847 = FACE_OUTER_BOUND ( 'NONE', #2487, .T. ) ;
#4848 = ORIENTED_EDGE ( 'NONE', *, *, #2199, .T. ) ;
#4849 = DIRECTION ( 'NONE',  ( 0.000000000000000000, 0.000000000000000000, 1.000000000000000000 ) ) ;
#4850 = PLANE ( 'NONE',  #2436 ) ;
#4851 = DIRECTION ( 'NONE',  ( -0.7071067811865479058, 0.000000000000000000, 0.7071067811865470176 ) ) ;
#4852 = CIRCLE ( 'NONE', #6944, 1.500000000000002665 ) ;
#4853 = VERTEX_POINT ( 'NONE', #1795 ) ;
#4854 = ADVANCED_FACE ( 'NONE', ( #1704 ), #5083, .F. ) ;
#4855 = FACE_OUTER_BOUND ( 'NONE', #7963, .T. ) ;
#4856 = CARTESIAN_POINT ( 'NONE',  ( 2.157822415574016990E-15, 15.49999999999999289, -17.61995717521473992 ) ) ;
#4857 = AXIS2_PLACEMENT_3D ( 'NONE', #5933, #8506, #1974 ) ;
#4858 = CYLINDRICAL_SURFACE ( 'NONE', #6619, 19.39999999999999858 ) ;
#4859 = CARTESIAN_POINT ( 'NONE',  ( 7.999999999999998224, 13.25000000000000178, -21.00000000000002132 ) ) ;
#4860 = ORIENTED_EDGE ( 'NONE', *, *, #1410, .F. ) ;
#4861 = CARTESIAN_POINT ( 'NONE',  ( 8.975003248201149475, 12.45985342043207922, -14.78329181874944176 ) ) ;
#4862 = DIRECTION ( 'NONE',  ( 0.000000000000000000, 1.000000000000000000, 0.000000000000000000 ) ) ;
#4863 = ORIENTED_EDGE ( 'NONE', *, *, #2248, .F. ) ;
#4864 = CARTESIAN_POINT ( 'NONE',  ( -15.17794169866943754, 13.15822734738287281, 8.371830143653900436 ) ) ;
#4865 = VECTOR ( 'NONE', #517, 1000.000000000000000 ) ;
#4866 = CARTESIAN_POINT ( 'NONE',  ( 14.65974925560509945, 12.49999999999999645, -8.750000000000001776 ) ) ;
#4867 = CARTESIAN_POINT ( 'NONE',  ( -13.60124325485363528, 8.413726081778227339, -8.750000000000003553 ) ) ;
#4868 = CARTESIAN_POINT ( 'NONE',  ( 13.01764705246394094, 7.739605449756183475, -8.348587370106429262 ) ) ;
#4869 = ADVANCED_FACE ( 'NONE', ( #4956 ), #4295, .F. ) ;
#4870 = VERTEX_POINT ( 'NONE', #3206 ) ;
#4871 = CARTESIAN_POINT ( 'NONE',  ( -8.794535156164984713, 8.299440474032973469, 12.90874566890950881 ) ) ;
#4872 = VERTEX_POINT ( 'NONE', #2008 ) ;
#4873 = DIRECTION ( 'NONE',  ( 3.682239332094710262E-15, -0.9479564653330670998, 0.3183999683310876350 ) ) ;
#4874 = B_SPLINE_CURVE_WITH_KNOTS ( 'NONE', 3,
 ( #5279, #1291, #1815, #3979, #6633, #4491 ),
 .UNSPECIFIED., .F., .F.,
 ( 4, 2, 4 ),
 ( 2.047269106759048909E-07, 0.0003970266329226898746, 0.0007938485389347038233 ),
 .UNSPECIFIED. ) ;
#4875 = AXIS2_PLACEMENT_3D ( 'NONE', #3886, #2476, #5896 ) ;
#4876 = CARTESIAN_POINT ( 'NONE',  ( 0.000000000000000000, 15.49999999999999289, 0.000000000000000000 ) ) ;
#4877 = CARTESIAN_POINT ( 'NONE',  ( 1.951265580302597833E-15, 7.559853420432087745, -15.93329261678669262 ) ) ;
#4878 = LINE ( 'NONE', #4143, #2315 ) ;
#4879 = CARTESIAN_POINT ( 'NONE',  ( 15.58006697086412018, 13.35985342043208668, 8.066449984402256135 ) ) ;
#4880 = ADVANCED_FACE ( 'NONE', ( #7201 ), #5299, .T. ) ;
#4881 = EDGE_CURVE ( 'NONE', #592, #6973, #458, .T. ) ;
#4882 = CARTESIAN_POINT ( 'NONE',  ( -11.28870837891545520, 9.500045161240020519, -11.99581516010203863 ) ) ;
#4883 = DIRECTION ( 'NONE',  ( 0.9510448246105610570, 0.3090529753642040633, 0.000000000000000000 ) ) ;
#4884 = ORIENTED_EDGE ( 'NONE', *, *, #1472, .F. ) ;
#4885 = DIRECTION ( 'NONE',  ( 0.000000000000000000, 0.000000000000000000, 1.000000000000000000 ) ) ;
#4886 = ORIENTED_EDGE ( 'NONE', *, *, #72, .T. ) ;
#4887 = VECTOR ( 'NONE', #7146, 1000.000000000000000 ) ;
#4888 = DIRECTION ( 'NONE',  ( -0.000000000000000000, 1.000000000000000000, -0.000000000000000000 ) ) ;
#4889 = ORIENTED_EDGE ( 'NONE', *, *, #7212, .F. ) ;
#4890 = DIRECTION ( 'NONE',  ( 0.9479564653330626589, -0.3183999683311010132, 0.000000000000000000 ) ) ;
#4891 = EDGE_CURVE ( 'NONE', #5135, #2336, #2592, .T. ) ;
#4892 = CARTESIAN_POINT ( 'NONE',  ( 8.278549492590821401, 13.23529099986046198, 15.43129108292792573 ) ) ;
#4893 = ORIENTED_EDGE ( 'NONE', *, *, #2144, .T. ) ;
#4894 = FACE_OUTER_BOUND ( 'NONE', #5902, .T. ) ;
#4895 = VECTOR ( 'NONE', #6795, 1000.000000000000000 ) ;
#4896 = ORIENTED_EDGE ( 'NONE', *, *, #8189, .T. ) ;
#4897 = CARTESIAN_POINT ( 'NONE',  ( -21.00000000000002132, 8.500000000000007105, -8.750000000000001776 ) ) ;
#4898 = DIRECTION ( 'NONE',  ( 0.000000000000000000, -1.000000000000000000, -0.000000000000000000 ) ) ;
#4899 = AXIS2_PLACEMENT_3D ( 'NONE', #1614, #5611, #1528 ) ;
#4900 = EDGE_CURVE ( 'NONE', #1448, #7450, #6565, .T. ) ;
#4901 = DIRECTION ( 'NONE',  ( -0.000000000000000000, -0.000000000000000000, 1.000000000000000000 ) ) ;
#4902 = DIRECTION ( 'NONE',  ( 0.000000000000000000, 0.000000000000000000, 1.000000000000000000 ) ) ;
#4903 = ORIENTED_EDGE ( 'NONE', *, *, #7602, .F. ) ;
#4904 = FACE_OUTER_BOUND ( 'NONE', #653, .T. ) ;
#4905 = ORIENTED_EDGE ( 'NONE', *, *, #3352, .F. ) ;
#4906 = ORIENTED_EDGE ( 'NONE', *, *, #698, .T. ) ;
#4907 = VERTEX_POINT ( 'NONE', #2635 ) ;
#4908 = CARTESIAN_POINT ( 'NONE',  ( 13.42302665483224899, 8.340179164047301086, 8.980365443689482419 ) ) ;
#4909 = CARTESIAN_POINT ( 'NONE',  ( -8.511068465226763635, 7.939250728021865378, 13.59507296107066843 ) ) ;
#4910 = EDGE_CURVE ( 'NONE', #1286, #2244, #4653, .T. ) ;
#4911 = CARTESIAN_POINT ( 'NONE',  ( 0.000000000000000000, 7.559853420432087745, 0.000000000000000000 ) ) ;
#4912 = CARTESIAN_POINT ( 'NONE',  ( 13.01513069778180665, 7.867121650335534788, -8.417646562577049352 ) ) ;
#4913 = DIRECTION ( 'NONE',  ( 0.000000000000000000, 0.000000000000000000, 1.000000000000000000 ) ) ;
#4914 = DIRECTION ( 'NONE',  ( 0.000000000000000000, -2.168404344971010347E-16, 1.000000000000000000 ) ) ;
#4915 = VERTEX_POINT ( 'NONE', #8541 ) ;
#4916 = CARTESIAN_POINT ( 'NONE',  ( 14.49568901432426316, 10.00000000000000000, -15.20279579551075955 ) ) ;
#4917 = ADVANCED_FACE ( 'NONE', ( #4554 ), #578, .F. ) ;
#4918 = CARTESIAN_POINT ( 'NONE',  ( -12.43164150781003308, 10.00004516124002407, -11.01742794543697812 ) ) ;
#4919 = VECTOR ( 'NONE', #6028, 1000.000000000000000 ) ;
#4921 = CARTESIAN_POINT ( 'NONE',  ( 8.977869412319490650, 10.17532717871220704, 14.03460004690634833 ) ) ;
#4920 = B_SPLINE_CURVE_WITH_KNOTS ( 'NONE', 3,
 ( #862, #2890, #7489, #2835, #5588, #4193, #846, #6281, #6199, #203 ),
 .UNSPECIFIED., .F., .F.,
 ( 4, 3, 3, 4 ),
 ( 0.000000000000000000, 0.0003000000099060473103, 0.001500001336867674102, 0.004212255550024614215 ),
 .UNSPECIFIED. ) ;
#4922 = ORIENTED_EDGE ( 'NONE', *, *, #887, .T. ) ;
#4923 = CARTESIAN_POINT ( 'NONE',  ( -8.360915864009731635, 7.717815767997128873, 13.00325511311556959 ) ) ;
#4924 = CARTESIAN_POINT ( 'NONE',  ( 8.823959472189915942, 12.44506224921793525, -14.26242018023594760 ) ) ;
#4925 = CARTESIAN_POINT ( 'NONE',  ( 12.18701700614863981, 9.556067532809874976, -11.10550595785550954 ) ) ;
#4926 = DIRECTION ( 'NONE',  ( 0.000000000000000000, 0.000000000000000000, 1.000000000000000000 ) ) ;
#4927 = CARTESIAN_POINT ( 'NONE',  ( 8.900000000000005684, 12.49999999999999289, -14.65974925560509590 ) ) ;
#4928 = CARTESIAN_POINT ( 'NONE',  ( 8.900000000000005684, 12.49999999999999289, 14.65974925560509412 ) ) ;
#4929 = AXIS2_PLACEMENT_3D ( 'NONE', #6141, #5318, #141 ) ;
#4930 = AXIS2_PLACEMENT_3D ( 'NONE', #7678, #8408, #5647 ) ;
#4931 = EDGE_CURVE ( 'NONE', #6347, #6843, #866, .T. ) ;
#4932 = EDGE_CURVE ( 'NONE', #7781, #5755, #2839, .T. ) ;
#4933 = DIRECTION ( 'NONE',  ( 0.8581257778159845362, -9.924072880788309323E-15, -0.5134395285208487314 ) ) ;
#4934 = VERTEX_POINT ( 'NONE', #5840 ) ;
#4935 = DIRECTION ( 'NONE',  ( 0.000000000000000000, 1.000000000000000000, 0.000000000000000000 ) ) ;
#4936 = DIRECTION ( 'NONE',  ( 0.000000000000000000, 0.000000000000000000, 1.000000000000000000 ) ) ;
#4937 = AXIS2_PLACEMENT_3D ( 'NONE', #6172, #2349, #4249 ) ;
#4938 = AXIS2_PLACEMENT_3D ( 'NONE', #2494, #567, #1128 ) ;
#4939 = CARTESIAN_POINT ( 'NONE',  ( 14.07634626821247004, 11.87464461479038569, 8.823243299300834508 ) ) ;
#4940 = ORIENTED_EDGE ( 'NONE', *, *, #7582, .F. ) ;
#4941 = EDGE_CURVE ( 'NONE', #6561, #583, #5219, .T. ) ;
#4942 = EDGE_CURVE ( 'NONE', #6726, #1115, #2551, .T. ) ;
#4943 = AXIS2_PLACEMENT_3D ( 'NONE', #7865, #3296, #1924 ) ;
#4944 = CARTESIAN_POINT ( 'NONE',  ( -14.78329181874944354, 12.45985342043207567, 8.975003248201144146 ) ) ;
#4945 = DIRECTION ( 'NONE',  ( 0.000000000000000000, 0.000000000000000000, -1.000000000000000000 ) ) ;
#4946 = CARTESIAN_POINT ( 'NONE',  ( -8.729485555698918375, 8.296532393612450207, 13.02739189056462088 ) ) ;
#4947 = DIRECTION ( 'NONE',  ( -0.000000000000000000, 1.000000000000000000, -0.000000000000000000 ) ) ;
#4948 = ORIENTED_EDGE ( 'NONE', *, *, #7433, .T. ) ;
#4949 = DIRECTION ( 'NONE',  ( 0.000000000000000000, 0.000000000000000000, -1.000000000000000000 ) ) ;
#4950 = EDGE_LOOP ( 'NONE', ( #7712, #5788, #4820, #537 ) ) ;
#4951 = ORIENTED_EDGE ( 'NONE', *, *, #4081, .F. ) ;
#4952 = CARTESIAN_POINT ( 'NONE',  ( 13.38818511127741750, 7.988658280405499745, 8.856505393181036467 ) ) ;
#4953 = CARTESIAN_POINT ( 'NONE',  ( 19.15872578053393482, 9.704922051073163303, 5.097671593638625431 ) ) ;
#4954 = ADVANCED_FACE ( 'NONE', ( #1921 ), #8535, .T. ) ;
#4955 = CARTESIAN_POINT ( 'NONE',  ( -13.60124325485364416, 8.413726081778223787, 8.749999999999996447 ) ) ;
#4956 = FACE_OUTER_BOUND ( 'NONE', #6933, .T. ) ;
#4957 = CARTESIAN_POINT ( 'NONE',  ( -13.34070376544996250, 7.884901666891320104, -8.440680885325413385 ) ) ;
#4958 = DIRECTION ( 'NONE',  ( 0.000000000000000000, 1.000000000000000000, 2.168404344971010347E-16 ) ) ;
#4959 = DIRECTION ( 'NONE',  ( -0.000000000000000000, 1.000000000000000000, -0.000000000000000000 ) ) ;
#4960 = VERTEX_POINT ( 'NONE', #7379 ) ;
#4961 = DIRECTION ( 'NONE',  ( -0.7071067811865487940, -0.000000000000000000, 0.7071067811865463515 ) ) ;
#4962 = CARTESIAN_POINT ( 'NONE',  ( 11.30310960576026247, 11.25654416183280659, 12.64496607428685593 ) ) ;
#4963 = CARTESIAN_POINT ( 'NONE',  ( 13.39863506714175401, 8.218451002612303213, -8.956063912116933423 ) ) ;
#4964 = DIRECTION ( 'NONE',  ( 0.000000000000000000, 0.000000000000000000, -1.000000000000000000 ) ) ;
#4965 = CARTESIAN_POINT ( 'NONE',  ( 15.21759819039019135, 13.25000000000000178, -7.999999999999996447 ) ) ;
#4966 = CARTESIAN_POINT ( 'NONE',  ( 14.29338720761957582, 12.54014657956790479, 8.824077831548112982 ) ) ;
#4967 = CARTESIAN_POINT ( 'NONE',  ( 12.28641834664126442, 11.13020090498585546, 10.87220478426820591 ) ) ;
#4968 = ORIENTED_EDGE ( 'NONE', *, *, #861, .F. ) ;
#4969 = CARTESIAN_POINT ( 'NONE',  ( -1.943278095300658796E-15, 13.40000000000000213, 0.000000000000000000 ) ) ;
#4970 = CARTESIAN_POINT ( 'NONE',  ( -8.377391905626504709, 13.32885855960734567, 14.81246661917089646 ) ) ;
#4971 = DIRECTION ( 'NONE',  ( -0.6813100476940172623, 0.2676438637860938941, -0.6813100476940191497 ) ) ;
#4972 = ORIENTED_EDGE ( 'NONE', *, *, #6747, .T. ) ;
#4973 = CARTESIAN_POINT ( 'NONE',  ( 8.750000000000003553, 8.500000000000007105, 13.09261806874822653 ) ) ;
#4974 = LINE ( 'NONE', #1035, #6989 ) ;
#4975 = ADVANCED_FACE ( 'NONE', ( #7460 ), #2169, .F. ) ;
#4976 = CARTESIAN_POINT ( 'NONE',  ( 10.00000000000000000, 15.50164662274214145, 1.224646799147353256E-15 ) ) ;
#4977 = ORIENTED_EDGE ( 'NONE', *, *, #3134, .T. ) ;
#4978 = EDGE_LOOP ( 'NONE', ( #1206, #2977, #3856, #8493 ) ) ;
#4979 = CARTESIAN_POINT ( 'NONE',  ( 0.000000000000000000, 12.39999999999999858, 0.000000000000000000 ) ) ;
#4980 = LINE ( 'NONE', #7628, #4667 ) ;
#4981 = CARTESIAN_POINT ( 'NONE',  ( 15.20279579551075777, 9.500045161240020519, 14.49568901432426671 ) ) ;
#4982 = CARTESIAN_POINT ( 'NONE',  ( 14.22591826066063625, 11.16497734891128424, 8.749999999999998224 ) ) ;
#4983 = EDGE_LOOP ( 'NONE', ( #4696, #2228, #2465, #5938 ) ) ;
#4984 = ADVANCED_FACE ( 'NONE', ( #4855 ), #777, .F. ) ;
#4985 = CARTESIAN_POINT ( 'NONE',  ( 8.533508299221013615, 13.26444114494498372, -15.30040869374149359 ) ) ;
#4986 = EDGE_CURVE ( 'NONE', #2575, #592, #5356, .T. ) ;
#4987 = EDGE_LOOP ( 'NONE', ( #8267, #3951, #7428, #7903 ) ) ;
#4988 = CARTESIAN_POINT ( 'NONE',  ( 0.000000000000000000, 8.210237713098814893, 0.000000000000000000 ) ) ;
#4989 = CARTESIAN_POINT ( 'NONE',  ( 5.597104675785064209, -23.17234933597579172, 5.597104675671378260 ) ) ;
#4990 = VECTOR ( 'NONE', #7258, 1000.000000000000000 ) ;
#4991 = CARTESIAN_POINT ( 'NONE',  ( -13.02797185597955298, 8.298439434960830141, -8.729711360937010056 ) ) ;
#4992 = CARTESIAN_POINT ( 'NONE',  ( 13.53979924743932983, 9.831370388437361996, -8.750000000000001776 ) ) ;
#4993 = CARTESIAN_POINT ( 'NONE',  ( 13.44711090423670363, 9.963278319209056377, -8.820728691657592435 ) ) ;
#4994 = EDGE_LOOP ( 'NONE', ( #7117, #6153, #6007, #3733 ) ) ;
#4995 = EDGE_CURVE ( 'NONE', #1045, #6648, #7654, .T. ) ;
#4996 = DIRECTION ( 'NONE',  ( -1.000000000000000000, 0.000000000000000000, 0.000000000000000000 ) ) ;
#4997 = AXIS2_PLACEMENT_3D ( 'NONE', #1821, #4495, #3771 ) ;
#4998 = ORIENTED_EDGE ( 'NONE', *, *, #2076, .F. ) ;
#4999 = CARTESIAN_POINT ( 'NONE',  ( 13.61718835361990543, 7.881216192377641150, 8.444804520715718965 ) ) ;
#5000 = VECTOR ( 'NONE', #5823, 1000.000000000000000 ) ;
#5001 = CARTESIAN_POINT ( 'NONE',  ( 0.000000000000000000, 15.99999999999999645, 19.89999999999999858 ) ) ;
#5002 = CARTESIAN_POINT ( 'NONE',  ( 0.000000000000000000, 7.749999999999999112, 0.000000000000000000 ) ) ;
#5003 = EDGE_LOOP ( 'NONE', ( #3420, #3650, #7140, #6836 ) ) ;
#5004 = CARTESIAN_POINT ( 'NONE',  ( 14.64773306970225875, 12.91096995526480029, -8.654904210150098365 ) ) ;
#5005 = CARTESIAN_POINT ( 'NONE',  ( 0.000000000000000000, 5.999999999999998224, 0.000000000000000000 ) ) ;
#5006 = ORIENTED_EDGE ( 'NONE', *, *, #336, .F. ) ;
#5007 = DIRECTION ( 'NONE',  ( 1.000000000000000000, 0.000000000000000000, 0.000000000000000000 ) ) ;
#5008 = DIRECTION ( 'NONE',  ( -0.000000000000000000, 1.000000000000000000, -0.000000000000000000 ) ) ;
#5009 = DIRECTION ( 'NONE',  ( -0.4597733903931674471, 0.000000000000000000, 0.8880362771229405316 ) ) ;
#5010 = CIRCLE ( 'NONE', #3480, 0.1499999999999996059 ) ;
#5011 = CARTESIAN_POINT ( 'NONE',  ( 7.925793772813728211, 7.640146579567910656, -13.24659978108555158 ) ) ;
#5012 = VERTEX_POINT ( 'NONE', #6126 ) ;
#5013 = CARTESIAN_POINT ( 'NONE',  ( 8.138477907032999781, 7.658789683022638961, 13.12362056837241475 ) ) ;
#5014 = VECTOR ( 'NONE', #7832, 1000.000000000000000 ) ;
#5015 = CARTESIAN_POINT ( 'NONE',  ( 8.469883339689156188, 13.11942249928248749, 15.28907684920412891 ) ) ;
#5016 = PERSON_AND_ORGANIZATION_ROLE ( 'creator' ) ;
#5017 = CARTESIAN_POINT ( 'NONE',  ( -13.22499999999999964, 15.49999999999999289, 0.000000000000000000 ) ) ;
#5018 = CARTESIAN_POINT ( 'NONE',  ( -13.02739189056462088, 8.296532393612446654, -8.729485555698921928 ) ) ;
#5019 = VERTEX_POINT ( 'NONE', #2726 ) ;
#5020 = EDGE_CURVE ( 'NONE', #92, #431, #7353, .T. ) ;
#5021 = CARTESIAN_POINT ( 'NONE',  ( 13.34286252986123245, 8.500000000000007105, 8.749999999999998224 ) ) ;
#5022 = CARTESIAN_POINT ( 'NONE',  ( -10.84659194765857926, 11.00004516124001697, -12.26080551003171593 ) ) ;
#5023 = DIRECTION ( 'NONE',  ( -0.000000000000000000, 1.000000000000000000, -0.000000000000000000 ) ) ;
#5024 = ADVANCED_BREP_SHAPE_REPRESENTATION ( 'DRIVER_3W_nuevaelectronica', ( #1788, #4661, #7569, #1696, #7408, #1879, #7625, #1716, #4759, #2145 ), #7583 ) ;
#5025 = CARTESIAN_POINT ( 'NONE',  ( 13.34286252986123245, 8.500000000000007105, -8.750000000000001776 ) ) ;
#5026 = CARTESIAN_POINT ( 'NONE',  ( 8.874931852419952797E-16, 7.874999999999998224, -7.246931816258390668 ) ) ;
#5027 = ORIENTED_EDGE ( 'NONE', *, *, #1600, .T. ) ;
#5028 = CIRCLE ( 'NONE', #7246, 0.1499999999999996059 ) ;
#5029 = CARTESIAN_POINT ( 'NONE',  ( 0.000000000000000000, 9.500000000000000000, 0.000000000000000000 ) ) ;
#5030 = ORIENTED_EDGE ( 'NONE', *, *, #3497, .F. ) ;
#5031 = CARTESIAN_POINT ( 'NONE',  ( 8.073230648290536493, 7.559853420432087745, 13.73654834780745482 ) ) ;
#5032 = CARTESIAN_POINT ( 'NONE',  ( -8.052420073413827595, 13.24999999999999822, -15.55296868683364053 ) ) ;
#5033 = CIRCLE ( 'NONE', #6428, 13.22499999999999964 ) ;
#5034 = EDGE_CURVE ( 'NONE', #5078, #6609, #125, .T. ) ;
#5035 = CARTESIAN_POINT ( 'NONE',  ( -12.97796484028091157, 8.421913141508253986, -8.753358550614311895 ) ) ;
#5036 = EDGE_CURVE ( 'NONE', #2241, #5775, #4206, .T. ) ;
#5037 = CARTESIAN_POINT ( 'NONE',  ( -13.68631877054549406, 7.792822965649127909, -8.284266106205230074 ) ) ;
#5038 = LINE ( 'NONE', #7000, #8132 ) ;
#5039 = VERTEX_POINT ( 'NONE', #213 ) ;
#5040 = VERTEX_POINT ( 'NONE', #863 ) ;
#5041 = DIRECTION ( 'NONE',  ( 0.000000000000000000, 0.000000000000000000, 1.000000000000000000 ) ) ;
#5042 = ORIENTED_EDGE ( 'NONE', *, *, #8373, .F. ) ;
#5043 = CARTESIAN_POINT ( 'NONE',  ( 0.000000000000000000, 15.99999999999999645, 0.000000000000000000 ) ) ;
#5044 = DIRECTION ( 'NONE',  ( -6.217248937900875364E-14, 0.000000000000000000, 1.000000000000000000 ) ) ;
#5045 = B_SPLINE_CURVE_WITH_KNOTS ( 'NONE', 3,
 ( #167, #867, #5359, #7257, #8007, #2170, #4208, #7962, #6907, #5603 ),
 .UNSPECIFIED., .F., .F.,
 ( 4, 2, 2, 2, 4 ),
 ( 0.000000000000000000, 0.0003171698712701660522, 0.0006343397425403321044, 0.0009515096138104982108, 0.001268679485080665076 ),
 .UNSPECIFIED. ) ;
#5046 =( BOUNDED_SURFACE ( )  B_SPLINE_SURFACE ( 3, 2, ( 
 ( #3081, #495, #3207 ),
 ( #4429, #7168, #5883 ),
 ( #2594, #1838, #5753 ),
 ( #8374, #8499, #5086 ),
 ( #1101, #2552, #1226 ),
 ( #7734, #3165, #3794 ) ),
 .UNSPECIFIED., .F., .F., .F. ) 
 B_SPLINE_SURFACE_WITH_KNOTS ( ( 4, 2, 4 ),
 ( 3, 3 ),
 ( 0.000000000000000000, 0.0008096546729410483006, 0.001619309345882096601 ),
 ( 0.000000000000000000, 1.000000000000000000 ),
 .UNSPECIFIED. ) 
 GEOMETRIC_REPRESENTATION_ITEM ( )  RATIONAL_B_SPLINE_SURFACE ( (
 ( 1.000000000000000000, 0.8677983030863967162, 1.000000000000000000),
 ( 1.000000000000000000, 0.8450278239682005310, 1.000000000000000000),
 ( 1.000000000000000000, 0.8038662686751355535, 1.000000000000000000),
 ( 1.000000000000000000, 0.7097264250281812847, 1.000000000000000000),
 ( 1.000000000000000000, 0.6552933213425500281, 1.000000000000000000),
 ( 1.000000000000000000, 0.6051264893449939120, 1.000000000000000000) ) ) 
 REPRESENTATION_ITEM ( '' )  SURFACE ( )  );
#5047 = DIRECTION ( 'NONE',  ( -1.084202172485505174E-16, 1.000000000000000000, 0.000000000000000000 ) ) ;
#5048 = EDGE_CURVE ( 'NONE', #3818, #1308, #8472, .T. ) ;
#5049 = CARTESIAN_POINT ( 'NONE',  ( 14.44177515264978950, 11.41421181137223329, -8.976292384117403600 ) ) ;
#5050 = CARTESIAN_POINT ( 'NONE',  ( -8.383832903148455529, 13.17116922684469671, -14.93774812434661570 ) ) ;
#5051 = VERTEX_POINT ( 'NONE', #6042 ) ;
#5052 = LINE ( 'NONE', #3298, #7087 ) ;
#5053 = ORIENTED_EDGE ( 'NONE', *, *, #5211, .F. ) ;
#5054 = CARTESIAN_POINT ( 'NONE',  ( -14.80960307706623169, 13.34416902484765721, 8.392814450962253758 ) ) ;
#5055 = DIRECTION ( 'NONE',  ( -0.6813100476940174843, 0.2676438637860937275, -0.6813100476940190386 ) ) ;
#5056 = ADVANCED_FACE ( 'NONE', ( #46 ), #5066, .T. ) ;
#5057 = AXIS2_PLACEMENT_3D ( 'NONE', #5996, #611, #3997 ) ;
#5058 = CARTESIAN_POINT ( 'NONE',  ( 8.900000000000005684, 12.49999999999999289, 14.41636719170869263 ) ) ;
#5059 = DIRECTION ( 'NONE',  ( 0.000000000000000000, -1.000000000000000000, 0.000000000000000000 ) ) ;
#5060 = LINE ( 'NONE', #1640, #6294 ) ;
#5061 = ORIENTED_EDGE ( 'NONE', *, *, #8548, .T. ) ;
#5062 = APPROVAL_ROLE ( '' ) ;
#5063 = CARTESIAN_POINT ( 'NONE',  ( 12.97309164460348896, 8.540146579567922558, 8.818749239510209392 ) ) ;
#5064 = AXIS2_PLACEMENT_3D ( 'NONE', #6079, #8145, #2842 ) ;
#5065 = CARTESIAN_POINT ( 'NONE',  ( 0.000000000000000000, 7.750000000000001776, 0.000000000000000000 ) ) ;
#5066 = TOROIDAL_SURFACE ( 'NONE', #7558, 17.39987604145331446, 0.1499999999999999944 ) ;
#5067 = VERTEX_POINT ( 'NONE', #5428 ) ;
#5068 = B_SPLINE_CURVE_WITH_KNOTS ( 'NONE', 3,
 ( #3365, #7885, #4032, #1905, #6030, #390 ),
 .UNSPECIFIED., .F., .F.,
 ( 4, 2, 4 ),
 ( 0.0007962374763571185591, 0.001195763542436038655, 0.001595289608514958643 ),
 .UNSPECIFIED. ) ;
#5069 = CARTESIAN_POINT ( 'NONE',  ( 8.654904210150101918, 12.91096995526480029, 14.64773306970226230 ) ) ;
#5070 = AXIS2_PLACEMENT_3D ( 'NONE', #7555, #6357, #1706 ) ;
#5071 = CIRCLE ( 'NONE', #1307, 17.19230335598365400 ) ;
#5072 = CARTESIAN_POINT ( 'NONE',  ( 10.82506255079827007, 9.499999999999998224, -11.71934440570280778 ) ) ;
#5073 = CARTESIAN_POINT ( 'NONE',  ( 12.91209045082908347, 7.969149218854766126, 8.625916490643747991 ) ) ;
#5074 = CARTESIAN_POINT ( 'NONE',  ( 12.06401308320026899, 10.00004516124002407, 10.64979952082721404 ) ) ;
#5075 = ORIENTED_EDGE ( 'NONE', *, *, #1931, .F. ) ;
#5076 = CYLINDRICAL_SURFACE ( 'NONE', #5427, 7.621931816258390668 ) ;
#5077 = ORIENTED_EDGE ( 'NONE', *, *, #6002, .F. ) ;
#5078 = VERTEX_POINT ( 'NONE', #4372 ) ;
#5079 = CIRCLE ( 'NONE', #323, 0.1500000000000003830 ) ;
#5080 = CARTESIAN_POINT ( 'NONE',  ( 14.70344805081502493, 12.61206145962823655, -8.750000000000003553 ) ) ;
#5081 = AXIS2_PLACEMENT_3D ( 'NONE', #3903, #6556, #4037 ) ;
#5082 = CARTESIAN_POINT ( 'NONE',  ( -13.58084498391431438, 8.327678053776786271, 8.738194191193860760 ) ) ;
#5083 = PLANE ( 'NONE',  #5626 ) ;
#5084 = CARTESIAN_POINT ( 'NONE',  ( 1.423276159868962539E-15, 7.749999999999998224, -11.62193181625839244 ) ) ;
#5085 = AXIS2_PLACEMENT_3D ( 'NONE', #580, #4474, #3208 ) ;
#5086 = CARTESIAN_POINT ( 'NONE',  ( 8.391482440086859285, 13.34491241480332846, 14.81059746271082567 ) ) ;
#5087 = PLANE ( 'NONE',  #1867 ) ;
#5088 = CARTESIAN_POINT ( 'NONE',  ( 12.02171516458901479, 11.50000000000000000, -11.31460838340243136 ) ) ;
#5089 = EDGE_CURVE ( 'NONE', #6418, #7677, #5816, .T. ) ;
#5090 = VERTEX_POINT ( 'NONE', #386 ) ;
#5091 = CARTESIAN_POINT ( 'NONE',  ( -12.62840217852562219, 10.99999999999999645, 11.21418861615248730 ) ) ;
#5092 = CIRCLE ( 'NONE', #1731, 15.93329261678669617 ) ;
#5093 = CARTESIAN_POINT ( 'NONE',  ( 13.57003270634269221, 8.064230066280398290, -8.617692080985310810 ) ) ;
#5094 = DIRECTION ( 'NONE',  ( 0.000000000000000000, 0.000000000000000000, -1.000000000000000000 ) ) ;
#5095 = ORIENTED_EDGE ( 'NONE', *, *, #200, .F. ) ;
#5096 = DIRECTION ( 'NONE',  ( 0.000000000000000000, 0.000000000000000000, -1.000000000000000000 ) ) ;
#5097 = CARTESIAN_POINT ( 'NONE',  ( -12.06401308320027077, 10.00004516124002407, -10.64979952082721404 ) ) ;
#5098 = CARTESIAN_POINT ( 'NONE',  ( -8.749999999999998224, 12.49999999999999289, 14.41636719170869796 ) ) ;
#5099 = ADVANCED_FACE ( 'NONE', ( #6947 ), #3642, .F. ) ;
#5100 = EDGE_CURVE ( 'NONE', #4614, #2437, #6735, .T. ) ;
#5101 = CARTESIAN_POINT ( 'NONE',  ( 0.000000000000000000, 7.749999999999998224, 0.000000000000000000 ) ) ;
#5102 = DIRECTION ( 'NONE',  ( 0.000000000000000000, 1.000000000000000000, 0.000000000000000000 ) ) ;
#5103 = CARTESIAN_POINT ( 'NONE',  ( 0.000000000000000000, 7.559853420432087745, 0.000000000000000000 ) ) ;
#5104 = LINE ( 'NONE', #1775, #3334 ) ;
#5105 = DIRECTION ( 'NONE',  ( 1.224646799147357151E-16, 0.000000000000000000, -1.000000000000000000 ) ) ;
#5106 = EDGE_CURVE ( 'NONE', #3074, #5802, #3108, .T. ) ;
#5107 = CARTESIAN_POINT ( 'NONE',  ( 13.20551385812196443, 11.02926921301482821, 11.79130029564102422 ) ) ;
#5108 = VERTEX_POINT ( 'NONE', #5021 ) ;
#5109 = DIRECTION ( 'NONE',  ( 0.000000000000000000, -2.168404344971010347E-16, 1.000000000000000000 ) ) ;
#5110 = CARTESIAN_POINT ( 'NONE',  ( -13.73654834780745837, 7.559853420432087745, 8.073230648290531164 ) ) ;
#5111 = CARTESIAN_POINT ( 'NONE',  ( -8.818884423798825978, 8.634969845410243039, -13.00484902367621487 ) ) ;
#5112 = ORIENTED_EDGE ( 'NONE', *, *, #957, .T. ) ;
#5113 = CARTESIAN_POINT ( 'NONE',  ( 0.000000000000000000, 7.749999999999998224, 11.62193181625839244 ) ) ;
#5114 = EDGE_CURVE ( 'NONE', #8404, #2307, #7631, .T. ) ;
#5115 = VERTEX_POINT ( 'NONE', #2979 ) ;
#5116 = CARTESIAN_POINT ( 'NONE',  ( 15.32066171876046212, 13.23013748590532757, -8.196010581980230469 ) ) ;
#5117 = DIRECTION ( 'NONE',  ( 0.000000000000000000, 0.000000000000000000, 1.000000000000000000 ) ) ;
#5118 = UNCERTAINTY_MEASURE_WITH_UNIT (LENGTH_MEASURE( 1.000000000000000082E-05 ), #82, 'distance_accuracy_value', 'NONE');
#5119 = DIRECTION ( 'NONE',  ( 0.1892527910123306956, 0.9635179096299406609, 0.1892527910399011970 ) ) ;
#5120 = CARTESIAN_POINT ( 'NONE',  ( -8.750000000000000000, 12.41970336326913760, -14.90684508345313652 ) ) ;
#5121 = CIRCLE ( 'NONE', #4030, 1.999999999999999112 ) ;
#5122 = CARTESIAN_POINT ( 'NONE',  ( 10.84658306055590771, 10.99999999999999645, -12.26079662292896089 ) ) ;
#5123 = CARTESIAN_POINT ( 'NONE',  ( 13.73145128284950367, 10.82149271643175581, -8.821893311781112246 ) ) ;
#5124 = ORIENTED_EDGE ( 'NONE', *, *, #3597, .T. ) ;
#5125 = ORIENTED_EDGE ( 'NONE', *, *, #6169, .T. ) ;
#5126 = CARTESIAN_POINT ( 'NONE',  ( 8.750000000000003553, 12.49999999999999467, -14.65974925560509590 ) ) ;
#5127 = VERTEX_POINT ( 'NONE', #7762 ) ;
#5128 = CARTESIAN_POINT ( 'NONE',  ( -8.653567629719971066, 8.125727240586096300, -13.56807200422165138 ) ) ;
#5129 = VECTOR ( 'NONE', #5401, 1000.000000000000000 ) ;
#5130 = CARTESIAN_POINT ( 'NONE',  ( -18.19999999999999218, 16.51447992314274771, 36.40000000000000568 ) ) ;
#5131 = CLOSED_SHELL ( 'NONE', ( #442, #24, #859, #8421, #1677, #6233 ) ) ;
#5132 = EDGE_CURVE ( 'NONE', #7705, #7831, #3402, .T. ) ;
#5133 = CARTESIAN_POINT ( 'NONE',  ( -8.348305505091490275, 7.829301867517131086, 13.38924546360153478 ) ) ;
#5134 = CARTESIAN_POINT ( 'NONE',  ( -14.22134909590587526, 10.74122420985701964, -8.977134644401321140 ) ) ;
#5135 = VERTEX_POINT ( 'NONE', #7072 ) ;
#5136 = CARTESIAN_POINT ( 'NONE',  ( -7.941461297367347960, 7.749999999999996447, 13.27278535104500712 ) ) ;
#5137 = ORIENTED_EDGE ( 'NONE', *, *, #2472, .T. ) ;
#5138 = AXIS2_PLACEMENT_3D ( 'NONE', #2572, #467, #8351 ) ;
#5139 = B_SPLINE_CURVE_WITH_KNOTS ( 'NONE', 3,
 ( #482, #1131, #8576, #5832, #6647, #4636, #1913, #1315, #3156, #3245 ),
 .UNSPECIFIED., .F., .F.,
 ( 4, 2, 2, 2, 4 ),
 ( 0.000000000000000000, 0.0003162973803822045188, 0.0006325947607644090377, 0.0009488921411466135023, 0.001265189521528818075 ),
 .UNSPECIFIED. ) ;
#5140 = CARTESIAN_POINT ( 'NONE',  ( -8.749999999999998224, 11.16487894244644252, -13.98051948716656234 ) ) ;
#5141 = CARTESIAN_POINT ( 'NONE',  ( 12.90857847512215351, 8.298496373073650290, -8.794315985925457824 ) ) ;
#5142 = CARTESIAN_POINT ( 'NONE',  ( 8.450628840194266189, 7.802332139189679161, -12.97221855253981637 ) ) ;
#5143 = CARTESIAN_POINT ( 'NONE',  ( 16.29279879949021392, 8.521358470429877485, 7.498650889216617266 ) ) ;
#5144 = AXIS2_PLACEMENT_3D ( 'NONE', #7142, #7756, #5777 ) ;
#5145 = EDGE_CURVE ( 'NONE', #7450, #2377, #3685, .T. ) ;
#5146 = LINE ( 'NONE', #3185, #7021 ) ;
#5147 = EDGE_CURVE ( 'NONE', #2477, #6216, #166, .T. ) ;
#5148 = ORIENTED_EDGE ( 'NONE', *, *, #3230, .F. ) ;
#5149 = CARTESIAN_POINT ( 'NONE',  ( -15.55296868683363698, 13.25000000000000000, 8.052420073413829371 ) ) ;
#5150 = CARTESIAN_POINT ( 'NONE',  ( 1.178346800039491848E-15, 7.749999999999998224, -9.121931816258390668 ) ) ;
#5151 = CARTESIAN_POINT ( 'NONE',  ( 8.975003248201153028, 12.45985342042944310, 14.78329181874858200 ) ) ;
#5152 = AXIS2_PLACEMENT_3D ( 'NONE', #525, #1962, #6649 ) ;
#5153 = DIRECTION ( 'NONE',  ( -0.000000000000000000, -1.000000000000000000, -0.000000000000000000 ) ) ;
#5154 = ORIENTED_EDGE ( 'NONE', *, *, #4833, .T. ) ;
#5155 = B_SPLINE_CURVE_WITH_KNOTS ( 'NONE', 3,
 ( #302, #7764, #996, #5830, #3737, #350, #6382, #3644, #5736, #5110 ),
 .UNSPECIFIED., .F., .F.,
 ( 4, 2, 2, 2, 4 ),
 ( 0.000000000000000000, 0.0003725217699890796103, 0.0007450435399781592206, 0.001117565309967238777, 0.001490087079956318441 ),
 .UNSPECIFIED. ) ;
#5156 = B_SPLINE_CURVE_WITH_KNOTS ( 'NONE', 3,
 ( #8083, #4785, #2951, #2461, #6962, #445, #4993, #5123, #3615, #919 ),
 .UNSPECIFIED., .F., .F.,
 ( 4, 3, 3, 4 ),
 ( 0.000000000000000000, 0.0003000000171804502870, 0.001500001973123546309, 0.004212287932787169877 ),
 .UNSPECIFIED. ) ;
#5157 = AXIS2_PLACEMENT_3D ( 'NONE', #7399, #1413, #4099 ) ;
#5158 = DIRECTION ( 'NONE',  ( 0.000000000000000000, 0.000000000000000000, -1.000000000000000000 ) ) ;
#5159 = EDGE_CURVE ( 'NONE', #587, #7197, #6425, .T. ) ;
#5160 = DIRECTION ( 'NONE',  ( 0.000000000000000000, 0.000000000000000000, 1.000000000000000000 ) ) ;
#5161 = ORIENTED_EDGE ( 'NONE', *, *, #14, .F. ) ;
#5162 = FACE_OUTER_BOUND ( 'NONE', #4087, .T. ) ;
#5163 = ORIENTED_EDGE ( 'NONE', *, *, #502, .T. ) ;
#5164 = CARTESIAN_POINT ( 'NONE',  ( -8.749999999999998224, 12.49999999999999289, 14.41636719170869974 ) ) ;
#5165 = AXIS2_PLACEMENT_3D ( 'NONE', #7821, #8503, #3129 ) ;
#5166 = EDGE_LOOP ( 'NONE', ( #42, #6083, #3606, #3302 ) ) ;
#5167 = CARTESIAN_POINT ( 'NONE',  ( 12.89809729706822949, 8.071204273341599844, 8.697249031094411720 ) ) ;
#5168 = CARTESIAN_POINT ( 'NONE',  ( 1.864117349093432854E-15, 6.866178068106953525, -15.22167330524445106 ) ) ;
#5169 = DIRECTION ( 'NONE',  ( -0.000000000000000000, 1.000000000000000000, 0.000000000000000000 ) ) ;
#5170 = CARTESIAN_POINT ( 'NONE',  ( -13.18293903695956715, 7.640146583018609050, 8.032191748609166737 ) ) ;
#5171 = EDGE_CURVE ( 'NONE', #7599, #6359, #1688, .T. ) ;
#5172 = EDGE_LOOP ( 'NONE', ( #3319, #6050 ) ) ;
#5173 = AXIS2_PLACEMENT_3D ( 'NONE', #2200, #807, #5501 ) ;
#5174 = CARTESIAN_POINT ( 'NONE',  ( -15.08482716597920081, 13.39999999999999858, 7.930201324676925623 ) ) ;
#5175 = CARTESIAN_POINT ( 'NONE',  ( 0.000000000000000000, 15.49999999999999289, 0.000000000000000000 ) ) ;
#5176 = EDGE_LOOP ( 'NONE', ( #7316, #6093, #5233, #5853 ) ) ;
#5177 = EDGE_LOOP ( 'NONE', ( #3460, #6499, #6642, #4361 ) ) ;
#5178 = B_SPLINE_CURVE_WITH_KNOTS ( 'NONE', 3,
 ( #83, #2759, #5509, #6207 ),
 .UNSPECIFIED., .F., .F.,
 ( 4, 4 ),
 ( 2.076005307753108788E-07, 0.001038212667241132951 ),
 .UNSPECIFIED. ) ;
#5179 = CARTESIAN_POINT ( 'NONE',  ( 8.384224159618121064, 13.17098366760219008, -15.17548134314706587 ) ) ;
#5180 = VERTEX_POINT ( 'NONE', #2346 ) ;
#5181 = CARTESIAN_POINT ( 'NONE',  ( -8.066449984402256135, 13.35985342043208668, -15.58006697086412018 ) ) ;
#5182 = CARTESIAN_POINT ( 'NONE',  ( -8.749999999999998224, 8.402260421650955990, -13.30369996220441742 ) ) ;
#5183 = EDGE_LOOP ( 'NONE', ( #1181, #682, #6397, #321 ) ) ;
#5184 = AXIS2_PLACEMENT_3D ( 'NONE', #3183, #1860, #4534 ) ;
#5185 = CARTESIAN_POINT ( 'NONE',  ( -7.999999999999988454, 7.600000000000001421, 13.61194688593824864 ) ) ;
#5186 = CARTESIAN_POINT ( 'NONE',  ( 14.41733140820266890, 12.76559848734388858, -8.742090727583915921 ) ) ;
#5187 = B_SPLINE_CURVE_WITH_KNOTS ( 'NONE', 3,
 ( #7277, #4498, #5201, #5866, #3991, #1954, #5826, #8525, #6464, #8443 ),
 .UNSPECIFIED., .F., .F.,
 ( 4, 2, 2, 2, 4 ),
 ( 0.000000000000000000, 0.0003171698712700826229, 0.0006343397425401652457, 0.0009515096138102477601, 0.001268679485080329624 ),
 .UNSPECIFIED. ) ;
#5188 = CARTESIAN_POINT ( 'NONE',  ( -8.749999999999998224, 8.526040938946250591, -13.01508767021575785 ) ) ;
#5189 = EDGE_LOOP ( 'NONE', ( #2629, #485, #4493, #4242 ) ) ;
#5190 = LINE ( 'NONE', #3847, #318 ) ;
#5191 = ORIENTED_EDGE ( 'NONE', *, *, #3444, .T. ) ;
#5192 = CARTESIAN_POINT ( 'NONE',  ( 14.49568901432426671, 11.50000000000000000, -15.20279579551075777 ) ) ;
#5193 = CARTESIAN_POINT ( 'NONE',  ( 12.64495718987100581, 11.25649900083778476, -11.30310072173160130 ) ) ;
#5194 = CARTESIAN_POINT ( 'NONE',  ( 16.28295780944633719, 10.38016710650748919, 8.238700874537491003 ) ) ;
#5195 = EDGE_CURVE ( 'NONE', #4757, #3397, #6053, .T. ) ;
#5196 = DIRECTION ( 'NONE',  ( 0.8621286684545778067, 0.000000000000000000, 0.5066894108117285800 ) ) ;
#5197 = ORIENTED_EDGE ( 'NONE', *, *, #1944, .T. ) ;
#5198 = CARTESIAN_POINT ( 'NONE',  ( 2.148569786831893349E-15, 13.35985342043208668, -17.54440372789780156 ) ) ;
#5199 = FACE_OUTER_BOUND ( 'NONE', #188, .T. ) ;
#5200 = CARTESIAN_POINT ( 'NONE',  ( 8.818749239510214721, 8.540146579567922558, 12.97309164460348896 ) ) ;
#5201 = CARTESIAN_POINT ( 'NONE',  ( 13.02729689816474234, 8.296034758309152934, -8.729356757925090804 ) ) ;
#5202 = ADVANCED_FACE ( 'NONE', ( #3022 ), #5783, .F. ) ;
#5203 = EDGE_LOOP ( 'NONE', ( #2400, #8484, #1089, #5304 ) ) ;
#5204 = FACE_OUTER_BOUND ( 'NONE', #3799, .T. ) ;
#5205 = DIRECTION ( 'NONE',  ( -0.7071067811865463515, 0.000000000000000000, -0.7071067811865487940 ) ) ;
#5206 = AXIS2_PLACEMENT_3D ( 'NONE', #1774, #426, #7713 ) ;
#5207 = AXIS2_PLACEMENT_3D ( 'NONE', #3593, #6245, #4936 ) ;
#5208 = CARTESIAN_POINT ( 'NONE',  ( 2.351321854362917684E-15, 16.49999999999999645, 19.19999999999999929 ) ) ;
#5209 = ORIENTED_EDGE ( 'NONE', *, *, #2983, .T. ) ;
#5210 = CARTESIAN_POINT ( 'NONE',  ( 14.49568901432421519, 11.50004516124002052, 15.20279579551080751 ) ) ;
#5211 = EDGE_CURVE ( 'NONE', #4934, #8404, #312, .T. ) ;
#5212 = ORIENTED_EDGE ( 'NONE', *, *, #5159, .F. ) ;
#5213 = EDGE_CURVE ( 'NONE', #3775, #6943, #4282, .T. ) ;
#5214 = CARTESIAN_POINT ( 'NONE',  ( 13.37062271443167916, 7.749999999999996447, 7.999999999999992895 ) ) ;
#5215 = DIRECTION ( 'NONE',  ( 0.5066894108117285800, 0.000000000000000000, 0.8621286684545778067 ) ) ;
#5216 = AXIS2_PLACEMENT_3D ( 'NONE', #2738, #4135, #59 ) ;
#5217 = CIRCLE ( 'NONE', #4793, 0.1499999999999996059 ) ;
#5218 = CARTESIAN_POINT ( 'NONE',  ( 7.829914845956409408, 10.54075342477744925, 15.87417178075156698 ) ) ;
#5219 = LINE ( 'NONE', #3294, #1702 ) ;
#5220 = CARTESIAN_POINT ( 'NONE',  ( 0.000000000000000000, 7.749999999999998224, 0.000000000000000000 ) ) ;
#5221 = FACE_OUTER_BOUND ( 'NONE', #4691, .T. ) ;
#5222 = VERTEX_POINT ( 'NONE', #5291 ) ;
#5223 = VECTOR ( 'NONE', #7872, 1000.000000000000000 ) ;
#5224 = CIRCLE ( 'NONE', #1435, 1.010151393566353528 ) ;
#5225 = CARTESIAN_POINT ( 'NONE',  ( 14.49568901432421164, 10.00004516124002052, 15.20279579551080928 ) ) ;
#5226 = ORIENTED_EDGE ( 'NONE', *, *, #8487, .F. ) ;
#5227 = EDGE_CURVE ( 'NONE', #8330, #3740, #4837, .T. ) ;
#5228 = CARTESIAN_POINT ( 'NONE',  ( -12.62840217852562219, 10.99999999999999645, 11.21418861615248730 ) ) ;
#5229 = CARTESIAN_POINT ( 'NONE',  ( -8.749999999999998224, 8.500000000000007105, -13.34286252986123777 ) ) ;
#5230 = CARTESIAN_POINT ( 'NONE',  ( -13.73654834780745659, 7.559853420432087745, -8.073230648290536493 ) ) ;
#5231 = VECTOR ( 'NONE', #5843, 1000.000000000000000 ) ;
#5232 = CARTESIAN_POINT ( 'NONE',  ( -8.623067956161181158, 7.965867924842651604, -12.91289360147428944 ) ) ;
#5233 = ORIENTED_EDGE ( 'NONE', *, *, #4910, .F. ) ;
#5234 = DIRECTION ( 'NONE',  ( 0.000000000000000000, 0.000000000000000000, 1.000000000000000000 ) ) ;
#5235 = ORIENTED_EDGE ( 'NONE', *, *, #3854, .F. ) ;
#5236 = DIRECTION ( 'NONE',  ( -0.000000000000000000, 1.000000000000000000, -0.000000000000000000 ) ) ;
#5237 = CARTESIAN_POINT ( 'NONE',  ( 12.38882744790693202, 11.50004516124002052, 11.68172066672043030 ) ) ;
#5238 = CARTESIAN_POINT ( 'NONE',  ( -13.61194688593825042, 7.750000000000001776, 7.999999999999992895 ) ) ;
#5239 = CARTESIAN_POINT ( 'NONE',  ( -3.480102169636833054, 15.49999999999999289, 0.000000000000000000 ) ) ;
#5240 = ORIENTED_EDGE ( 'NONE', *, *, #4033, .F. ) ;
#5241 = CARTESIAN_POINT ( 'NONE',  ( -8.309984030484498518, 13.35985342043270307, 15.45397924570273140 ) ) ;
#5242 = CC_DESIGN_PERSON_AND_ORGANIZATION_ASSIGNMENT ( #5422, #158, ( #3159 ) ) ;
#5243 = DIRECTION ( 'NONE',  ( -1.000000000000000000, -1.009011672291746436E-16, 0.000000000000000000 ) ) ;
#5244 = DIRECTION ( 'NONE',  ( 0.000000000000000000, -2.168404344971010347E-16, 1.000000000000000000 ) ) ;
#5245 = CYLINDRICAL_SURFACE ( 'NONE', #680, 19.39999999999999858 ) ;
#5246 = CARTESIAN_POINT ( 'NONE',  ( 12.01693338809935163, 9.851636212332532949, 12.37048677855031542 ) ) ;
#5247 = VERTEX_POINT ( 'NONE', #3944 ) ;
#5248 = CARTESIAN_POINT ( 'NONE',  ( 12.58055737672312091, 10.54751025818577048, 12.22700398600821714 ) ) ;
#5249 = FACE_OUTER_BOUND ( 'NONE', #2176, .T. ) ;
#5250 = EDGE_CURVE ( 'NONE', #51, #8413, #5633, .T. ) ;
#5251 = DIRECTION ( 'NONE',  ( 0.7071067811865483499, 0.000000000000000000, -0.7071067811865466846 ) ) ;
#5252 = ORIENTED_EDGE ( 'NONE', *, *, #7165, .F. ) ;
#5253 = DIRECTION ( 'NONE',  ( -0.7071067811865463515, -0.000000000000000000, -0.7071067811865487940 ) ) ;
#5254 = VERTEX_POINT ( 'NONE', #5338 ) ;
#5255 = ORIENTED_EDGE ( 'NONE', *, *, #7212, .T. ) ;
#5256 = DIRECTION ( 'NONE',  ( 0.000000000000000000, 0.000000000000000000, 1.000000000000000000 ) ) ;
#5257 = ORIENTED_EDGE ( 'NONE', *, *, #741, .T. ) ;
#5258 = EDGE_CURVE ( 'NONE', #7852, #7365, #3410, .T. ) ;
#5259 = EDGE_CURVE ( 'NONE', #8032, #309, #7709, .T. ) ;
#5260 = FACE_OUTER_BOUND ( 'NONE', #5572, .T. ) ;
#5261 = CARTESIAN_POINT ( 'NONE',  ( 14.14213562373099009, 10.99999999999999645, -15.55634918610403439 ) ) ;
#5262 = ORIENTED_EDGE ( 'NONE', *, *, #8313, .F. ) ;
#5263 = ORIENTED_EDGE ( 'NONE', *, *, #768, .F. ) ;
#5264 = LINE ( 'NONE', #7388, #4196 ) ;
#5265 = ORIENTED_EDGE ( 'NONE', *, *, #8435, .F. ) ;
#5266 = CARTESIAN_POINT ( 'NONE',  ( 14.65974925560509767, 12.49999999999999289, 8.750000000000000000 ) ) ;
#5267 = CARTESIAN_POINT ( 'NONE',  ( 13.98051948716662807, 11.16487894244641943, 8.749999999999998224 ) ) ;
#5268 = DIRECTION ( 'NONE',  ( -0.6813100476940172623, 0.2676438637860938941, -0.6813100476940192607 ) ) ;
#5269 = CARTESIAN_POINT ( 'NONE',  ( -12.06401308320027077, 10.00004516124002407, -10.64979952082721404 ) ) ;
#5270 = FACE_BOUND ( 'NONE', #2065, .T. ) ;
#5271 = CARTESIAN_POINT ( 'NONE',  ( -8.432164417905335441, 7.878614268797332620, 13.34476493561052379 ) ) ;
#5272 = ADVANCED_FACE ( 'NONE', ( #1215 ), #3241, .F. ) ;
#5273 = EDGE_LOOP ( 'NONE', ( #2632, #6489, #7217, #1192 ) ) ;
#5274 = DIRECTION ( 'NONE',  ( 0.7071067811865475727, 0.000000000000000000, 0.7071067811865475727 ) ) ;
#5275 = EDGE_LOOP ( 'NONE', ( #8511, #7264 ) ) ;
#5276 = VERTEX_POINT ( 'NONE', #1827 ) ;
#5277 = CARTESIAN_POINT ( 'NONE',  ( 16.28792642849466432, 9.441672916275450689, 7.865056918812912023 ) ) ;
#5278 = ORIENTED_EDGE ( 'NONE', *, *, #3179, .T. ) ;
#5279 = CARTESIAN_POINT ( 'NONE',  ( -12.43163262118707024, 10.00000000000000355, 11.01741905881393713 ) ) ;
#5280 = AXIS2_PLACEMENT_3D ( 'NONE', #2784, #6066, #2105 ) ;
#5281 = LINE ( 'NONE', #7101, #1012 ) ;
#5282 = EDGE_CURVE ( 'NONE', #3074, #7475, #877, .T. ) ;
#5283 = ORIENTED_EDGE ( 'NONE', *, *, #4683, .F. ) ;
#5284 = CARTESIAN_POINT ( 'NONE',  ( -14.52076150044016956, 13.01071336698205094, -8.702105931062195765 ) ) ;
#5285 = DIRECTION ( 'NONE',  ( -0.7071067811865463515, -0.000000000000000000, -0.7071067811865487940 ) ) ;
#5286 = EDGE_LOOP ( 'NONE', ( #8183, #1232, #7013, #199 ) ) ;
#5287 = DIRECTION ( 'NONE',  ( -0.000000000000000000, 1.000000000000000000, -0.000000000000000000 ) ) ;
#5288 = DIRECTION ( 'NONE',  ( 1.000000000000000000, 0.000000000000000000, 1.224646799147353207E-16 ) ) ;
#5289 = DIRECTION ( 'NONE',  ( 0.000000000000000000, 0.000000000000000000, -1.000000000000000000 ) ) ;
#5290 = CIRCLE ( 'NONE', #6399, 6.871931816258391557 ) ;
#5291 = CARTESIAN_POINT ( 'NONE',  ( -12.02171516458901479, 11.50000000000000000, 11.31460838340243136 ) ) ;
#5292 = CARTESIAN_POINT ( 'NONE',  ( -11.68172066672038767, 11.50004516124002052, -12.38882744790697110 ) ) ;
#5293 = ORIENTED_EDGE ( 'NONE', *, *, #993, .F. ) ;
#5294 = DIRECTION ( 'NONE',  ( -0.1892527910123302237, -0.9635179096299408830, -0.1892527910399011137 ) ) ;
#5295 = ORIENTED_EDGE ( 'NONE', *, *, #3232, .T. ) ;
#5296 = CARTESIAN_POINT ( 'NONE',  ( -8.824077831548109430, 12.54014657956790479, 14.29338720761958115 ) ) ;
#5297 = VERTEX_POINT ( 'NONE', #5248 ) ;
#5298 = AXIS2_PLACEMENT_3D ( 'NONE', #1723, #2879, #5007 ) ;
#5299 = PLANE ( 'NONE',  #7700 ) ;
#5300 = CARTESIAN_POINT ( 'NONE',  ( 8.979284171333905107, 9.123749298409929764, -13.68500219247397709 ) ) ;
#5301 = ORIENTED_EDGE ( 'NONE', *, *, #3497, .T. ) ;
#5302 = CARTESIAN_POINT ( 'NONE',  ( 15.08967093048906882, 13.44014657956791226, 7.932747726260085841 ) ) ;
#5303 = CARTESIAN_POINT ( 'NONE',  ( 13.13738285335256428, 11.05603359939343733, 11.72316929087162229 ) ) ;
#5304 = ORIENTED_EDGE ( 'NONE', *, *, #7867, .T. ) ;
#5305 = CARTESIAN_POINT ( 'NONE',  ( -12.97309164460349251, 8.540146579567920782, 8.818749239510209392 ) ) ;
#5306 = CARTESIAN_POINT ( 'NONE',  ( -8.823959472189908837, 12.44506224921793347, 14.26242018023595115 ) ) ;
#5307 = ORIENTED_EDGE ( 'NONE', *, *, #7815, .F. ) ;
#5308 = ORIENTED_EDGE ( 'NONE', *, *, #4618, .T. ) ;
#5309 = CARTESIAN_POINT ( 'NONE',  ( 1.668205519698433427E-15, 7.749999999999999112, -13.12193181625839422 ) ) ;
#5310 = ORIENTED_EDGE ( 'NONE', *, *, #2418, .T. ) ;
#5311 = ADVANCED_FACE ( 'NONE', ( #5204 ), #2988, .F. ) ;
#5312 = CARTESIAN_POINT ( 'NONE',  ( -13.34451443976829843, 7.878935351584108737, 8.432657289067755357 ) ) ;
#5313 = ADVANCED_FACE ( 'NONE', ( #1872 ), #4545, .F. ) ;
#5314 = CIRCLE ( 'NONE', #968, 0.5000000000000004441 ) ;
#5315 = CARTESIAN_POINT ( 'NONE',  ( 8.415689302739695991E-16, 7.749999999999999112, 6.871931816258391557 ) ) ;
#5316 = CARTESIAN_POINT ( 'NONE',  ( 2.437047130303232761E-15, 15.99999999999999645, -19.89999999999999858 ) ) ;
#5317 = VERTEX_POINT ( 'NONE', #1261 ) ;
#5318 = DIRECTION ( 'NONE',  ( 1.099866522638789523E-14, -0.9510448246105656089, -0.3090529753641898525 ) ) ;
#5319 = ORIENTED_EDGE ( 'NONE', *, *, #6777, .T. ) ;
#5320 = CARTESIAN_POINT ( 'NONE',  ( -14.51633403283862656, 12.71093372026455981, -8.726586477827684263 ) ) ;
#5321 = CIRCLE ( 'NONE', #2671, 17.02779032256667691 ) ;
#5322 = ORIENTED_EDGE ( 'NONE', *, *, #5795, .F. ) ;
#5323 = CARTESIAN_POINT ( 'NONE',  ( -8.624543895059970211, 7.967686214840581371, -12.91251346170007430 ) ) ;
#5324 = EDGE_CURVE ( 'NONE', #5012, #7170, #5493, .T. ) ;
#5325 = EDGE_CURVE ( 'NONE', #2177, #5039, #7991, .T. ) ;
#5326 = VECTOR ( 'NONE', #2558, 1000.000000000000114 ) ;
#5327 = CARTESIAN_POINT ( 'NONE',  ( 14.47168223084810279, 11.06832986507958871, 8.749999999993848476 ) ) ;
#5328 = DIRECTION ( 'NONE',  ( -0.6813100476940172623, 0.2676438637860938941, -0.6813100476940192607 ) ) ;
#5329 = CARTESIAN_POINT ( 'NONE',  ( -8.862536868434174764, 12.94890649209159506, 15.01051708455707434 ) ) ;
#5330 = CARTESIAN_POINT ( 'NONE',  ( -13.38818511127741573, 7.988658280405503298, -8.856505393181041796 ) ) ;
#5331 = CARTESIAN_POINT ( 'NONE',  ( 16.28295780944633719, 10.38016710650748919, 8.238700874537491003 ) ) ;
#5332 = DIRECTION ( 'NONE',  ( -0.7071067811865487940, -0.000000000000000000, 0.7071067811865463515 ) ) ;
#5333 = B_SPLINE_CURVE_WITH_KNOTS ( 'NONE', 3,
 ( #3723, #6370, #7352, #3115, #5791, #2452 ),
 .UNSPECIFIED., .F., .F.,
 ( 4, 2, 4 ),
 ( 2.453269466693398698E-18, 0.0007155798112794638970, 0.001431159622558925192 ),
 .UNSPECIFIED. ) ;
#5334 = CARTESIAN_POINT ( 'NONE',  ( 8.750000000000003553, 11.16487927763679977, -13.98051959665390953 ) ) ;
#5335 = ORIENTED_EDGE ( 'NONE', *, *, #3485, .T. ) ;
#5336 = ADVANCED_FACE ( 'NONE', ( #2072 ), #795, .T. ) ;
#5337 =( BOUNDED_SURFACE ( )  B_SPLINE_SURFACE ( 3, 2, ( 
 ( #8010, #8129, #6631 ),
 ( #1373, #4660, #2149 ),
 ( #3311, #7263, #1288 ),
 ( #6756, #3437, #4025 ),
 ( #6061, #4061, #2019 ),
 ( #5320, #6710, #3976 ),
 ( #4788, #2101, #4742 ),
 ( #7967, #714, #7315 ) ),
 .UNSPECIFIED., .F., .F., .F. ) 
 B_SPLINE_SURFACE_WITH_KNOTS ( ( 4, 2, 2, 4 ),
 ( 3, 3 ),
 ( 0.000000000000000000, 0.0008074505961729770091, 0.001211175894259465622, 0.001614901192345954018 ),
 ( 0.000000000000000000, 1.000000000000000000 ),
 .UNSPECIFIED. ) 
 GEOMETRIC_REPRESENTATION_ITEM ( )  RATIONAL_B_SPLINE_SURFACE ( (
 ( 1.000000000000000000, 0.6051264893449553872, 1.000000000000000000),
 ( 1.000000000000000000, 0.6550048280233553566, 1.000000000000000000),
 ( 1.000000000000000000, 0.7092397592857442312, 1.000000000000000000),
 ( 1.000000000000000000, 0.7804418821294663022, 1.000000000000000000),
 ( 1.000000000000000000, 0.8021789468599960227, 1.000000000000000000),
 ( 1.000000000000000000, 0.8402471071840738048, 1.000000000000000000),
 ( 1.000000000000000000, 0.8564372837794990145, 1.000000000000000000),
 ( 1.000000000000000000, 0.8677983030863948288, 1.000000000000000000) ) ) 
 REPRESENTATION_ITEM ( '' )  SURFACE ( )  );
#5338 = CARTESIAN_POINT ( 'NONE',  ( 11.62869148398554486, 9.500000000000000000, -10.92158470279896321 ) ) ;
#5339 = CARTESIAN_POINT ( 'NONE',  ( 19.51227917112720789, 9.704922051073163303, 4.744118203045353255 ) ) ;
#5340 = VERTEX_POINT ( 'NONE', #116 ) ;
#5341 = DIRECTION ( 'NONE',  ( -0.000000000000000000, -1.000000000000000000, -0.000000000000000000 ) ) ;
#5342 = CARTESIAN_POINT ( 'NONE',  ( -8.590234149078895598, 12.97250391744051790, 14.71668781063848463 ) ) ;
#5343 = VERTEX_POINT ( 'NONE', #79 ) ;
#5344 = CARTESIAN_POINT ( 'NONE',  ( -13.01799458444461166, 8.108092669121342411, 8.647737146703558864 ) ) ;
#5345 = CIRCLE ( 'NONE', #1986, 13.29311039424772645 ) ;
#5346 = EDGE_LOOP ( 'NONE', ( #6896, #2678, #6646, #6258 ) ) ;
#5347 = CARTESIAN_POINT ( 'NONE',  ( -8.749999999999760192, 12.41970336326724933, 14.90684508345267645 ) ) ;
#5348 = LINE ( 'NONE', #2638, #8004 ) ;
#5349 = ORIENTED_EDGE ( 'NONE', *, *, #1724, .F. ) ;
#5350 = CARTESIAN_POINT ( 'NONE',  ( 8.196265702868306136, 7.762452139263632311, -13.72951559250029874 ) ) ;
#5351 = VERTEX_POINT ( 'NONE', #4116 ) ;
#5352 = DIRECTION ( 'NONE',  ( 1.000000000000000000, -0.000000000000000000, -0.000000000000000000 ) ) ;
#5353 = ORIENTED_EDGE ( 'NONE', *, *, #7913, .T. ) ;
#5354 = AXIS2_PLACEMENT_3D ( 'NONE', #672, #2097, #2696 ) ;
#5355 = CARTESIAN_POINT ( 'NONE',  ( 15.30412257270831944, 13.24970629405528832, -8.516678620633424401 ) ) ;
#5356 = CIRCLE ( 'NONE', #7422, 14.12193181625839244 ) ;
#5357 = DIRECTION ( 'NONE',  ( 0.000000000000000000, 0.000000000000000000, -1.000000000000000000 ) ) ;
#5358 = CARTESIAN_POINT ( 'NONE',  ( 0.000000000000000000, 15.49999999999999645, 19.89999999999999858 ) ) ;
#5359 = CARTESIAN_POINT ( 'NONE',  ( -8.729356757925078369, 8.296034758309090762, -13.02729689816473524 ) ) ;
#5360 = TOROIDAL_SURFACE ( 'NONE', #5216, 15.78876493034220374, 0.1499999999999999944 ) ;
#5361 = AXIS2_PLACEMENT_3D ( 'NONE', #5058, #6285, #1730 ) ;
#5362 = CARTESIAN_POINT ( 'NONE',  ( 7.759656326644511104, 11.97690000814136368, 17.38925828094428283 ) ) ;
#5363 = EDGE_CURVE ( 'NONE', #7405, #7575, #2434, .T. ) ;
#5364 = CARTESIAN_POINT ( 'NONE',  ( -10.84658306055590771, 10.99999999999999645, 12.26079662292896444 ) ) ;
#5365 = DIRECTION ( 'NONE',  ( 0.7071067811865484609, 0.000000000000000000, -0.7071067811865465735 ) ) ;
#5366 = CIRCLE ( 'NONE', #7716, 0.1500000000000008271 ) ;
#5367 = CARTESIAN_POINT ( 'NONE',  ( 14.34847627375122414, 11.12483098435963491, 8.976625077552229826 ) ) ;
#5368 = ORIENTED_EDGE ( 'NONE', *, *, #1659, .F. ) ;
#5369 = CARTESIAN_POINT ( 'NONE',  ( 15.08482716597919904, 13.40000000000000213, -7.930201324676922070 ) ) ;
#5370 = EDGE_CURVE ( 'NONE', #3449, #3607, #1473, .T. ) ;
#5371 = ADVANCED_FACE ( 'NONE', ( #8060 ), #155, .T. ) ;
#5372 = CARTESIAN_POINT ( 'NONE',  ( 8.171453982576572628, 13.44014649754389090, -14.96418132179017491 ) ) ;
#5373 = VECTOR ( 'NONE', #6570, 1000.000000000000114 ) ;
#5374 = FACE_OUTER_BOUND ( 'NONE', #7601, .T. ) ;
#5375 = CARTESIAN_POINT ( 'NONE',  ( 15.20279579551080751, 11.50000000000000000, -14.49568901432421519 ) ) ;
#5376 = CARTESIAN_POINT ( 'NONE',  ( 2.351321854362917684E-15, 16.49999999999999645, 19.19999999999999929 ) ) ;
#5377 = CARTESIAN_POINT ( 'NONE',  ( 14.75836589588125847, 12.70977119702117442, 8.726911407709483370 ) ) ;
#5378 = AXIS2_PLACEMENT_3D ( 'NONE', #5953, #5294, #4462 ) ;
#5379 = CARTESIAN_POINT ( 'NONE',  ( -13.03657409507485632, 8.729803938266964991, 8.819018948782002099 ) ) ;
#5380 = B_SPLINE_CURVE_WITH_KNOTS ( 'NONE', 3,
 ( #8326, #6257, #8237, #2352, #3649, #2399, #4378, #3113, #262, #1786 ),
 .UNSPECIFIED., .F., .F.,
 ( 4, 2, 2, 2, 4 ),
 ( 0.000000000000000000, 0.0003723559986007054850, 0.0007447119972014109700, 0.001117067995802112877, 0.001489423994402815001 ),
 .UNSPECIFIED. ) ;
#5381 = CARTESIAN_POINT ( 'NONE',  ( 8.980199218265404681, 8.459853420432095206, -13.46309704045871314 ) ) ;
#5382 = EDGE_CURVE ( 'NONE', #1106, #2962, #7153, .T. ) ;
#5383 = CARTESIAN_POINT ( 'NONE',  ( 12.02171516458901479, 11.50000000000000000, -11.31460838340243136 ) ) ;
#5384 = VERTEX_POINT ( 'NONE', #2162 ) ;
#5385 =( BOUNDED_SURFACE ( )  B_SPLINE_SURFACE ( 3, 2, ( 
 ( #1075, #8223, #898 ),
 ( #7064, #7615, #3768 ),
 ( #2247, #985, #8308 ),
 ( #1596, #4360, #3590 ),
 ( #8266, #6241, #6980 ),
 ( #3674, #7024, #1029 ),
 ( #247, #3725, #1550 ),
 ( #5592, #4274, #5011 ) ),
 .UNSPECIFIED., .F., .F., .F. ) 
 B_SPLINE_SURFACE_WITH_KNOTS ( ( 4, 2, 2, 4 ),
 ( 3, 3 ),
 ( 0.000000000000000000, 0.0003716120819214036399, 0.0007432241638428072799, 0.001486448327685614560 ),
 ( 0.000000000000000000, 1.000000000000000000 ),
 .UNSPECIFIED. ) 
 GEOMETRIC_REPRESENTATION_ITEM ( )  RATIONAL_B_SPLINE_SURFACE ( (
 ( 1.000000000000000000, 0.8779725897198052964, 1.000000000000000000),
 ( 1.000000000000000000, 0.8883329342387561445, 1.000000000000000000),
 ( 1.000000000000000000, 0.8943285700272066707, 1.000000000000000000),
 ( 1.000000000000000000, 0.8958370413388480058, 1.000000000000000000),
 ( 1.000000000000000000, 0.8913729047510188241, 1.000000000000000000),
 ( 1.000000000000000000, 0.8653261271547209033, 1.000000000000000000),
 ( 1.000000000000000000, 0.8328976042031506211, 1.000000000000000000),
 ( 1.000000000000000000, 0.7961293436955081404, 1.000000000000000000) ) ) 
 REPRESENTATION_ITEM ( '' )  SURFACE ( )  );
#5386 = DIRECTION ( 'NONE',  ( 1.000000000000000000, -0.000000000000000000, -0.000000000000000000 ) ) ;
#5387 = DIRECTION ( 'NONE',  ( 0.4597733903931765509, 0.000000000000000000, -0.8880362771229357577 ) ) ;
#5388 = LINE ( 'NONE', #5692, #8542 ) ;
#5389 = ORIENTED_EDGE ( 'NONE', *, *, #3444, .F. ) ;
#5390 = CARTESIAN_POINT ( 'NONE',  ( 8.974846694154628324, 12.58867656368704857, -14.82524942834530179 ) ) ;
#5391 = DIRECTION ( 'NONE',  ( 0.000000000000000000, 0.000000000000000000, 1.000000000000000000 ) ) ;
#5392 = ORIENTED_EDGE ( 'NONE', *, *, #649, .F. ) ;
#5393 = CARTESIAN_POINT ( 'NONE',  ( -8.355962512790624075, 7.833232447629853823, -13.38501479023447160 ) ) ;
#5394 = PLANE ( 'NONE',  #3837 ) ;
#5395 = DIRECTION ( 'NONE',  ( 0.000000000000000000, 0.000000000000000000, -1.000000000000000000 ) ) ;
#5396 = CARTESIAN_POINT ( 'NONE',  ( -1.943278095300658796E-15, 13.40000000000000213, 0.000000000000000000 ) ) ;
#5397 = CARTESIAN_POINT ( 'NONE',  ( -13.12305510389114893, 7.658986448312878004, 8.139498215522152691 ) ) ;
#5398 = ORIENTED_EDGE ( 'NONE', *, *, #6914, .T. ) ;
#5399 = CARTESIAN_POINT ( 'NONE',  ( 11.10928804758649058, 11.44393235737475223, -12.19099930510161656 ) ) ;
#5400 = ORIENTED_EDGE ( 'NONE', *, *, #1903, .T. ) ;
#5401 = DIRECTION ( 'NONE',  ( -0.000000000000000000, -0.000000000000000000, 1.000000000000000000 ) ) ;
#5402 = CARTESIAN_POINT ( 'NONE',  ( 5.716732686919473672, -22.56330293503684103, 5.716732686919474560 ) ) ;
#5403 = CIRCLE ( 'NONE', #1068, 17.39987604145331446 ) ;
#5404 = CARTESIAN_POINT ( 'NONE',  ( 13.22500000000000142, 16.51447992314274771, 26.44999999999998508 ) ) ;
#5405 = ADVANCED_FACE ( 'NONE', ( #4847 ), #7492, .F. ) ;
#5406 = CARTESIAN_POINT ( 'NONE',  ( 2.228857174448182931E-15, 16.49999999999999645, 18.19999999999999929 ) ) ;
#5407 = FACE_BOUND ( 'NONE', #911, .T. ) ;
#5408 = CARTESIAN_POINT ( 'NONE',  ( 15.45172114225276339, 13.40000000000000213, -7.999999999999994671 ) ) ;
#5409 = FACE_OUTER_BOUND ( 'NONE', #3381, .T. ) ;
#5410 = ORIENTED_EDGE ( 'NONE', *, *, #6062, .T. ) ;
#5411 = CARTESIAN_POINT ( 'NONE',  ( -15.30040869374149537, 13.26444114494498372, -8.533508299221011839 ) ) ;
#5412 = DIRECTION ( 'NONE',  ( 0.000000000000000000, 0.1927358361364435446, -0.9812506802386360416 ) ) ;
#5413 = ORIENTED_EDGE ( 'NONE', *, *, #1611, .T. ) ;
#5414 = CARTESIAN_POINT ( 'NONE',  ( 14.33471518854424431, 12.52665513958389099, -8.750000000000001776 ) ) ;
#5415 = CARTESIAN_POINT ( 'NONE',  ( 15.45172114225289839, 13.25000000000068567, 8.000000000000142109 ) ) ;
#5416 = ADVANCED_FACE ( 'NONE', ( #292 ), #2335, .F. ) ;
#5417 = TOROIDAL_SURFACE ( 'NONE', #8583, 17.19230335598365400, 0.1499999999999999944 ) ;
#5418 = EDGE_CURVE ( 'NONE', #626, #5127, #2927, .T. ) ;
#5419 = DIRECTION ( 'NONE',  ( 0.1892527910123306956, 0.9635179096299406609, 0.1892527910399011970 ) ) ;
#5420 = CARTESIAN_POINT ( 'NONE',  ( 8.587768145840181333, 12.97538492151578104, 14.96019303464957417 ) ) ;
#5421 = ORIENTED_EDGE ( 'NONE', *, *, #3845, .T. ) ;
#5422 = PERSON_AND_ORGANIZATION ( #5881, #3284 ) ;
#5423 = CARTESIAN_POINT ( 'NONE',  ( -8.749999999999998224, 12.49999999999999289, -14.41636719170869618 ) ) ;
#5424 = TOROIDAL_SURFACE ( 'NONE', #3331, 17.19230335598365400, 0.1499999999999999944 ) ;
#5425 = ORIENTED_EDGE ( 'NONE', *, *, #2744, .T. ) ;
#5426 = EDGE_CURVE ( 'NONE', #1970, #7599, #3634, .T. ) ;
#5427 = AXIS2_PLACEMENT_3D ( 'NONE', #2266, #6299, #4949 ) ;
#5428 = CARTESIAN_POINT ( 'NONE',  ( 5.451224984286343833, 9.704922051056698251, 18.80517238987971140 ) ) ;
#5429 = CARTESIAN_POINT ( 'NONE',  ( 14.51633403283855728, 12.71093372026447987, 8.726586477827719790 ) ) ;
#5430 = CARTESIAN_POINT ( 'NONE',  ( 7.999999999999996447, 7.600000000000001421, -13.37062271443167738 ) ) ;
#5431 = CARTESIAN_POINT ( 'NONE',  ( 8.284266106205150137, 7.792822965649138567, -13.68631877054517254 ) ) ;
#5432 = CARTESIAN_POINT ( 'NONE',  ( 0.000000000000000000, 6.999999999999998224, 14.73991435042947806 ) ) ;
#5433 = CIRCLE ( 'NONE', #7498, 15.58119224487254328 ) ;
#5434 = EDGE_LOOP ( 'NONE', ( #2005, #2556 ) ) ;
#5435 = DIRECTION ( 'NONE',  ( -0.7071067811865487940, 0.000000000000000000, 0.7071067811865463515 ) ) ;
#5436 = CARTESIAN_POINT ( 'NONE',  ( 12.37048677869447211, 9.851636212341924548, 12.01693338795888799 ) ) ;
#5437 = ADVANCED_FACE ( 'NONE', ( #5678 ), #5385, .T. ) ;
#5438 = CARTESIAN_POINT ( 'NONE',  ( 15.08190658247916183, 13.02640908403370368, -8.781374653154781385 ) ) ;
#5439 = CARTESIAN_POINT ( 'NONE',  ( -8.714148215240767215, 8.257665323665641210, 13.57339823051844796 ) ) ;
#5440 = AXIS2_PLACEMENT_3D ( 'NONE', #6360, #3617, #5709 ) ;
#5441 = CARTESIAN_POINT ( 'NONE',  ( 8.824077831548118311, 12.54014657956790835, -14.29338720761957404 ) ) ;
#5442 = CARTESIAN_POINT ( 'NONE',  ( 12.95773435200521639, 8.010351467637066847, -8.578089689930536110 ) ) ;
#5443 = ORIENTED_EDGE ( 'NONE', *, *, #190, .F. ) ;
#5444 = VERTEX_POINT ( 'NONE', #5635 ) ;
#5445 = DIRECTION ( 'NONE',  ( 0.6813100476940173733, -0.2676438637860939496, 0.6813100476940192607 ) ) ;
#5446 = ORIENTED_EDGE ( 'NONE', *, *, #2902, .F. ) ;
#5447 = CARTESIAN_POINT ( 'NONE',  ( -8.391482440086949879, 13.34491241480327162, -14.81059746271075639 ) ) ;
#5448 = CARTESIAN_POINT ( 'NONE',  ( -8.818749239510207616, 8.540146579567924334, -12.97309164460349074 ) ) ;
#5449 = VECTOR ( 'NONE', #7127, 1000.000000000000000 ) ;
#5450 = CARTESIAN_POINT ( 'NONE',  ( 8.729469633418080576, 8.296591144290941244, -13.27784145919673087 ) ) ;
#5451 = EDGE_LOOP ( 'NONE', ( #5560, #4425, #1188, #5804 ) ) ;
#5452 = CARTESIAN_POINT ( 'NONE',  ( 19.44414816635780241, 9.731686437451772420, 4.675987198275950441 ) ) ;
#5453 = CIRCLE ( 'NONE', #7520, 15.78876493034220374 ) ;
#5454 = CARTESIAN_POINT ( 'NONE',  ( 8.796535021561698642, 12.79326703775310392, -14.39301247377895976 ) ) ;
#5455 = CARTESIAN_POINT ( 'NONE',  ( -15.45172114225289661, 13.25000000000068745, -8.000000000000145661 ) ) ;
#5456 = ORIENTED_EDGE ( 'NONE', *, *, #1084, .F. ) ;
#5457 = CARTESIAN_POINT ( 'NONE',  ( -13.61194688593824864, 7.600000000000001421, 7.999999999999989342 ) ) ;
#5458 = DIRECTION ( 'NONE',  ( 0.000000000000000000, 0.000000000000000000, 1.000000000000000000 ) ) ;
#5459 = ORIENTED_EDGE ( 'NONE', *, *, #4347, .F. ) ;
#5460 = AXIS2_PLACEMENT_3D ( 'NONE', #7652, #1667, #4346 ) ;
#5461 = CARTESIAN_POINT ( 'NONE',  ( -13.32130930603827679, 9.583575853824997992, 8.820213425153591302 ) ) ;
#5462 = DIRECTION ( 'NONE',  ( -0.000000000000000000, 1.000000000000000000, -0.000000000000000000 ) ) ;
#5463 = CARTESIAN_POINT ( 'NONE',  ( -21.00000000000002132, 7.750000000000001776, -7.999999999999996447 ) ) ;
#5464 = AXIS2_PLACEMENT_3D ( 'NONE', #5523, #2220, #4292 ) ;
#5465 = EDGE_CURVE ( 'NONE', #3393, #3516, #3100, .T. ) ;
#5466 = LINE ( 'NONE', #2125, #1511 ) ;
#5467 = EDGE_LOOP ( 'NONE', ( #6803, #7425, #8592, #7752 ) ) ;
#5468 = CARTESIAN_POINT ( 'NONE',  ( 7.999999999999998224, 7.750000000000001776, 13.61194688593825042 ) ) ;
#5469 = CARTESIAN_POINT ( 'NONE',  ( 8.415689302739695991E-16, 7.749999999999998224, 6.871931816258391557 ) ) ;
#5470 = CARTESIAN_POINT ( 'NONE',  ( 8.000000000000000000, 13.40000000000000213, -15.45172114225276516 ) ) ;
#5471 = CARTESIAN_POINT ( 'NONE',  ( 13.13738285335256428, 11.05603359939343733, 11.72316929087162229 ) ) ;
#5472 = VERTEX_POINT ( 'NONE', #8182 ) ;
#5473 = ADVANCED_FACE ( 'NONE', ( #4407 ), #7431, .T. ) ;
#5474 = CARTESIAN_POINT ( 'NONE',  ( -8.101868673198996618, 13.25000000000000355, -15.38843115315011367 ) ) ;
#5475 = EDGE_CURVE ( 'NONE', #2330, #6256, #1999, .T. ) ;
#5476 = CYLINDRICAL_SURFACE ( 'NONE', #2664, 19.19999999999999929 ) ;
#5477 = EDGE_LOOP ( 'NONE', ( #3246, #6320, #7728, #4619 ) ) ;
#5478 = VERTEX_POINT ( 'NONE', #3056 ) ;
#5479 = FACE_OUTER_BOUND ( 'NONE', #1801, .T. ) ;
#5480 = CARTESIAN_POINT ( 'NONE',  ( 13.61194688593824687, 7.600000000000001421, -7.999999999999994671 ) ) ;
#5481 = AXIS2_PLACEMENT_3D ( 'NONE', #7656, #281, #924 ) ;
#5482 = CARTESIAN_POINT ( 'NONE',  ( 14.78329181874944354, 12.45985342043207922, -8.975003248201147699 ) ) ;
#5483 = CARTESIAN_POINT ( 'NONE',  ( -8.089680429056377520, 7.750000000000000888, 13.54869861395425623 ) ) ;
#5484 = DIRECTION ( 'NONE',  ( -0.000000000000000000, 1.000000000000000000, -0.000000000000000000 ) ) ;
#5485 = EDGE_CURVE ( 'NONE', #7066, #4960, #319, .T. ) ;
#5486 = AXIS2_PLACEMENT_3D ( 'NONE', #7414, #853, #4890 ) ;
#5487 = AXIS2_PLACEMENT_3D ( 'NONE', #1356, #6003, #7293 ) ;
#5488 = CARTESIAN_POINT ( 'NONE',  ( 0.000000000000000000, 9.500000000000000000, 0.000000000000000000 ) ) ;
#5489 = CARTESIAN_POINT ( 'NONE',  ( 12.62840217852562219, 10.99999999999999645, -11.21418861615248375 ) ) ;
#5490 = ORIENTED_EDGE ( 'NONE', *, *, #649, .T. ) ;
#5491 = DIRECTION ( 'NONE',  ( 0.000000000000000000, 1.000000000000000000, -0.000000000000000000 ) ) ;
#5492 = CIRCLE ( 'NONE', #2564, 0.1499999999999999944 ) ;
#5493 = CIRCLE ( 'NONE', #6746, 13.22499999999999964 ) ;
#5494 = CARTESIAN_POINT ( 'NONE',  ( 8.980199218265404681, 8.459853420432093429, 13.46309704045871314 ) ) ;
#5495 = DIRECTION ( 'NONE',  ( 0.000000000000000000, -1.000000000000000000, 0.000000000000000000 ) ) ;
#5496 = DIRECTION ( 'NONE',  ( 0.7071067811865457964, 0.000000000000000000, 0.7071067811865492381 ) ) ;
#5497 = ADVANCED_FACE ( 'NONE', ( #8353 ), #7534, .F. ) ;
#5498 = ORIENTED_EDGE ( 'NONE', *, *, #8217, .T. ) ;
#5499 = CARTESIAN_POINT ( 'NONE',  ( 12.19100818480703019, 11.44397751901177784, 11.10929692789159517 ) ) ;
#5500 = AXIS2_PLACEMENT_3D ( 'NONE', #5517, #4326, #168 ) ;
#5501 = DIRECTION ( 'NONE',  ( 0.000000000000000000, 0.000000000000000000, -1.000000000000000000 ) ) ;
#5502 = CONICAL_SURFACE ( 'NONE', #4643, 10.03932046860025906, 0.6473191827491142636 ) ;
#5503 = DIRECTION ( 'NONE',  ( -0.000000000000000000, -1.000000000000000000, -0.000000000000000000 ) ) ;
#5504 = CIRCLE ( 'NONE', #8407, 12.12193181625839244 ) ;
#5505 = ORIENTED_EDGE ( 'NONE', *, *, #6323, .T. ) ;
#5506 = CARTESIAN_POINT ( 'NONE',  ( 8.371830143653907541, 13.15822734738287636, 15.17794169866943754 ) ) ;
#5507 = B_SPLINE_CURVE_WITH_KNOTS ( 'NONE', 3,
 ( #582, #3255, #2511, #3875, #3211, #5088 ),
 .UNSPECIFIED., .F., .F.,
 ( 4, 2, 4 ),
 ( 2.046654927788528810E-07, 0.0004004329055173519013, 0.0008006611455419250121 ),
 .UNSPECIFIED. ) ;
#5508 = APPROVAL_STATUS ( 'not_yet_approved' ) ;
#5509 = CARTESIAN_POINT ( 'NONE',  ( -12.12961256117010400, 10.33337770646207510, -10.71539899879704905 ) ) ;
#5510 = ORIENTED_EDGE ( 'NONE', *, *, #8383, .F. ) ;
#5511 = DIRECTION ( 'NONE',  ( 0.6813100476940172623, -0.2676438637860938941, 0.6813100476940191497 ) ) ;
#5512 = CC_DESIGN_SECURITY_CLASSIFICATION ( #3712, ( #6350 ) ) ;
#5513 = DIRECTION ( 'NONE',  ( 0.7071067811865484609, 0.000000000000000000, -0.7071067811865465735 ) ) ;
#5514 = EDGE_CURVE ( 'NONE', #7677, #6084, #469, .T. ) ;
#5515 = CARTESIAN_POINT ( 'NONE',  ( -12.97780992572013581, 8.421478614660777851, 8.753372566552878098 ) ) ;
#5516 = DIRECTION ( 'NONE',  ( 0.000000000000000000, 1.000000000000000000, 0.000000000000000000 ) ) ;
#5517 = CARTESIAN_POINT ( 'NONE',  ( -15.21759819039019668, 13.39999999999999858, 7.999999999999994671 ) ) ;
#5518 = FACE_OUTER_BOUND ( 'NONE', #8001, .T. ) ;
#5519 = ORIENTED_EDGE ( 'NONE', *, *, #3251, .T. ) ;
#5520 = CARTESIAN_POINT ( 'NONE',  ( 8.750000000000005329, 8.413726081778227339, -13.60124325485363350 ) ) ;
#5521 = DIRECTION ( 'NONE',  ( -0.000000000000000000, -0.000000000000000000, 1.000000000000000000 ) ) ;
#5522 = VERTEX_POINT ( 'NONE', #4236 ) ;
#5523 = CARTESIAN_POINT ( 'NONE',  ( -1.943278095300658796E-15, 13.40000000000000213, 0.000000000000000000 ) ) ;
#5524 = DIRECTION ( 'NONE',  ( 0.8621286684545778067, 0.000000000000000000, -0.5066894108117285800 ) ) ;
#5525 = EDGE_CURVE ( 'NONE', #1488, #2586, #1710, .T. ) ;
#5526 = DIRECTION ( 'NONE',  ( -0.000000000000000000, 1.000000000000000000, 0.000000000000000000 ) ) ;
#5527 = EDGE_CURVE ( 'NONE', #7093, #6297, #2845, .T. ) ;
#5528 = CARTESIAN_POINT ( 'NONE',  ( -13.73654834780745659, 7.559853420432087745, -8.073230648290536493 ) ) ;
#5529 = DIRECTION ( 'NONE',  ( 0.000000000000000000, -1.000000000000000000, 0.000000000000000000 ) ) ;
#5530 = ORIENTED_EDGE ( 'NONE', *, *, #6494, .F. ) ;
#5531 = CARTESIAN_POINT ( 'NONE',  ( 0.000000000000000000, 7.600000000000001421, 0.000000000000000000 ) ) ;
#5532 = EDGE_LOOP ( 'NONE', ( #7340, #8282, #5349, #1971 ) ) ;
#5533 = CARTESIAN_POINT ( 'NONE',  ( 13.58075849978860461, 8.327313230534471700, 8.738144137826175495 ) ) ;
#5534 = EDGE_CURVE ( 'NONE', #4872, #5478, #7948, .T. ) ;
#5535 = CARTESIAN_POINT ( 'NONE',  ( -12.49723318093626112, 10.33337777798466561, -11.08301961856320972 ) ) ;
#5536 = CARTESIAN_POINT ( 'NONE',  ( 8.750000000000003553, 12.61241895296681115, -14.46040593320295109 ) ) ;
#5537 = DIRECTION ( 'NONE',  ( 0.000000000000000000, -0.9479564653330609936, 0.3183999683311059536 ) ) ;
#5538 = DIRECTION ( 'NONE',  ( 1.000000000000000000, -0.000000000000000000, -0.000000000000000000 ) ) ;
#5539 = ORIENTED_EDGE ( 'NONE', *, *, #569, .T. ) ;
#5540 = DIRECTION ( 'NONE',  ( -0.000000000000000000, 1.000000000000000000, -0.000000000000000000 ) ) ;
#5541 = DIRECTION ( 'NONE',  ( -0.000000000000000000, 1.000000000000000000, -0.000000000000000000 ) ) ;
#5542 = LINE ( 'NONE', #2837, #1074 ) ;
#5543 = B_SPLINE_CURVE_WITH_KNOTS ( 'NONE', 3,
 ( #2432, #3890, #8514, #7750 ),
 .UNSPECIFIED., .F., .F.,
 ( 4, 4 ),
 ( 0.000000000000000000, 0.004211198243782913325 ),
 .UNSPECIFIED. ) ;
#5544 = EDGE_CURVE ( 'NONE', #6124, #6580, #5217, .T. ) ;
#5545 = CARTESIAN_POINT ( 'NONE',  ( -14.29338720761957582, 12.54014657956790835, 8.824077831548112982 ) ) ;
#5546 = ORIENTED_EDGE ( 'NONE', *, *, #6577, .F. ) ;
#5547 = FACE_OUTER_BOUND ( 'NONE', #5286, .T. ) ;
#5548 = CARTESIAN_POINT ( 'NONE',  ( 0.000000000000000000, 15.49999999999999289, 13.22499999999999964 ) ) ;
#5549 = EDGE_LOOP ( 'NONE', ( #3256, #8391, #3332, #7397 ) ) ;
#5550 = CARTESIAN_POINT ( 'NONE',  ( -14.41733140819989956, 12.76559848734479630, 8.742090727585599907 ) ) ;
#5551 = ORIENTED_EDGE ( 'NONE', *, *, #1389, .F. ) ;
#5552 = AXIS2_PLACEMENT_3D ( 'NONE', #1617, #3656, #6306 ) ;
#5553 = ORIENTED_EDGE ( 'NONE', *, *, #7602, .T. ) ;
#5554 = CARTESIAN_POINT ( 'NONE',  ( 8.750000000000001776, 8.401028654342319157, 13.30320641798141601 ) ) ;
#5555 = CARTESIAN_POINT ( 'NONE',  ( 12.32163038163416502, 11.02926921299134833, 12.67518377211959724 ) ) ;
#5556 = CIRCLE ( 'NONE', #3762, 17.04230335598365542 ) ;
#5557 = B_SPLINE_CURVE_WITH_KNOTS ( 'NONE', 3,
 ( #801, #1463, #282, #8212, #2829, #5670, #8297, #4921, #4227, #5494 ),
 .UNSPECIFIED., .F., .F.,
 ( 4, 3, 3, 4 ),
 ( 0.000000000000000000, 0.0003000000099060452503, 0.001500001336867673235, 0.004212255550024613347 ),
 .UNSPECIFIED. ) ;
#5558 = CARTESIAN_POINT ( 'NONE',  ( 8.900000000000005684, 8.500000000000007105, -13.34286252986123245 ) ) ;
#5559 = LINE ( 'NONE', #6427, #1323 ) ;
#5560 = ORIENTED_EDGE ( 'NONE', *, *, #6960, .T. ) ;
#5561 = CARTESIAN_POINT ( 'NONE',  ( 8.726911407709506463, 12.70977119702113356, -14.75836589588137393 ) ) ;
#5562 = EDGE_CURVE ( 'NONE', #8424, #273, #2123, .T. ) ;
#5563 = EDGE_LOOP ( 'NONE', ( #4129, #855, #2482, #6977 ) ) ;
#5564 = CARTESIAN_POINT ( 'NONE',  ( 0.000000000000000000, 15.42678132618368458, 0.000000000000000000 ) ) ;
#5565 = AXIS2_PLACEMENT_3D ( 'NONE', #1589, #6236, #4271 ) ;
#5566 = CARTESIAN_POINT ( 'NONE',  ( -8.181842153844282706, 7.559853424038078806, 13.67271530203554519 ) ) ;
#5567 = CARTESIAN_POINT ( 'NONE',  ( -7.999999999999991118, 13.25000000000000000, -21.00000000000002132 ) ) ;
#5568 = DIRECTION ( 'NONE',  ( 0.7071067811865487940, 0.000000000000000000, -0.7071067811865463515 ) ) ;
#5569 = ORIENTED_EDGE ( 'NONE', *, *, #2973, .T. ) ;
#5570 = CARTESIAN_POINT ( 'NONE',  ( -8.824400936355944580, 12.79971375492834440, -14.37792294339950949 ) ) ;
#5571 = EDGE_CURVE ( 'NONE', #6084, #2015, #4023, .T. ) ;
#5572 = EDGE_LOOP ( 'NONE', ( #8422, #77, #7671, #2520, #7634 ) ) ;
#5573 = EDGE_CURVE ( 'NONE', #6945, #3541, #1572, .T. ) ;
#5574 = CARTESIAN_POINT ( 'NONE',  ( 13.34286252986123422, 8.500000000000007105, 8.749999999999998224 ) ) ;
#5575 = B_SPLINE_CURVE_WITH_KNOTS ( 'NONE', 3,
 ( #8268, #2337, #1252, #4538, #3320, #7928 ),
 .UNSPECIFIED., .F., .F.,
 ( 4, 2, 4 ),
 ( 0.0007975931789950972597, 0.001193785197265154023, 0.001589977215535211003 ),
 .UNSPECIFIED. ) ;
#5576 = CARTESIAN_POINT ( 'NONE',  ( 11.58472941820203417, 11.50004516124002052, 12.48028280775212195 ) ) ;
#5577 = AXIS2_PLACEMENT_3D ( 'NONE', #8055, #6681, #766 ) ;
#5578 = CARTESIAN_POINT ( 'NONE',  ( 14.56624153720787795, 11.79435448211306436, -8.975817624700633601 ) ) ;
#5579 = DIRECTION ( 'NONE',  ( -0.000000000000000000, -1.000000000000000000, -2.168404344971010347E-16 ) ) ;
#5580 = EDGE_LOOP ( 'NONE', ( #4905, #4408, #5308, #1163 ) ) ;
#5581 = CARTESIAN_POINT ( 'NONE',  ( -8.365909088635643087, 7.814724323731693012, 13.12482701956039755 ) ) ;
#5582 = B_SPLINE_CURVE_WITH_KNOTS ( 'NONE', 3,
 ( #880, #2053, #224, #6097, #8162, #2819 ),
 .UNSPECIFIED., .F., .F.,
 ( 4, 2, 4 ),
 ( 2.047295639393791101E-07, 0.0003969848757565323620, 0.0007937650219491253385 ),
 .UNSPECIFIED. ) ;
#5583 = CARTESIAN_POINT ( 'NONE',  ( 7.999999999999998224, 7.750000000000001776, -21.00000000000002132 ) ) ;
#5584 = DIRECTION ( 'NONE',  ( 0.000000000000000000, 0.000000000000000000, 1.000000000000000000 ) ) ;
#5585 = AXIS2_PLACEMENT_3D ( 'NONE', #5225, #6526, #1056 ) ;
#5586 = EDGE_CURVE ( 'NONE', #3885, #5067, #179, .T. ) ;
#5587 = EDGE_CURVE ( 'NONE', #2782, #425, #4492, .T. ) ;
#5588 = CARTESIAN_POINT ( 'NONE',  ( -8.975817624700628272, 11.79435448211306081, -14.56624153720788151 ) ) ;
#5589 = DIRECTION ( 'NONE',  ( -1.099866522638789523E-14, -0.9510448246105656089, 0.3090529753641898525 ) ) ;
#5590 = ORIENTED_EDGE ( 'NONE', *, *, #1167, .T. ) ;
#5591 = AXIS2_PLACEMENT_3D ( 'NONE', #1510, #2881, #4072 ) ;
#5592 = CARTESIAN_POINT ( 'NONE',  ( 7.999999999999998224, 7.749999999999996447, -13.37062271443167560 ) ) ;
#5593 = VERTEX_POINT ( 'NONE', #1162 ) ;
#5594 = CARTESIAN_POINT ( 'NONE',  ( -8.348159499710012810, 7.829358285703075460, -13.38936689147325687 ) ) ;
#5595 = CARTESIAN_POINT ( 'NONE',  ( -13.78744750116166706, 9.831482208910681919, -8.750000000000001776 ) ) ;
#5596 = DIRECTION ( 'NONE',  ( 0.1892527910123302237, 0.9635179096299408830, 0.1892527910399011137 ) ) ;
#5597 = LINE ( 'NONE', #428, #7648 ) ;
#5598 = ADVANCED_FACE ( 'NONE', ( #8437 ), #3853, .F. ) ;
#5599 = VECTOR ( 'NONE', #2826, 1000.000000000000000 ) ;
#5600 = ORIENTED_EDGE ( 'NONE', *, *, #1282, .F. ) ;
#5601 = DIRECTION ( 'NONE',  ( -0.4597733903931856547, -1.026998251629457205E-14, -0.8880362771229312058 ) ) ;
#5602 = CARTESIAN_POINT ( 'NONE',  ( 13.46263208842277592, 9.863111771005478090, 8.749999999995106137 ) ) ;
#5603 = CARTESIAN_POINT ( 'NONE',  ( -7.999999999999991118, 7.750000000000001776, -13.37062271443168093 ) ) ;
#5604 = CIRCLE ( 'NONE', #984, 17.54440372789780511 ) ;
#5605 = CARTESIAN_POINT ( 'NONE',  ( 15.45172114225276339, 13.25000000000000178, -7.999999999999996447 ) ) ;
#5606 = DIRECTION ( 'NONE',  ( 1.224646799147354440E-16, 0.000000000000000000, -1.000000000000000000 ) ) ;
#5607 = ORIENTED_EDGE ( 'NONE', *, *, #6811, .T. ) ;
#5608 = CARTESIAN_POINT ( 'NONE',  ( 0.000000000000000000, 6.499999999999997335, 14.73991435042947629 ) ) ;
#5609 = EDGE_LOOP ( 'NONE', ( #1841, #7866, #2014, #5942, #392 ) ) ;
#5610 = EDGE_LOOP ( 'NONE', ( #342, #162, #6461, #6060 ) ) ;
#5611 = DIRECTION ( 'NONE',  ( -0.6813100476940172623, 0.2676438637860938941, -0.6813100476940192607 ) ) ;
#5612 = CARTESIAN_POINT ( 'NONE',  ( -8.531726717527146064, 13.26598998306042532, -15.30192110941516148 ) ) ;
#5613 =( BOUNDED_SURFACE ( )  B_SPLINE_SURFACE ( 3, 2, ( 
 ( #5229, #6446, #7870 ),
 ( #5182, #2466, #1804 ),
 ( #2601, #1892, #6574 ),
 ( #4479, #5128, #5848 ),
 ( #6492, #501, #8464 ),
 ( #2513, #7823, #1846 ),
 ( #5393, #8077, #2643 ),
 ( #6704, #7305, #3965 ),
 ( #667, #93, #2774 ),
 ( #3346, #8036, #4651 ) ),
 .UNSPECIFIED., .F., .F., .F. ) 
 B_SPLINE_SURFACE_WITH_KNOTS ( ( 4, 2, 2, 2, 4 ),
 ( 3, 3 ),
 ( 0.000000000000000000, 0.0003708656024935109811, 0.0007417312049870219623, 0.001112596807480532943, 0.001483462409974043925 ),
 ( 0.000000000000000000, 1.000000000000000000 ),
 .UNSPECIFIED. ) 
 GEOMETRIC_REPRESENTATION_ITEM ( )  RATIONAL_B_SPLINE_SURFACE ( (
 ( 1.000000000000000000, 0.4823580334654620216, 1.000000000000000000),
 ( 1.000000000000000000, 0.4634727774803135691, 1.000000000000000000),
 ( 1.000000000000000000, 0.4512768202431339248, 1.000000000000000000),
 ( 1.000000000000000000, 0.4477664979980123250, 1.000000000000000000),
 ( 1.000000000000000000, 0.4565384444210801029, 1.000000000000000000),
 ( 1.000000000000000000, 0.4880917172428642092, 1.000000000000000000),
 ( 1.000000000000000000, 0.5099908375213401124, 1.000000000000000000),
 ( 1.000000000000000000, 0.5563214462318656350, 1.000000000000000000),
 ( 1.000000000000000000, 0.5810327076328704043, 1.000000000000000000),
 ( 1.000000000000000000, 0.6051264893449649351, 1.000000000000000000) ) ) 
 REPRESENTATION_ITEM ( '' )  SURFACE ( )  );
#5614 = DIRECTION ( 'NONE',  ( 0.000000000000000000, 0.000000000000000000, 1.000000000000000000 ) ) ;
#5615 = CARTESIAN_POINT ( 'NONE',  ( -13.57018823321992862, 8.063180186356250445, -8.616884872967174758 ) ) ;
#5616 = CARTESIAN_POINT ( 'NONE',  ( 0.000000000000000000, 13.25000000000000000, 3.854030125426750882E-15 ) ) ;
#5617 = EDGE_LOOP ( 'NONE', ( #5400, #7033, #8114, #4001 ) ) ;
#5618 = DIRECTION ( 'NONE',  ( -0.7071067811865486830, 0.000000000000000000, 0.7071067811865462405 ) ) ;
#5619 = VERTEX_POINT ( 'NONE', #1902 ) ;
#5620 = CARTESIAN_POINT ( 'NONE',  ( 8.975003248201149475, 12.45985342043207922, 14.78329181874943998 ) ) ;
#5621 = CARTESIAN_POINT ( 'NONE',  ( 11.23980349560077485, 11.13018087456168281, 12.65401705797391152 ) ) ;
#5622 = ADVANCED_FACE ( 'NONE', ( #514 ), #2271, .T. ) ;
#5623 = CARTESIAN_POINT ( 'NONE',  ( 13.46309704045871669, 8.459853420432093429, -8.980199218265402905 ) ) ;
#5624 = CIRCLE ( 'NONE', #6733, 15.93329261678669617 ) ;
#5625 = CARTESIAN_POINT ( 'NONE',  ( -8.066449984402256135, 13.35985342043208846, 15.58006697086412373 ) ) ;
#5626 = AXIS2_PLACEMENT_3D ( 'NONE', #3830, #492, #5614 ) ;
#5627 = ORIENTED_EDGE ( 'NONE', *, *, #3900, .T. ) ;
#5628 = DIRECTION ( 'NONE',  ( 0.000000000000000000, 0.000000000000000000, 1.000000000000000000 ) ) ;
#5629 = CARTESIAN_POINT ( 'NONE',  ( -8.975003248201142370, 12.45985342043206323, 14.78329181874948972 ) ) ;
#5630 = CARTESIAN_POINT ( 'NONE',  ( 13.12305510389051655, 7.658986448313180873, -8.139498215523328639 ) ) ;
#5631 = CARTESIAN_POINT ( 'NONE',  ( -8.053710487957760122, 13.44014657956791226, 15.02607994316806206 ) ) ;
#5632 = AXIS2_PLACEMENT_3D ( 'NONE', #3309, #5894, #7830 ) ;
#5633 = CIRCLE ( 'NONE', #8254, 0.1500000000000005218 ) ;
#5634 = EDGE_CURVE ( 'NONE', #6161, #6599, #5281, .T. ) ;
#5635 = CARTESIAN_POINT ( 'NONE',  ( -11.62870035885071296, 9.500045161240020519, -10.92159357766420769 ) ) ;
#5636 = EDGE_CURVE ( 'NONE', #2900, #1144, #5146, .T. ) ;
#5637 = ORIENTED_EDGE ( 'NONE', *, *, #2473, .T. ) ;
#5638 = CARTESIAN_POINT ( 'NONE',  ( -8.749999999999998224, 8.500000000000007105, -13.34286252986123422 ) ) ;
#5639 = CARTESIAN_POINT ( 'NONE',  ( 13.46309704045871491, 8.459853420432093429, -8.980199218265402905 ) ) ;
#5640 = ORIENTED_EDGE ( 'NONE', *, *, #2723, .F. ) ;
#5641 = CIRCLE ( 'NONE', #1861, 1.500000000000001998 ) ;
#5642 = AXIS2_PLACEMENT_3D ( 'NONE', #2294, #3893, #7269 ) ;
#5643 = DATE_TIME_ROLE ( 'classification_date' ) ;
#5644 = CARTESIAN_POINT ( 'NONE',  ( 3.480102169636833054, 15.49999999999999289, 4.261895982751506532E-16 ) ) ;
#5645 = VERTEX_POINT ( 'NONE', #635 ) ;
#5646 = CONICAL_SURFACE ( 'NONE', #1584, 13.22499999999999964, 0.7492693128846722450 ) ;
#5647 = DIRECTION ( 'NONE',  ( -0.8880362771229405316, 0.000000000000000000, -0.4597733903931674471 ) ) ;
#5648 = EDGE_CURVE ( 'NONE', #3201, #6418, #5071, .T. ) ;
#5649 = CARTESIAN_POINT ( 'NONE',  ( -13.90891547461488820, 9.791335230859173677, 8.978349813698118353 ) ) ;
#5650 = CARTESIAN_POINT ( 'NONE',  ( 10.64979952082717318, 10.00004516124002407, 12.06401308320030807 ) ) ;
#5651 = CARTESIAN_POINT ( 'NONE',  ( -8.384224159618122840, 13.17098366760217587, 15.17548134314704988 ) ) ;
#5652 = VERTEX_POINT ( 'NONE', #1250 ) ;
#5653 = FACE_OUTER_BOUND ( 'NONE', #7812, .T. ) ;
#5654 = VERTEX_POINT ( 'NONE', #1205 ) ;
#5655 = AXIS2_PLACEMENT_3D ( 'NONE', #1218, #1263, #3906 ) ;
#5656 = ORIENTED_EDGE ( 'NONE', *, *, #1174, .F. ) ;
#5657 = VERTEX_POINT ( 'NONE', #5773 ) ;
#5658 = CARTESIAN_POINT ( 'NONE',  ( -15.45172114225276339, 13.24999999999999822, 7.999999999999992895 ) ) ;
#5659 = LINE ( 'NONE', #1700, #2760 ) ;
#5660 = B_SPLINE_CURVE_WITH_KNOTS ( 'NONE', 3,
 ( #1501, #5576, #8210, #4962, #5621, #2372 ),
 .UNSPECIFIED., .F., .F.,
 ( 4, 2, 4 ),
 ( 0.0007962374763571161739, 0.001195763542436034535, 0.001595289608514952788 ),
 .UNSPECIFIED. ) ;
#5661 = CARTESIAN_POINT ( 'NONE',  ( -8.384452665209517264, 13.17178046006671899, -15.17567671707624655 ) ) ;
#5662 = CYLINDRICAL_SURFACE ( 'NONE', #7012, 1.010151393566353528 ) ;
#5663 = CARTESIAN_POINT ( 'NONE',  ( -13.38479989127047354, 7.833270834070168220, -8.356280993867315487 ) ) ;
#5664 = CARTESIAN_POINT ( 'NONE',  ( 11.31461725797893614, 11.50004516124002052, 12.02172403916551957 ) ) ;
#5665 = FACE_OUTER_BOUND ( 'NONE', #7259, .T. ) ;
#5666 = VERTEX_POINT ( 'NONE', #5820 ) ;
#5667 = DIRECTION ( 'NONE',  ( -0.8581257778159808725, 0.000000000000000000, -0.5134395285208549486 ) ) ;
#5668 = CARTESIAN_POINT ( 'NONE',  ( -16.60616015476925256, 16.49999999999999645, 33.21232030953852643 ) ) ;
#5669 = CARTESIAN_POINT ( 'NONE',  ( 13.22499999999999964, 15.49999999999999289, -1.924226283160278540E-15 ) ) ;
#5670 = CARTESIAN_POINT ( 'NONE',  ( 8.976292384117405376, 11.41421181137223151, 14.44177515264979128 ) ) ;
#5671 = ORIENTED_EDGE ( 'NONE', *, *, #5828, .F. ) ;
#5672 = CARTESIAN_POINT ( 'NONE',  ( 14.49568901432421519, 11.50004516124002052, 15.20279579551080751 ) ) ;
#5673 = B_SPLINE_CURVE_WITH_KNOTS ( 'NONE', 3,
 ( #2529, #1207, #3234, #5903 ),
 .UNSPECIFIED., .F., .F.,
 ( 4, 4 ),
 ( 2.075997255071598533E-07, 0.001038203995379366300 ),
 .UNSPECIFIED. ) ;
#5674 = CARTESIAN_POINT ( 'NONE',  ( 15.02607994316805140, 13.44014657956791226, 8.053710487957767228 ) ) ;
#5675 = CARTESIAN_POINT ( 'NONE',  ( 12.08656242221556099, 9.499999999999998224, -11.19225854274189835 ) ) ;
#5676 = CARTESIAN_POINT ( 'NONE',  ( -15.08482716597919726, 13.40000000000000213, -7.930201324676929175 ) ) ;
#5677 = EDGE_CURVE ( 'NONE', #4125, #3442, #1981, .T. ) ;
#5678 = FACE_OUTER_BOUND ( 'NONE', #187, .T. ) ;
#5679 = ORIENTED_EDGE ( 'NONE', *, *, #8478, .T. ) ;
#5680 = DIRECTION ( 'NONE',  ( -0.8851401627399527738, 0.000000000000000000, 0.4653245021538088277 ) ) ;
#5681 = CARTESIAN_POINT ( 'NONE',  ( 8.750000000000003553, 12.49999999999999289, 14.65974925560509945 ) ) ;
#5682 = DIRECTION ( 'NONE',  ( -0.7071067811865487940, -0.000000000000000000, 0.7071067811865463515 ) ) ;
#5683 = CARTESIAN_POINT ( 'NONE',  ( -13.37062271443167738, 7.750000000000001776, -7.999999999999996447 ) ) ;
#5684 = ADVANCED_FACE ( 'NONE', ( #2614, #7926 ), #1947, .F. ) ;
#5685 = ORIENTED_EDGE ( 'NONE', *, *, #2403, .T. ) ;
#5686 = EDGE_CURVE ( 'NONE', #7677, #51, #2863, .T. ) ;
#5687 = VECTOR ( 'NONE', #2918, 1000.000000000000000 ) ;
#5688 = B_SPLINE_CURVE_WITH_KNOTS ( 'NONE', 3,
 ( #5721, #2967, #202, #4925, #5675, #3719 ),
 .UNSPECIFIED., .F., .F.,
 ( 4, 2, 4 ),
 ( 2.047269106742523297E-07, 0.0003970266329226886277, 0.0007938485389347030644 ),
 .UNSPECIFIED. ) ;
#5689 = CARTESIAN_POINT ( 'NONE',  ( 12.37048677869447211, 9.851636212341924548, 12.01693338795888799 ) ) ;
#5690 = CARTESIAN_POINT ( 'NONE',  ( 8.516678620633426178, 13.24970629405528832, 15.30412257270831944 ) ) ;
#5691 = CARTESIAN_POINT ( 'NONE',  ( -8.347163094220968915, 7.828879300272219233, 13.14411714072075021 ) ) ;
#5692 = CARTESIAN_POINT ( 'NONE',  ( -21.00000000000002132, 13.25000000000000178, -7.999999999999996447 ) ) ;
#5693 = EDGE_LOOP ( 'NONE', ( #5191, #2841, #2443, #4896 ) ) ;
#5694 = CARTESIAN_POINT ( 'NONE',  ( 6.758600903955068517, 6.662549834341092492, 16.30263978947035142 ) ) ;
#5695 = AXIS2_PLACEMENT_3D ( 'NONE', #4928, #4357, #2293 ) ;
#5696 = ORIENTED_EDGE ( 'NONE', *, *, #7018, .T. ) ;
#5697 = B_SPLINE_CURVE_WITH_KNOTS ( 'NONE', 3,
 ( #6206, #341, #6374, #3059, #1735, #8184 ),
 .UNSPECIFIED., .F., .F.,
 ( 4, 2, 4 ),
 ( 2.453269466693398313E-18, 0.0007182194465963631647, 0.001436438893192723727 ),
 .UNSPECIFIED. ) ;
#5698 = EDGE_LOOP ( 'NONE', ( #5847, #8309, #3077, #6650 ) ) ;
#5699 = EDGE_CURVE ( 'NONE', #308, #1392, #610, .T. ) ;
#5700 = DIRECTION ( 'NONE',  ( 0.000000000000000000, 0.000000000000000000, 1.000000000000000000 ) ) ;
#5701 = DIRECTION ( 'NONE',  ( 1.000000000000000000, 0.000000000000000000, 1.224646799147353207E-16 ) ) ;
#5702 = CARTESIAN_POINT ( 'NONE',  ( -8.756299999249415933, 12.60804184665022731, -14.96308990633822233 ) ) ;
#5703 = CIRCLE ( 'NONE', #8181, 17.54440372789780511 ) ;
#5704 = CARTESIAN_POINT ( 'NONE',  ( -13.03265164499698336, 8.022648873232943956, -8.587268214006183342 ) ) ;
#5705 = DIRECTION ( 'NONE',  ( 1.000000000000000000, 0.000000000000000000, 1.224646799147353207E-16 ) ) ;
#5706 = CARTESIAN_POINT ( 'NONE',  ( 18.42742774778693260, 13.60039729617639992, 7.212480773876931650 ) ) ;
#5707 = ORIENTED_EDGE ( 'NONE', *, *, #5648, .F. ) ;
#5708 = ORIENTED_EDGE ( 'NONE', *, *, #62, .T. ) ;
#5709 = DIRECTION ( 'NONE',  ( 0.000000000000000000, 0.3167134334325232281, -0.9485212707595873649 ) ) ;
#5710 = ORIENTED_EDGE ( 'NONE', *, *, #6117, .F. ) ;
#5711 = EDGE_CURVE ( 'NONE', #6973, #4393, #3530, .T. ) ;
#5712 = FACE_OUTER_BOUND ( 'NONE', #5183, .T. ) ;
#5713 = B_SPLINE_CURVE_WITH_KNOTS ( 'NONE', 3,
 ( #2741, #6102, #6020, #2057, #2824, #5364 ),
 .UNSPECIFIED., .F., .F.,
 ( 4, 2, 4 ),
 ( 0.0007962207989852076832, 0.001195811606301816227, 0.001595402413618424772 ),
 .UNSPECIFIED. ) ;
#5714 = DIRECTION ( 'NONE',  ( 0.000000000000000000, 0.000000000000000000, 1.000000000000000000 ) ) ;
#5715 = CIRCLE ( 'NONE', #1645, 7.621931816258390668 ) ;
#5716 = CARTESIAN_POINT ( 'NONE',  ( 11.71935328314379632, 9.500045161240020519, 10.82507142769025599 ) ) ;
#5717 = ORIENTED_EDGE ( 'NONE', *, *, #6820, .F. ) ;
#5718 = DIRECTION ( 'NONE',  ( 1.000000000000000000, -0.000000000000000000, -0.000000000000000000 ) ) ;
#5719 = CARTESIAN_POINT ( 'NONE',  ( -8.749999999999998224, 9.831370388437361996, -13.53979924743933339 ) ) ;
#5720 = ORIENTED_EDGE ( 'NONE', *, *, #5648, .T. ) ;
#5721 = CARTESIAN_POINT ( 'NONE',  ( 12.43163262118707379, 10.00000000000000355, -11.01741905881393713 ) ) ;
#5722 = CARTESIAN_POINT ( 'NONE',  ( 12.65400817203717132, 11.13013571378986732, -11.23979460966403288 ) ) ;
#5723 = FACE_OUTER_BOUND ( 'NONE', #8198, .T. ) ;
#5724 = CARTESIAN_POINT ( 'NONE',  ( 0.000000000000000000, 15.49999999999999289, -18.19999999999999929 ) ) ;
#5725 = VECTOR ( 'NONE', #4489, 1000.000000000000000 ) ;
#5726 = DIRECTION ( 'NONE',  ( -0.5134395285208549486, 0.000000000000000000, -0.8581257778159808725 ) ) ;
#5727 = CARTESIAN_POINT ( 'NONE',  ( 8.696486819374269928, 8.069857782741902241, 12.89816096848443472 ) ) ;
#5728 = DIRECTION ( 'NONE',  ( 0.000000000000000000, 0.6811039424772868944, 0.7321867381630841054 ) ) ;
#5729 = EDGE_LOOP ( 'NONE', ( #4608, #4275, #2079, #5656 ) ) ;
#5730 = CARTESIAN_POINT ( 'NONE',  ( -10.00000000000000000, 15.50164662274214145, 0.000000000000000000 ) ) ;
#5731 = DIRECTION ( 'NONE',  ( -0.000000000000000000, 1.000000000000000000, -0.000000000000000000 ) ) ;
#5732 = ORIENTED_EDGE ( 'NONE', *, *, #2647, .F. ) ;
#5733 = CIRCLE ( 'NONE', #1950, 14.73991435042947629 ) ;
#5734 = DIRECTION ( 'NONE',  ( 0.000000000000000000, 1.000000000000000000, 2.168404344971010347E-16 ) ) ;
#5735 = CARTESIAN_POINT ( 'NONE',  ( 16.72515638280811601, 13.21334918341990061, 8.028825013322403947 ) ) ;
#5736 = CARTESIAN_POINT ( 'NONE',  ( -13.67294449436311865, 7.559853420432084192, 8.181452182643701221 ) ) ;
#5737 = ADVANCED_FACE ( 'NONE', ( #6068 ), #8037, .T. ) ;
#5738 = CARTESIAN_POINT ( 'NONE',  ( 7.930201324676927399, 13.40000000000000213, 15.08482716597919726 ) ) ;
#5739 = PLANE ( 'NONE',  #3570 ) ;
#5740 = VERTEX_POINT ( 'NONE', #2708 ) ;
#5741 = AXIS2_PLACEMENT_3D ( 'NONE', #7923, #6542, #8603 ) ;
#5742 = DIRECTION ( 'NONE',  ( -0.7071067811865484609, 0.000000000000000000, 0.7071067811865466846 ) ) ;
#5743 = ORIENTED_EDGE ( 'NONE', *, *, #2701, .F. ) ;
#5744 = EDGE_LOOP ( 'NONE', ( #4254, #2945, #8203, #3804 ) ) ;
#5745 = ORIENTED_EDGE ( 'NONE', *, *, #7351, .F. ) ;
#5746 = DIRECTION ( 'NONE',  ( 1.224646799147353454E-16, 0.000000000000000000, -1.000000000000000000 ) ) ;
#5747 = CARTESIAN_POINT ( 'NONE',  ( -13.68573368271274049, 7.793458914387059622, 8.285569237189866598 ) ) ;
#5748 = AXIS2_PLACEMENT_3D ( 'NONE', #5143, #1203, #5944 ) ;
#5749 = CARTESIAN_POINT ( 'NONE',  ( -12.90852908142642619, 8.298273901497939420, -8.794279219498374545 ) ) ;
#5750 =( BOUNDED_SURFACE ( )  B_SPLINE_SURFACE ( 3, 2, ( 
 ( #663, #6008, #7 ),
 ( #2687, #5350, #2012 ),
 ( #90, #5431, #6739 ),
 ( #1485, #2044, #4085 ),
 ( #4775, #4126, #781 ),
 ( #8073, #7504, #2810 ),
 ( #7426, #4213, #1402 ),
 ( #3426, #6864, #1525 ),
 ( #132, #3382, #8033 ),
 ( #737, #5520, #6825 ) ),
 .UNSPECIFIED., .F., .F., .F. ) 
 B_SPLINE_SURFACE_WITH_KNOTS ( ( 4, 2, 2, 2, 4 ),
 ( 3, 3 ),
 ( 5.421010862427522170E-20, 0.0003706114402481125621, 0.0007412228804962251241, 0.001111834320744337686, 0.001482445760992450248 ),
 ( 0.000000000000000000, 1.000000000000000000 ),
 .UNSPECIFIED. ) 
 GEOMETRIC_REPRESENTATION_ITEM ( )  RATIONAL_B_SPLINE_SURFACE ( (
 ( 1.000000000000000000, 0.6051264893449599391, 1.000000000000000000),
 ( 1.000000000000000000, 0.5810481624910377452, 1.000000000000000000),
 ( 1.000000000000000000, 0.5567157572374730190, 1.000000000000000000),
 ( 1.000000000000000000, 0.5099035226425787659, 1.000000000000000000),
 ( 1.000000000000000000, 0.4880979738070087559, 1.000000000000000000),
 ( 1.000000000000000000, 0.4567595782006830807, 1.000000000000000000),
 ( 1.000000000000000000, 0.4478108208510425681, 1.000000000000000000),
 ( 1.000000000000000000, 0.4511985673861062529, 1.000000000000000000),
 ( 1.000000000000000000, 0.4633937996951559279, 1.000000000000000000),
 ( 1.000000000000000000, 0.4823580334654603008, 1.000000000000000000) ) ) 
 REPRESENTATION_ITEM ( '' )  SURFACE ( )  );
#5751 = EDGE_CURVE ( 'NONE', #3885, #3176, #4705, .T. ) ;
#5752 = ADVANCED_FACE ( 'NONE', ( #6676 ), #5502, .T. ) ;
#5753 = CARTESIAN_POINT ( 'NONE',  ( 8.715210575702762696, 13.02831930840304508, 14.51997992680823657 ) ) ;
#5754 = CARTESIAN_POINT ( 'NONE',  ( 0.000000000000000000, 7.749999999999998224, 0.000000000000000000 ) ) ;
#5755 = VERTEX_POINT ( 'NONE', #5406 ) ;
#5756 = B_SPLINE_CURVE_WITH_KNOTS ( 'NONE', 3,
 ( #6842, #4924, #7527, #370, #3049, #844, #1544, #3533, #198, #6196 ),
 .UNSPECIFIED., .F., .F.,
 ( 4, 3, 3, 4 ),
 ( 0.000000000000000000, 0.0003000000100802801173, 0.001500001362103554545, 0.004212287714480107345 ),
 .UNSPECIFIED. ) ;
#5757 = CARTESIAN_POINT ( 'NONE',  ( 8.203064892455016022, 13.25000000000000000, -15.32555895296515835 ) ) ;
#5758 = ORIENTED_EDGE ( 'NONE', *, *, #2234, .T. ) ;
#5759 = DIRECTION ( 'NONE',  ( 0.4597733903931904287, 0.000000000000000000, 0.8880362771229287633 ) ) ;
#5760 = CARTESIAN_POINT ( 'NONE',  ( -8.749999999999998224, 8.500000000000007105, -13.09261806874823009 ) ) ;
#5761 = ADVANCED_FACE ( 'NONE', ( #8014 ), #2023, .F. ) ;
#5762 = CARTESIAN_POINT ( 'NONE',  ( -21.00000000000002132, 12.50000000000000000, -8.000000000000001776 ) ) ;
#5763 = EDGE_LOOP ( 'NONE', ( #808, #7509, #6361, #6630 ) ) ;
#5764 = CARTESIAN_POINT ( 'NONE',  ( 8.975003248201149475, 12.45985342043208099, -14.78329181874944176 ) ) ;
#5765 = CARTESIAN_POINT ( 'NONE',  ( -12.26079662292900174, 10.99999999999999645, 10.84658306055586685 ) ) ;
#5766 = CARTESIAN_POINT ( 'NONE',  ( 12.93330724439607771, 8.421355707418003433, -8.818579885930123652 ) ) ;
#5767 = ORIENTED_EDGE ( 'NONE', *, *, #4845, .F. ) ;
#5768 = FACE_OUTER_BOUND ( 'NONE', #3436, .T. ) ;
#5769 = DIRECTION ( 'NONE',  ( -0.000000000000000000, -1.000000000000000000, -0.000000000000000000 ) ) ;
#5770 = B_SPLINE_CURVE_WITH_KNOTS ( 'NONE', 3,
 ( #2397, #1566, #2350, #5074 ),
 .UNSPECIFIED., .F., .F.,
 ( 4, 4 ),
 ( 2.076005307753108788E-07, 0.001038212667241132517 ),
 .UNSPECIFIED. ) ;
#5771 = AXIS2_PLACEMENT_3D ( 'NONE', #3600, #1520, #906 ) ;
#5772 = B_SPLINE_CURVE_WITH_KNOTS ( 'NONE', 3,
 ( #1158, #3720, #511, #5193, #5722, #1069 ),
 .UNSPECIFIED., .F., .F.,
 ( 4, 2, 4 ),
 ( 0.0007962374759647268194, 0.001195763543556038365, 0.001595289611147349910 ),
 .UNSPECIFIED. ) ;
#5773 = CARTESIAN_POINT ( 'NONE',  ( -8.749999999999998224, 8.500000000000007105, -13.09261806874823186 ) ) ;
#5774 = EDGE_CURVE ( 'NONE', #5222, #92, #1378, .T. ) ;
#5775 = VERTEX_POINT ( 'NONE', #2061 ) ;
#5776 = CARTESIAN_POINT ( 'NONE',  ( 8.448927483757966428, 7.801298536508874726, 12.97298074387752642 ) ) ;
#5777 = DIRECTION ( 'NONE',  ( 0.000000000000000000, -0.3103308818458678231, -0.9506286045416296737 ) ) ;
#5778 = CARTESIAN_POINT ( 'NONE',  ( -4.201174670048176855E-15, 15.49999999999999467, -8.402349340096353711E-15 ) ) ;
#5779 = CIRCLE ( 'NONE', #7284, 15.70343226005942228 ) ;
#5780 = DIRECTION ( 'NONE',  ( -0.6813100476940172623, 0.2676438637860938941, -0.6813100476940192607 ) ) ;
#5781 = AXIS2_PLACEMENT_3D ( 'NONE', #4979, #1085, #3779 ) ;
#5782 = EDGE_LOOP ( 'NONE', ( #7820, #3827, #1127, #6033, #3848, #3064, #5125, #4695 ) ) ;
#5783 = PLANE ( 'NONE',  #729 ) ;
#5784 = CIRCLE ( 'NONE', #7990, 15.43666455842805441 ) ;
#5785 = AXIS2_PLACEMENT_3D ( 'NONE', #522, #3819, #8615 ) ;
#5786 = CARTESIAN_POINT ( 'NONE',  ( -14.90684508345313652, 12.41970336326913404, 8.749999999999998224 ) ) ;
#5787 = DIRECTION ( 'NONE',  ( 0.6813100476940172623, -0.2676438637860938941, 0.6813100476940192607 ) ) ;
#5788 = ORIENTED_EDGE ( 'NONE', *, *, #3455, .F. ) ;
#5789 = DIRECTION ( 'NONE',  ( 3.277692010970705819E-17, 0.9635179096299407719, -0.2676438637860942826 ) ) ;
#5790 = ORIENTED_EDGE ( 'NONE', *, *, #8348, .F. ) ;
#5791 = CARTESIAN_POINT ( 'NONE',  ( -14.74687782792862656, 12.72343304759307614, -8.750000000000005329 ) ) ;
#5792 = EDGE_LOOP ( 'NONE', ( #2989, #639, #2811, #664, #4463 ) ) ;
#5793 = AXIS2_PLACEMENT_3D ( 'NONE', #6705, #3923, #1195 ) ;
#5794 = CARTESIAN_POINT ( 'NONE',  ( 11.14860944079054939, 10.66671112316219805, 12.56282300316368428 ) ) ;
#5795 = EDGE_CURVE ( 'NONE', #2869, #6628, #6870, .T. ) ;
#5796 = CARTESIAN_POINT ( 'NONE',  ( -8.749999999999996447, 12.41970336326913582, -14.90684508345314008 ) ) ;
#5797 = CARTESIAN_POINT ( 'NONE',  ( -13.00325511311564597, 7.717815767997174170, -8.360915864009642817 ) ) ;
#5798 = CARTESIAN_POINT ( 'NONE',  ( 1.423276159868962736E-15, 7.749999999999998224, -11.12193181625839244 ) ) ;
#5799 = CIRCLE ( 'NONE', #5085, 19.39999999999999858 ) ;
#5800 = LINE ( 'NONE', #2408, #2706 ) ;
#5801 = CARTESIAN_POINT ( 'NONE',  ( -13.09261806874823009, 8.500000000000007105, 8.749999999999998224 ) ) ;
#5802 = VERTEX_POINT ( 'NONE', #5985 ) ;
#5803 = CARTESIAN_POINT ( 'NONE',  ( -1.947630796179198266E-15, 13.44014657956791581, 0.000000000000000000 ) ) ;
#5804 = ORIENTED_EDGE ( 'NONE', *, *, #7065, .T. ) ;
#5805 = DIRECTION ( 'NONE',  ( 0.000000000000000000, 1.000000000000000000, 0.000000000000000000 ) ) ;
#5806 = ORIENTED_EDGE ( 'NONE', *, *, #2497, .F. ) ;
#5807 = EDGE_CURVE ( 'NONE', #5254, #3949, #4531, .T. ) ;
#5808 = EDGE_CURVE ( 'NONE', #8153, #4370, #6716, .T. ) ;
#5809 = CARTESIAN_POINT ( 'NONE',  ( 13.50732363324835639, 7.659732369416224707, -8.504161089975575294 ) ) ;
#5810 = CARTESIAN_POINT ( 'NONE',  ( -13.68500219247397887, 9.123749298409927988, -8.979284171333905107 ) ) ;
#5811 = ORIENTED_EDGE ( 'NONE', *, *, #5485, .T. ) ;
#5812 = CARTESIAN_POINT ( 'NONE',  ( 8.173336394003353433, 7.764438374762626438, 13.25012511095119372 ) ) ;
#5813 = ORIENTED_EDGE ( 'NONE', *, *, #443, .T. ) ;
#5814 = CARTESIAN_POINT ( 'NONE',  ( -13.85856564106168243, 11.20502593776028633, 8.822415896111312605 ) ) ;
#5815 = CARTESIAN_POINT ( 'NONE',  ( -8.820647300484189657, 9.871516746732725167, 13.41898249956884648 ) ) ;
#5816 = B_SPLINE_CURVE_WITH_KNOTS ( 'NONE', 3,
 ( #8362, #6380, #6986, #5069, #7036, #7627 ),
 .UNSPECIFIED., .F., .F.,
 ( 4, 2, 4 ),
 ( 2.453269466693398698E-18, 0.0007182194465963653331, 0.001436438893192728064 ),
 .UNSPECIFIED. ) ;
#5817 = CARTESIAN_POINT ( 'NONE',  ( 8.750000000000003553, 8.500000000000007105, -21.00000000000002132 ) ) ;
#5818 = EDGE_CURVE ( 'NONE', #7927, #5090, #3921, .T. ) ;
#5819 = FACE_OUTER_BOUND ( 'NONE', #3839, .T. ) ;
#5820 = CARTESIAN_POINT ( 'NONE',  ( 12.43164150781002952, 10.00004516124002407, 11.01742794543697457 ) ) ;
#5821 = VERTEX_POINT ( 'NONE', #4877 ) ;
#5822 = CARTESIAN_POINT ( 'NONE',  ( -14.95759213884066696, 13.41637423525960493, -8.166287261939428888 ) ) ;
#5823 = DIRECTION ( 'NONE',  ( 1.000000000000000000, -0.000000000000000000, -0.000000000000000000 ) ) ;
#5824 = VERTEX_POINT ( 'NONE', #3002 ) ;
#5825 = DIRECTION ( 'NONE',  ( 0.6813100476940172623, -0.2676438637860938941, 0.6813100476940192607 ) ) ;
#5826 = CARTESIAN_POINT ( 'NONE',  ( 13.14403170858751224, 7.828793847273542106, -8.347244453591521562 ) ) ;
#5827 = ORIENTED_EDGE ( 'NONE', *, *, #4506, .F. ) ;
#5828 = EDGE_CURVE ( 'NONE', #1773, #3104, #2574, .T. ) ;
#5829 = CARTESIAN_POINT ( 'NONE',  ( -11.21419750224826650, 11.00004516124001697, -12.62841106462140317 ) ) ;
#5830 = CARTESIAN_POINT ( 'NONE',  ( -13.38812192085653940, 7.989979565696343045, 8.857264871895802472 ) ) ;
#5831 = EDGE_LOOP ( 'NONE', ( #4480, #219, #1994, #7822, #5410, #395, #7261, #673, #5310, #2928, #8147, #5209, #7636, #1758, #176, #8597 ) ) ;
#5832 = CARTESIAN_POINT ( 'NONE',  ( -13.26771289856775482, 8.104278581208934185, -8.645682326976629639 ) ) ;
#5833 = ORIENTED_EDGE ( 'NONE', *, *, #7911, .F. ) ;
#5834 = CARTESIAN_POINT ( 'NONE',  ( 12.39543897012401175, 11.77867203159241427, 12.74899236063012076 ) ) ;
#5835 = ORIENTED_EDGE ( 'NONE', *, *, #1051, .T. ) ;
#5836 = ORIENTED_EDGE ( 'NONE', *, *, #4167, .F. ) ;
#5837 = CARTESIAN_POINT ( 'NONE',  ( 12.94327332841387701, 8.104870398530032105, 8.646962376235098446 ) ) ;
#5838 = CARTESIAN_POINT ( 'NONE',  ( 13.34286252986130172, 8.499999999999987566, -8.750000000000001776 ) ) ;
#5839 = DIRECTION ( 'NONE',  ( 0.000000000000000000, 0.000000000000000000, -1.000000000000000000 ) ) ;
#5840 = CARTESIAN_POINT ( 'NONE',  ( -15.45172114225276339, 13.24999999999999822, 7.999999999999992895 ) ) ;
#5841 = CARTESIAN_POINT ( 'NONE',  ( -8.976625077512197848, 11.12483098435208717, -14.34847627377302537 ) ) ;
#5842 = CARTESIAN_POINT ( 'NONE',  ( 8.750000000000003553, 11.16487927768305255, 13.98051959651628984 ) ) ;
#5843 = DIRECTION ( 'NONE',  ( 1.000000000000000000, -0.000000000000000000, -0.000000000000000000 ) ) ;
#5844 = ORIENTED_EDGE ( 'NONE', *, *, #1374, .F. ) ;
#5845 = ORIENTED_EDGE ( 'NONE', *, *, #4410, .T. ) ;
#5846 = CARTESIAN_POINT ( 'NONE',  ( 0.000000000000000000, 14.99999999999999645, 18.00000000000000000 ) ) ;
#5847 = ORIENTED_EDGE ( 'NONE', *, *, #359, .F. ) ;
#5848 = CARTESIAN_POINT ( 'NONE',  ( -8.858284710630657699, 7.991778477619689625, -13.38804520993569369 ) ) ;
#5849 = AXIS2_PLACEMENT_3D ( 'NONE', #7046, #7640, #5117 ) ;
#5850 = CARTESIAN_POINT ( 'NONE',  ( -8.578089689930287420, 8.010351467636645850, -12.95773435200524126 ) ) ;
#5851 = ORIENTED_EDGE ( 'NONE', *, *, #6960, .F. ) ;
#5852 = CARTESIAN_POINT ( 'NONE',  ( -10.78099644031542859, 10.66671105323900370, -12.19521000268856525 ) ) ;
#5853 = ORIENTED_EDGE ( 'NONE', *, *, #8442, .F. ) ;
#5854 = EDGE_CURVE ( 'NONE', #6089, #5824, #1718, .T. ) ;
#5855 = AXIS2_PLACEMENT_3D ( 'NONE', #7163, #4561, #7211 ) ;
#5856 = CARTESIAN_POINT ( 'NONE',  ( 14.22134909590587881, 10.74122420985701787, 8.977134644401317587 ) ) ;
#5857 = CARTESIAN_POINT ( 'NONE',  ( 18.49555875255633453, 13.57363290979778903, 7.280611778646333576 ) ) ;
#5858 = CARTESIAN_POINT ( 'NONE',  ( -10.00000000000000000, 15.50164662274214145, 0.000000000000000000 ) ) ;
#5859 = VERTEX_POINT ( 'NONE', #2235 ) ;
#5860 = LINE ( 'NONE', #1990, #4367 ) ;
#5861 = EDGE_CURVE ( 'NONE', #2148, #4370, #4638, .T. ) ;
#5862 = EDGE_CURVE ( 'NONE', #780, #4605, #7339, .T. ) ;
#5863 = PLANE ( 'NONE',  #2056 ) ;
#5864 = DIRECTION ( 'NONE',  ( 0.000000000000000000, 0.000000000000000000, 1.000000000000000000 ) ) ;
#5865 = AXIS2_PLACEMENT_3D ( 'NONE', #3324, #564, #1304 ) ;
#5866 = CARTESIAN_POINT ( 'NONE',  ( 13.01818372554171610, 8.103276485729052681, -8.645115147375660669 ) ) ;
#5867 = ORIENTED_EDGE ( 'NONE', *, *, #146, .T. ) ;
#5868 = AXIS2_PLACEMENT_3D ( 'NONE', #230, #7517, #2320 ) ;
#5869 = CARTESIAN_POINT ( 'NONE',  ( 13.22499999999999964, 15.49999999999999289, -1.619595391872374543E-15 ) ) ;
#5870 = DIRECTION ( 'NONE',  ( 0.000000000000000000, 0.000000000000000000, 1.000000000000000000 ) ) ;
#5871 = EDGE_CURVE ( 'NONE', #6256, #1967, #6925, .T. ) ;
#5872 = CARTESIAN_POINT ( 'NONE',  ( 13.42315674506856737, 8.340567691685636831, -8.980364904031475248 ) ) ;
#5873 = EDGE_LOOP ( 'NONE', ( #5806, #2045, #6286, #784, #3927, #5958, #643, #4509 ) ) ;
#5874 = DIRECTION ( 'NONE',  ( -0.000000000000000000, -1.000000000000000000, -0.000000000000000000 ) ) ;
#5875 = ORIENTED_EDGE ( 'NONE', *, *, #6901, .T. ) ;
#5876 = ORIENTED_EDGE ( 'NONE', *, *, #5711, .T. ) ;
#5877 = ORIENTED_EDGE ( 'NONE', *, *, #2403, .F. ) ;
#5878 = CARTESIAN_POINT ( 'NONE',  ( 13.24304958942817478, 7.749999999999994671, 8.177680424866874631 ) ) ;
#5879 = PLANE ( 'NONE',  #2910 ) ;
#5880 = CARTESIAN_POINT ( 'NONE',  ( 15.20279579551075777, 9.500045161240020519, 14.49568901432426671 ) ) ;
#5881 = PERSON ( 'UNSPECIFIED', 'UNSPECIFIED', 'UNSPECIFIED', ('UNSPECIFIED'), ('UNSPECIFIED'), ('UNSPECIFIED') ) ;
#5882 = VECTOR ( 'NONE', #6826, 1000.000000000000000 ) ;
#5883 = CARTESIAN_POINT ( 'NONE',  ( 8.824401017278855619, 12.79986805340124789, 14.37797326388152186 ) ) ;
#5884 = LINE ( 'NONE', #5303, #6895 ) ;
#5885 = ORIENTED_EDGE ( 'NONE', *, *, #3505, .F. ) ;
#5886 = DIRECTION ( 'NONE',  ( 0.000000000000000000, -1.000000000000000000, 0.000000000000000000 ) ) ;
#5887 = ORIENTED_EDGE ( 'NONE', *, *, #7330, .T. ) ;
#5888 = FACE_BOUND ( 'NONE', #6515, .T. ) ;
#5889 = CIRCLE ( 'NONE', #572, 1.010151393566353528 ) ;
#5890 = FACE_OUTER_BOUND ( 'NONE', #6491, .T. ) ;
#5891 = CARTESIAN_POINT ( 'NONE',  ( 13.59503840427213994, 7.939167140484568286, -8.511079952560404394 ) ) ;
#5892 = DIRECTION ( 'NONE',  ( 0.000000000000000000, 0.000000000000000000, -1.000000000000000000 ) ) ;
#5893 = ORIENTED_EDGE ( 'NONE', *, *, #5573, .T. ) ;
#5894 = DIRECTION ( 'NONE',  ( 1.000000000000000000, 0.000000000000000000, 1.224646799147353207E-16 ) ) ;
#5895 = ORIENTED_EDGE ( 'NONE', *, *, #5034, .T. ) ;
#5896 = DIRECTION ( 'NONE',  ( -0.7071067811865475727, 0.000000000000000000, 0.7071067811865475727 ) ) ;
#5897 = VERTEX_POINT ( 'NONE', #195 ) ;
#5898 = ORIENTED_EDGE ( 'NONE', *, *, #5964, .T. ) ;
#5899 = CARTESIAN_POINT ( 'NONE',  ( 10.99202368505109639, 9.870942362606822229, -12.40623724742415313 ) ) ;
#5900 = EDGE_CURVE ( 'NONE', #6628, #1092, #2970, .T. ) ;
#5901 = CARTESIAN_POINT ( 'NONE',  ( 8.392814450962260864, 13.34416902484766254, 14.80960307706623169 ) ) ;
#5902 = EDGE_LOOP ( 'NONE', ( #6546, #818, #7619, #1219 ) ) ;
#5903 = CARTESIAN_POINT ( 'NONE',  ( -11.21418861615252816, 10.99999999999999645, 12.62840217852558311 ) ) ;
#5904 = CYLINDRICAL_SURFACE ( 'NONE', #1497, 6.871931816258391557 ) ;
#5905 = VERTEX_POINT ( 'NONE', #5001 ) ;
#5906 = DIRECTION ( 'NONE',  ( 1.000000000000000000, -0.000000000000000000, -0.000000000000000000 ) ) ;
#5907 = CARTESIAN_POINT ( 'NONE',  ( 0.000000000000000000, 11.50000000000000000, 0.000000000000000000 ) ) ;
#5908 = CARTESIAN_POINT ( 'NONE',  ( -8.946240797713585380, 12.71348617445701379, -14.88316707924260562 ) ) ;
#5909 = EDGE_CURVE ( 'NONE', #6129, #3310, #3275, .T. ) ;
#5910 = ADVANCED_FACE ( 'NONE', ( #3714 ), #7437, .T. ) ;
#5911 = CARTESIAN_POINT ( 'NONE',  ( 13.22499999999999964, 16.51447992314274771, -1.619595391872374543E-15 ) ) ;
#5912 = CARTESIAN_POINT ( 'NONE',  ( -11.62869148398554486, 9.500000000000000000, 10.92158470279896143 ) ) ;
#5913 = FACE_OUTER_BOUND ( 'NONE', #6622, .T. ) ;
#5914 = VECTOR ( 'NONE', #7226, 1000.000000000000227 ) ;
#5915 = VECTOR ( 'NONE', #5995, 1000.000000000000000 ) ;
#5916 = CARTESIAN_POINT ( 'NONE',  ( -8.824077831548111206, 12.54014657956790835, -14.29338720761957759 ) ) ;
#5917 = CARTESIAN_POINT ( 'NONE',  ( 7.932747726257774801, 13.44014657956791581, 15.08967093049028918 ) ) ;
#5918 = EDGE_LOOP ( 'NONE', ( #2803, #5443, #3919, #7207 ) ) ;
#5919 = CARTESIAN_POINT ( 'NONE',  ( 12.43163262118707379, 10.00000000000000355, -11.01741905881393713 ) ) ;
#5920 = ADVANCED_FACE ( 'NONE', ( #841 ), #3888, .T. ) ;
#5921 = CIRCLE ( 'NONE', #7020, 0.1500000000000003830 ) ;
#5922 = VECTOR ( 'NONE', #1771, 1000.000000000000000 ) ;
#5923 = CARTESIAN_POINT ( 'NONE',  ( -7.000000000000000000, 5.999999999999999112, 0.000000000000000000 ) ) ;
#5924 = DIRECTION ( 'NONE',  ( 0.000000000000000000, 0.000000000000000000, 1.000000000000000000 ) ) ;
#5925 = CARTESIAN_POINT ( 'NONE',  ( 8.750000000000001776, 8.526040938946250591, 13.01508767021575608 ) ) ;
#5926 = CARTESIAN_POINT ( 'NONE',  ( 19.15872578053393482, 9.704922051073163303, 5.097671593638625431 ) ) ;
#5927 = CONICAL_SURFACE ( 'NONE', #7998, 13.22499999999999964, 0.8215270139102243130 ) ;
#5928 = VECTOR ( 'NONE', #759, 1000.000000000000000 ) ;
#5929 = CARTESIAN_POINT ( 'NONE',  ( 8.750000000000005329, 12.72343304759307614, -14.74687782792862656 ) ) ;
#5930 = DIRECTION ( 'NONE',  ( -0.7071067811865484609, 0.000000000000000000, 0.7071067811865466846 ) ) ;
#5931 = DIRECTION ( 'NONE',  ( -1.084202172485505174E-16, 1.000000000000000000, 0.000000000000000000 ) ) ;
#5932 = EDGE_CURVE ( 'NONE', #6573, #6855, #6298, .T. ) ;
#5933 = CARTESIAN_POINT ( 'NONE',  ( 13.13738285335256428, 11.05603359939343733, 11.72316929087162229 ) ) ;
#5934 = DIRECTION ( 'NONE',  ( -0.000000000000000000, -1.000000000000000000, -0.000000000000000000 ) ) ;
#5935 = CIRCLE ( 'NONE', #2137, 0.1499999999999997724 ) ;
#5936 = CARTESIAN_POINT ( 'NONE',  ( 13.73654834780745482, 7.559853420432085080, -8.073230648290536493 ) ) ;
#5937 = CARTESIAN_POINT ( 'NONE',  ( 0.000000000000000000, 6.999999999999998224, 0.000000000000000000 ) ) ;
#5938 = ORIENTED_EDGE ( 'NONE', *, *, #6717, .T. ) ;
#5939 = DIRECTION ( 'NONE',  ( -0.7071067811902390643, -1.878358579787687368E-11, 0.7071067811828559702 ) ) ;
#5940 = ORIENTED_EDGE ( 'NONE', *, *, #5677, .F. ) ;
#5941 = LINE ( 'NONE', #8558, #8613 ) ;
#5942 = ORIENTED_EDGE ( 'NONE', *, *, #1282, .T. ) ;
#5943 = VECTOR ( 'NONE', #3646, 1000.000000000000114 ) ;
#5944 = DIRECTION ( 'NONE',  ( 0.7071067811865485719, 0.000000000000000000, -0.7071067811865465735 ) ) ;
#5945 = CARTESIAN_POINT ( 'NONE',  ( 0.000000000000000000, 12.39999999999999858, 0.000000000000000000 ) ) ;
#5946 = ORIENTED_EDGE ( 'NONE', *, *, #3020, .F. ) ;
#5947 = CARTESIAN_POINT ( 'NONE',  ( 13.61194688593825042, 7.750000000000001776, 7.999999999999992895 ) ) ;
#5948 = DIRECTION ( 'NONE',  ( -0.7071067811865463515, 0.000000000000000000, -0.7071067811865487940 ) ) ;
#5949 = DIRECTION ( 'NONE',  ( 0.8851401627399574368, 0.000000000000000000, -0.4653245021538002235 ) ) ;
#5950 = CARTESIAN_POINT ( 'NONE',  ( 11.31460838340247399, 11.50000000000000000, -12.02171516458897749 ) ) ;
#5951 = CARTESIAN_POINT ( 'NONE',  ( 18.19999999999999574, 16.51447992314274771, -36.39999999999999147 ) ) ;
#5952 = CARTESIAN_POINT ( 'NONE',  ( -14.31688257117269636, 11.03420945429614797, 8.976776105053287935 ) ) ;
#5953 = CARTESIAN_POINT ( 'NONE',  ( 12.01693338809935163, 9.851636212332532949, 12.37048677855031542 ) ) ;
#5954 = ORIENTED_EDGE ( 'NONE', *, *, #7806, .T. ) ;
#5955 = ADVANCED_FACE ( 'NONE', ( #6403 ), #2353, .T. ) ;
#5956 = CARTESIAN_POINT ( 'NONE',  ( -8.616242408257793528, 12.94493209210328999, 14.55090368015223312 ) ) ;
#5957 = EDGE_CURVE ( 'NONE', #8117, #7066, #3982, .T. ) ;
#5958 = ORIENTED_EDGE ( 'NONE', *, *, #5100, .F. ) ;
#5959 = CARTESIAN_POINT ( 'NONE',  ( -13.53979924743924101, 9.831370388437388641, -8.750000000000001776 ) ) ;
#5960 = FACE_OUTER_BOUND ( 'NONE', #7505, .T. ) ;
#5961 = DIRECTION ( 'NONE',  ( 1.000000000000000000, -0.000000000000000000, -0.000000000000000000 ) ) ;
#5962 = DIRECTION ( 'NONE',  ( 0.000000000000000000, -1.000000000000000000, -0.000000000000000000 ) ) ;
#5963 = CARTESIAN_POINT ( 'NONE',  ( -7.999999999999996447, 8.500000000000001776, -21.00000000000002132 ) ) ;
#5964 = EDGE_CURVE ( 'NONE', #3112, #1441, #6171, .T. ) ;
#5965 = FACE_OUTER_BOUND ( 'NONE', #3494, .T. ) ;
#5966 = EDGE_CURVE ( 'NONE', #5657, #4269, #5045, .T. ) ;
#5967 = CARTESIAN_POINT ( 'NONE',  ( -21.00000000000002132, 13.25000000000000178, -7.999999999999996447 ) ) ;
#5968 = EDGE_LOOP ( 'NONE', ( #2787, #8568, #7289, #4671 ) ) ;
#5969 = CARTESIAN_POINT ( 'NONE',  ( 14.78329181874944354, 12.45985342043207744, 8.975003248201144146 ) ) ;
#5970 = CARTESIAN_POINT ( 'NONE',  ( 12.62841106462136231, 11.00004516124001697, 11.21419750224830736 ) ) ;
#5971 = EDGE_LOOP ( 'NONE', ( #7383, #4003, #55, #6875, #5061, #5569, #4977, #7581, #111, #8187, #1359, #3394, #99, #3150, #515, #2113 ) ) ;
#5972 = CIRCLE ( 'NONE', #7894, 18.19999999999999929 ) ;
#5973 = CARTESIAN_POINT ( 'NONE',  ( 0.000000000000000000, 16.49999999999999645, -18.19999999999999929 ) ) ;
#5974 = CARTESIAN_POINT ( 'NONE',  ( 15.55634918610408413, 10.00000000000000355, -14.14213562373093680 ) ) ;
#5975 = ORIENTED_EDGE ( 'NONE', *, *, #900, .T. ) ;
#5976 = CARTESIAN_POINT ( 'NONE',  ( -7.925793772813722882, 7.640146579567910656, 13.24659978108555514 ) ) ;
#5977 = EDGE_LOOP ( 'NONE', ( #1803, #3267, #4530, #4043 ) ) ;
#5978 = VERTEX_POINT ( 'NONE', #7500 ) ;
#5979 = EDGE_CURVE ( 'NONE', #2449, #4465, #4248, .T. ) ;
#5980 = CARTESIAN_POINT ( 'NONE',  ( 10.93558353015401607, 11.25650950994057631, -12.27742343018193871 ) ) ;
#5981 = AXIS2_PLACEMENT_3D ( 'NONE', #7350, #5931, #1893 ) ;
#5982 = LINE ( 'NONE', #2657, #5129 ) ;
#5983 = FACE_OUTER_BOUND ( 'NONE', #4066, .T. ) ;
#5984 = AXIS2_PLACEMENT_3D ( 'NONE', #8089, #2233, #1540 ) ;
#5985 = CARTESIAN_POINT ( 'NONE',  ( 14.65974925560509590, 12.49999999999999467, -8.750000000000001776 ) ) ;
#5986 = ORIENTED_EDGE ( 'NONE', *, *, #6075, .T. ) ;
#5987 = CARTESIAN_POINT ( 'NONE',  ( 0.000000000000000000, 15.49999999999999289, 0.000000000000000000 ) ) ;
#5988 = CARTESIAN_POINT ( 'NONE',  ( 8.616242408257670959, 12.94493209210330953, -14.55090368015236280 ) ) ;
#5989 = ORIENTED_EDGE ( 'NONE', *, *, #6379, .F. ) ;
#5990 = EDGE_CURVE ( 'NONE', #1106, #5824, #184, .T. ) ;
#5991 = DIRECTION ( 'NONE',  ( 0.000000000000000000, 0.000000000000000000, 1.000000000000000000 ) ) ;
#5992 = CARTESIAN_POINT ( 'NONE',  ( 5.652384859552038066, 8.688837731353343585, 18.20485689643648186 ) ) ;
#5993 = CARTESIAN_POINT ( 'NONE',  ( -8.848546614605353966, 12.93257252075677144, -15.01214076799336006 ) ) ;
#5994 = VERTEX_POINT ( 'NONE', #4856 ) ;
#5995 = DIRECTION ( 'NONE',  ( -0.7071067811865487940, -0.000000000000000000, 0.7071067811865463515 ) ) ;
#5996 = CARTESIAN_POINT ( 'NONE',  ( 14.49568901432421164, 11.00004516124001874, 15.20279579551080928 ) ) ;
#5997 = AXIS2_PLACEMENT_3D ( 'NONE', #2888, #1517, #6813 ) ;
#5998 = CARTESIAN_POINT ( 'NONE',  ( -8.634679535677483031, 13.10715127519779877, 14.59230164900177407 ) ) ;
#5999 = EDGE_LOOP ( 'NONE', ( #3039, #1136, #6107, #3662 ) ) ;
#6000 = AXIS2_PLACEMENT_3D ( 'NONE', #1025, #4354, #332 ) ;
#6001 = CARTESIAN_POINT ( 'NONE',  ( -12.27743231549151304, 11.25655467091716488, -10.93559241504928536 ) ) ;
#6002 = EDGE_CURVE ( 'NONE', #3949, #3961, #7846, .T. ) ;
#6003 = DIRECTION ( 'NONE',  ( 0.7071067811902380651, 1.878371793501663889E-11, -0.7071067811828570804 ) ) ;
#6004 = B_SPLINE_CURVE_WITH_KNOTS ( 'NONE', 3,
 ( #2016, #7469, #627, #3304, #7959, #2862, #4952, #7637, #4908, #3699 ),
 .UNSPECIFIED., .F., .F.,
 ( 4, 2, 2, 2, 4 ),
 ( 0.000000000000000000, 0.0003723559986007055934, 0.0007447119972014111869, 0.001117067995802113311, 0.001489423994402815652 ),
 .UNSPECIFIED. ) ;
#6005 = CARTESIAN_POINT ( 'NONE',  ( 5.826724824144557502, 10.99698500752926833, 18.93724281571132551 ) ) ;
#6006 = CARTESIAN_POINT ( 'NONE',  ( 15.08482716597920081, 13.39999999999999858, 7.930201324676925623 ) ) ;
#6007 = ORIENTED_EDGE ( 'NONE', *, *, #8275, .T. ) ;
#6008 = CARTESIAN_POINT ( 'NONE',  ( 8.099993220059742427, 7.750000000000002665, -13.78208468598914038 ) ) ;
#6009 = CARTESIAN_POINT ( 'NONE',  ( 13.34451443976828955, 7.878935351584107849, -8.432657289067760686 ) ) ;
#6010 = ORIENTED_EDGE ( 'NONE', *, *, #3232, .F. ) ;
#6011 = CARTESIAN_POINT ( 'NONE',  ( 12.15887298135860028, 10.57427464455498978, 12.51242637183024442 ) ) ;
#6012 = CARTESIAN_POINT ( 'NONE',  ( 14.95309868497452932, 13.27286299778583789, -8.092674660744094695 ) ) ;
#6013 = CIRCLE ( 'NONE', #7944, 10.00000000000000000 ) ;
#6014 = ADVANCED_FACE ( 'NONE', ( #2892 ), #3954, .F. ) ;
#6015 = DIRECTION ( 'NONE',  ( -0.7071067811828573024, 0.000000000000000000, -0.7071067811902377320 ) ) ;
#6016 = EDGE_CURVE ( 'NONE', #3076, #5654, #6824, .T. ) ;
#6017 = CARTESIAN_POINT ( 'NONE',  ( 8.139498215522158020, 7.658986448312878004, 13.12305510389114716 ) ) ;
#6018 = CARTESIAN_POINT ( 'NONE',  ( 0.000000000000000000, 15.49999999999999645, 0.000000000000000000 ) ) ;
#6019 = ORIENTED_EDGE ( 'NONE', *, *, #3095, .F. ) ;
#6020 = CARTESIAN_POINT ( 'NONE',  ( -11.10928804758648880, 11.44393235737476289, 12.19099930510161300 ) ) ;
#6021 = TOROIDAL_SURFACE ( 'NONE', #2223, 9.621931816258390668, 0.5000000000000004441 ) ;
#6022 = ORIENTED_EDGE ( 'NONE', *, *, #7543, .T. ) ;
#6023 = CARTESIAN_POINT ( 'NONE',  ( -8.818579885930121876, 8.421355707417873759, -12.93330724439604218 ) ) ;
#6024 = EDGE_CURVE ( 'NONE', #2642, #3577, #1691, .T. ) ;
#6025 = AXIS2_PLACEMENT_3D ( 'NONE', #8456, #489, #7079 ) ;
#6026 = DIRECTION ( 'NONE',  ( 0.000000000000000000, 0.000000000000000000, 1.000000000000000000 ) ) ;
#6027 = CARTESIAN_POINT ( 'NONE',  ( 7.965647121338089498, 7.733043175163240690, 15.36934701884383969 ) ) ;
#6028 = DIRECTION ( 'NONE',  ( -0.000000000000000000, -0.000000000000000000, 1.000000000000000000 ) ) ;
#6029 = CARTESIAN_POINT ( 'NONE',  ( 10.00000000000000000, 15.50164662274214145, 1.224646799147353256E-15 ) ) ;
#6030 = CARTESIAN_POINT ( 'NONE',  ( -11.23980349560077485, 11.13018087456168281, -12.65401705797391330 ) ) ;
#6031 = DIRECTION ( 'NONE',  ( 0.6813100476940172623, -0.2676438637860938941, 0.6813100476940191497 ) ) ;
#6032 = PLANE ( 'NONE',  #5591 ) ;
#6033 = ORIENTED_EDGE ( 'NONE', *, *, #102, .T. ) ;
#6034 = CARTESIAN_POINT ( 'NONE',  ( 8.504161089975628585, 7.659732369416250464, 13.50732363324833152 ) ) ;
#6035 = LINE ( 'NONE', #157, #2117 ) ;
#6036 = ORIENTED_EDGE ( 'NONE', *, *, #6482, .F. ) ;
#6037 = APPROVAL_STATUS ( 'not_yet_approved' ) ;
#6038 = DIRECTION ( 'NONE',  ( -0.6813100476940172623, 0.2676438637860938941, -0.6813100476940192607 ) ) ;
#6039 = ORIENTED_EDGE ( 'NONE', *, *, #5132, .F. ) ;
#6040 = ORIENTED_EDGE ( 'NONE', *, *, #4334, .T. ) ;
#6041 = DIRECTION ( 'NONE',  ( 0.6813100476940172623, -0.2676438637860939496, 0.6813100476940193717 ) ) ;
#6042 = CARTESIAN_POINT ( 'NONE',  ( 11.99580628550739725, 9.500000000000000000, -11.28869950432081382 ) ) ;
#6043 = VECTOR ( 'NONE', #3532, 1000.000000000000000 ) ;
#6044 = CARTESIAN_POINT ( 'NONE',  ( 14.33553273365747316, 12.66955441072168043, 8.824238860517747085 ) ) ;
#6045 = DIRECTION ( 'NONE',  ( 0.6813100476940173733, -0.2676438637860939496, 0.6813100476940192607 ) ) ;
#6046 = ORIENTED_EDGE ( 'NONE', *, *, #5932, .F. ) ;
#6047 = CARTESIAN_POINT ( 'NONE',  ( 8.750000000000001776, 12.41970336326913760, -14.90684508345314008 ) ) ;
#6048 = CARTESIAN_POINT ( 'NONE',  ( 13.55065124623706474, 7.749999999999999112, -8.086911769995003496 ) ) ;
#6049 = EDGE_CURVE ( 'NONE', #2244, #6069, #6819, .T. ) ;
#6050 = ORIENTED_EDGE ( 'NONE', *, *, #651, .T. ) ;
#6051 = AXIS2_PLACEMENT_3D ( 'NONE', #5220, #7864, #7818 ) ;
#6052 = CARTESIAN_POINT ( 'NONE',  ( 12.48037429436787349, 11.50004516124002230, 11.58463239380565923 ) ) ;
#6053 = CIRCLE ( 'NONE', #8247, 0.1499999999999995226 ) ;
#6054 = CARTESIAN_POINT ( 'NONE',  ( -13.09261806874823009, 8.500000000000007105, 8.749999999999998224 ) ) ;
#6055 = CARTESIAN_POINT ( 'NONE',  ( 0.000000000000000000, 7.749999999999999112, 0.000000000000000000 ) ) ;
#6056 = VECTOR ( 'NONE', #5934, 1000.000000000000000 ) ;
#6057 = DIRECTION ( 'NONE',  ( 0.9479564653330659896, -0.3183999683310905771, 0.000000000000000000 ) ) ;
#6058 = CARTESIAN_POINT ( 'NONE',  ( -13.24659978108555691, 7.640146579567915985, 7.925793772813722882 ) ) ;
#6059 = VERTEX_POINT ( 'NONE', #822 ) ;
#6060 = ORIENTED_EDGE ( 'NONE', *, *, #6378, .F. ) ;
#6061 = CARTESIAN_POINT ( 'NONE',  ( -14.64564373570168776, 12.89326629832453541, -8.646345544355963142 ) ) ;
#6062 = EDGE_CURVE ( 'NONE', #7066, #8413, #2445, .T. ) ;
#6063 = ORIENTED_EDGE ( 'NONE', *, *, #2589, .F. ) ;
#6064 = EDGE_CURVE ( 'NONE', #2605, #92, #8105, .T. ) ;
#6065 = DIRECTION ( 'NONE',  ( -0.000000000000000000, 1.000000000000000000, -0.000000000000000000 ) ) ;
#6066 = DIRECTION ( 'NONE',  ( -0.6813100476940182615, 0.2676438637860973913, -0.6813100476940168182 ) ) ;
#6067 = VECTOR ( 'NONE', #496, 1000.000000000000000 ) ;
#6068 = FACE_OUTER_BOUND ( 'NONE', #2203, .T. ) ;
#6069 = VERTEX_POINT ( 'NONE', #5316 ) ;
#6070 = DIRECTION ( 'NONE',  ( -0.000000000000000000, -1.000000000000000000, -0.000000000000000000 ) ) ;
#6071 = CARTESIAN_POINT ( 'NONE',  ( -9.999999999999994671, 15.50164662274214322, -20.00000000000000000 ) ) ;
#6072 = CIRCLE ( 'NONE', #7449, 17.04777566953916335 ) ;
#6073 = CARTESIAN_POINT ( 'NONE',  ( -14.88223505255093215, 12.71157885175990288, -8.946758881100873140 ) ) ;
#6074 = DIRECTION ( 'NONE',  ( 0.000000000000000000, 0.000000000000000000, -1.000000000000000000 ) ) ;
#6075 = EDGE_CURVE ( 'NONE', #5040, #3740, #7544, .T. ) ;
#6076 = CARTESIAN_POINT ( 'NONE',  ( 12.81712336548853237, 11.75190764522319675, 12.46356997480809348 ) ) ;
#6077 = B_SPLINE_CURVE_WITH_KNOTS ( 'NONE', 3,
 ( #7292, #1183, #4006, #529 ),
 .UNSPECIFIED., .F., .F.,
 ( 4, 4 ),
 ( 0.000000000000000000, 0.004211198243782909856 ),
 .UNSPECIFIED. ) ;
#6078 = CARTESIAN_POINT ( 'NONE',  ( 8.729789075985822322, 8.298831318437699167, 13.27847873882865315 ) ) ;
#6079 = CARTESIAN_POINT ( 'NONE',  ( 6.883837272794241180, -6.382708921545694025, 10.90596574013497744 ) ) ;
#6080 =( NAMED_UNIT ( * ) SI_UNIT ( $, .STERADIAN. ) SOLID_ANGLE_UNIT ( ) );
#6081 = CARTESIAN_POINT ( 'NONE',  ( 0.000000000000000000, 15.49999999999999289, 0.000000000000000000 ) ) ;
#6082 = EDGE_CURVE ( 'NONE', #5859, #1587, #4020, .T. ) ;
#6083 = ORIENTED_EDGE ( 'NONE', *, *, #5465, .T. ) ;
#6084 = VERTEX_POINT ( 'NONE', #7585 ) ;
#6085 = CARTESIAN_POINT ( 'NONE',  ( 15.15337817441108648, 13.24999999999999822, 8.101799416557343037 ) ) ;
#6086 = DIRECTION ( 'NONE',  ( -0.7071067811865483499, 0.000000000000000000, 0.7071067811865466846 ) ) ;
#6087 = CARTESIAN_POINT ( 'NONE',  ( 15.09104191705612408, 13.24999999999947953, 8.200612716379142242 ) ) ;
#6088 = DIRECTION ( 'NONE',  ( 0.6813100476940172623, -0.2676438637860938941, 0.6813100476940191497 ) ) ;
#6089 = VERTEX_POINT ( 'NONE', #3109 ) ;
#6090 = CARTESIAN_POINT ( 'NONE',  ( -8.749999999999998224, 12.49999999999999289, -14.65974925560510123 ) ) ;
#6091 = ORIENTED_EDGE ( 'NONE', *, *, #8348, .T. ) ;
#6092 = PLANE ( 'NONE',  #2795 ) ;
#6093 = ORIENTED_EDGE ( 'NONE', *, *, #2248, .T. ) ;
#6094 = CARTESIAN_POINT ( 'NONE',  ( 14.88316707924260207, 12.71348617445702267, -8.946240797713588933 ) ) ;
#6095 = ORIENTED_EDGE ( 'NONE', *, *, #8574, .T. ) ;
#6096 = CARTESIAN_POINT ( 'NONE',  ( -13.55065124623706829, 7.750000000000000888, 8.086911769995001720 ) ) ;
#6097 = CARTESIAN_POINT ( 'NONE',  ( -10.73817107948605454, 9.556057334254722591, 11.81966333639817179 ) ) ;
#6098 = DIRECTION ( 'NONE',  ( 0.6813100476940172623, -0.2676438637860938941, 0.6813100476940192607 ) ) ;
#6099 = EDGE_CURVE ( 'NONE', #4393, #6973, #324, .T. ) ;
#6100 = CARTESIAN_POINT ( 'NONE',  ( 14.29338720761957582, 12.54014657956790479, 8.824077831548112982 ) ) ;
#6101 = CARTESIAN_POINT ( 'NONE',  ( -12.97221999686107097, 7.802619618608535923, 8.450765044383562241 ) ) ;
#6102 = CARTESIAN_POINT ( 'NONE',  ( -11.21751602232138012, 11.50000000000000178, 12.11309663783235280 ) ) ;
#6103 = ORIENTED_EDGE ( 'NONE', *, *, #874, .F. ) ;
#6104 = CARTESIAN_POINT ( 'NONE',  ( -8.350262601051509748, 7.740448005246448382, -13.01685361416411801 ) ) ;
#6105 = EDGE_CURVE ( 'NONE', #1812, #5593, #762, .T. ) ;
#6106 = DIRECTION ( 'NONE',  ( 0.000000000000000000, 0.000000000000000000, 1.000000000000000000 ) ) ;
#6107 = ORIENTED_EDGE ( 'NONE', *, *, #4604, .T. ) ;
#6108 = CARTESIAN_POINT ( 'NONE',  ( -14.65974925560509945, 12.49999999999999112, 8.749999999999998224 ) ) ;
#6109 = AXIS2_PLACEMENT_3D ( 'NONE', #5480, #180, #5524 ) ;
#6110 = CARTESIAN_POINT ( 'NONE',  ( 14.49568901432426316, 10.00000000000000000, -15.20279579551075955 ) ) ;
#6111 = CARTESIAN_POINT ( 'NONE',  ( -14.82524942834544746, 12.58867656368700771, -8.974846694154368976 ) ) ;
#6112 = ORIENTED_EDGE ( 'NONE', *, *, #2472, .F. ) ;
#6113 = CARTESIAN_POINT ( 'NONE',  ( 15.87417178097894066, 10.54075342472060584, 7.829914846070096246 ) ) ;
#6114 = DIRECTION ( 'NONE',  ( -0.7071067811865492381, 0.000000000000000000, 0.7071067811865457964 ) ) ;
#6115 = AXIS2_PLACEMENT_3D ( 'NONE', #2650, #7294, #655 ) ;
#6116 = CLOSED_SHELL ( 'NONE', ( #471, #5405, #3169, #2853, #3778, #6402, #4984 ) ) ;
#6117 = EDGE_CURVE ( 'NONE', #3607, #3112, #4980, .T. ) ;
#6118 = CARTESIAN_POINT ( 'NONE',  ( 8.089751059445204007, 7.749999999999998224, 13.54864879926017629 ) ) ;
#6119 = EDGE_CURVE ( 'NONE', #7989, #4148, #6411, .T. ) ;
#6120 = CARTESIAN_POINT ( 'NONE',  ( 8.032191748609132986, 7.640146583018498916, 13.18293903695955294 ) ) ;
#6121 = CARTESIAN_POINT ( 'NONE',  ( -13.78744740363498877, 9.831481917023895178, -8.750000000000001776 ) ) ;
#6122 = AXIS2_PLACEMENT_3D ( 'NONE', #1065, #2380, #624 ) ;
#6123 = ORIENTED_EDGE ( 'NONE', *, *, #3983, .T. ) ;
#6124 = VERTEX_POINT ( 'NONE', #7038 ) ;
#6125 = AXIS2_PLACEMENT_3D ( 'NONE', #4191, #845, #3450 ) ;
#6126 = CARTESIAN_POINT ( 'NONE',  ( 0.000000000000000000, 15.49999999999999289, -13.22499999999999964 ) ) ;
#6127 = EDGE_CURVE ( 'NONE', #7665, #7989, #6751, .T. ) ;
#6128 = DIRECTION ( 'NONE',  ( 0.000000000000000000, 0.000000000000000000, 1.000000000000000000 ) ) ;
#6129 = VERTEX_POINT ( 'NONE', #7679 ) ;
#6130 = DIRECTION ( 'NONE',  ( 8.341117630414523699E-17, -0.7321867381630841054, 0.6811039424772868944 ) ) ;
#6131 = ORIENTED_EDGE ( 'NONE', *, *, #4403, .F. ) ;
#6132 = DIRECTION ( 'NONE',  ( 0.000000000000000000, 0.000000000000000000, -1.000000000000000000 ) ) ;
#6133 = AXIS2_PLACEMENT_3D ( 'NONE', #6902, #5682, #2207 ) ;
#6134 = ORIENTED_EDGE ( 'NONE', *, *, #3854, .T. ) ;
#6135 = FACE_OUTER_BOUND ( 'NONE', #4978, .T. ) ;
#6136 = ORIENTED_EDGE ( 'NONE', *, *, #4411, .F. ) ;
#6137 = CARTESIAN_POINT ( 'NONE',  ( 14.92856998448605488, 12.50831865138322030, -8.761046516183139232 ) ) ;
#6138 = CARTESIAN_POINT ( 'NONE',  ( 13.24659978108472558, 7.640146579567915985, -7.925793772815112881 ) ) ;
#6139 = ADVANCED_FACE ( 'NONE', ( #7111 ), #8409, .F. ) ;
#6140 = CIRCLE ( 'NONE', #123, 0.1499999999999996059 ) ;
#6141 = CARTESIAN_POINT ( 'NONE',  ( -8.899999999999998579, 12.49999999999999289, 14.65974925560509945 ) ) ;
#6142 = CARTESIAN_POINT ( 'NONE',  ( 12.94333384757555727, 8.103663488477190313, -8.646268840479446993 ) ) ;
#6143 = VERTEX_POINT ( 'NONE', #2447 ) ;
#6144 = DIRECTION ( 'NONE',  ( 0.000000000000000000, 0.000000000000000000, -1.000000000000000000 ) ) ;
#6145 = EDGE_LOOP ( 'NONE', ( #1363, #8144, #1200, #5867 ) ) ;
#6146 = DIRECTION ( 'NONE',  ( 0.000000000000000000, 1.000000000000000000, 0.000000000000000000 ) ) ;
#6147 = CARTESIAN_POINT ( 'NONE',  ( -21.00000000000002132, 13.24999999999999822, 7.999999999999992895 ) ) ;
#6148 = CARTESIAN_POINT ( 'NONE',  ( 8.173903765822794654, 7.764534032041117584, -13.49329992865039252 ) ) ;
#6149 = CARTESIAN_POINT ( 'NONE',  ( 8.750000000000003553, 11.16497734891128601, -14.22591826066063625 ) ) ;
#6150 = CARTESIAN_POINT ( 'NONE',  ( 15.20279579551075777, 9.500045161240020519, 14.49568901432426671 ) ) ;
#6151 = AXIS2_PLACEMENT_3D ( 'NONE', #3721, #2291, #1547 ) ;
#6152 = CARTESIAN_POINT ( 'NONE',  ( -4.201174670048178433E-15, 15.49999999999999467, 8.402349340096353711E-15 ) ) ;
#6153 = ORIENTED_EDGE ( 'NONE', *, *, #1184, .F. ) ;
#6154 = CYLINDRICAL_SURFACE ( 'NONE', #5577, 0.7500000000000006661 ) ;
#6155 = EDGE_LOOP ( 'NONE', ( #2136, #5833, #1289, #7730 ) ) ;
#6156 = CARTESIAN_POINT ( 'NONE',  ( 12.22700398612800043, 10.54751025817637888, 12.58055737659964635 ) ) ;
#6157 = EDGE_CURVE ( 'NONE', #1414, #7389, #5155, .T. ) ;
#6158 = CARTESIAN_POINT ( 'NONE',  ( 15.11227796496338094, 12.89244915111821932, 8.655066868122263557 ) ) ;
#6159 = AXIS2_PLACEMENT_3D ( 'NONE', #4434, #3259, #451 ) ;
#6160 = CARTESIAN_POINT ( 'NONE',  ( 8.099993220059744203, 7.749999999999997335, 13.78208468598914038 ) ) ;
#6161 = VERTEX_POINT ( 'NONE', #388 ) ;
#6162 = DIRECTION ( 'NONE',  ( 0.000000000000000000, 1.000000000000000000, -0.000000000000000000 ) ) ;
#6163 = VERTEX_POINT ( 'NONE', #3069 ) ;
#6164 = COORDINATED_UNIVERSAL_TIME_OFFSET ( 1, 0, .AHEAD. ) ;
#6165 = CARTESIAN_POINT ( 'NONE',  ( -14.78329181874948972, 12.45985342043206678, -8.975003248201147699 ) ) ;
#6166 = EDGE_LOOP ( 'NONE', ( #8075, #7034, #305, #5137 ) ) ;
#6167 = ADVANCED_FACE ( 'NONE', ( #1086 ), #8307, .T. ) ;
#6168 = ORIENTED_EDGE ( 'NONE', *, *, #4668, .F. ) ;
#6169 = EDGE_CURVE ( 'NONE', #2307, #1414, #7023, .T. ) ;
#6170 = CARTESIAN_POINT ( 'NONE',  ( -12.65400817203717310, 11.13013571378986732, 11.23979460966403288 ) ) ;
#6171 = LINE ( 'NONE', #5555, #7849 ) ;
#6172 = CARTESIAN_POINT ( 'NONE',  ( -7.999999999999989342, 13.40000000000000036, 15.21759819039019845 ) ) ;
#6173 = DIRECTION ( 'NONE',  ( 0.000000000000000000, 0.000000000000000000, 1.000000000000000000 ) ) ;
#6174 = EDGE_LOOP ( 'NONE', ( #1745, #192, #4223, #4889 ) ) ;
#6175 = CARTESIAN_POINT ( 'NONE',  ( -8.749999999999996447, 12.61206145962823477, -14.70344805081502315 ) ) ;
#6176 = CARTESIAN_POINT ( 'NONE',  ( 15.56867290903052670, 10.38016710650748919, 8.952985774953299725 ) ) ;
#6177 = EDGE_LOOP ( 'NONE', ( #5293, #7892 ) ) ;
#6178 = ADVANCED_FACE ( 'NONE', ( #2584 ), #4684, .T. ) ;
#6179 = PLANE ( 'NONE',  #7816 ) ;
#6180 = CARTESIAN_POINT ( 'NONE',  ( 0.000000000000000000, 7.749999999999999112, 14.12193181625839422 ) ) ;
#6181 = VECTOR ( 'NONE', #717, 1000.000000000000000 ) ;
#6182 = CARTESIAN_POINT ( 'NONE',  ( 12.49723318093626112, 10.33337777798466561, 11.08301961856320617 ) ) ;
#6183 = CARTESIAN_POINT ( 'NONE',  ( 0.000000000000000000, 6.499999999999998224, 0.000000000000000000 ) ) ;
#6184 = CARTESIAN_POINT ( 'NONE',  ( 11.21365701210217658, 10.78838973558856118, 13.68853074614036203 ) ) ;
#6185 = CARTESIAN_POINT ( 'NONE',  ( -13.48972354018174791, 7.765646365209663671, -8.179412001724491788 ) ) ;
#6186 = CARTESIAN_POINT ( 'NONE',  ( 13.27278535104440849, 7.749999999999930722, -7.941461297368313410 ) ) ;
#6187 = VECTOR ( 'NONE', #3489, 1000.000000000000000 ) ;
#6188 = VECTOR ( 'NONE', #2805, 1000.000000000000000 ) ;
#6189 = CARTESIAN_POINT ( 'NONE',  ( -8.749999999999998224, 8.500000000000007105, -21.00000000000002132 ) ) ;
#6190 = VERTEX_POINT ( 'NONE', #2626 ) ;
#6191 = DIRECTION ( 'NONE',  ( -0.000000000000000000, 1.000000000000000000, -0.000000000000000000 ) ) ;
#6192 = AXIS2_PLACEMENT_3D ( 'NONE', #5396, #6668, #6707 ) ;
#6193 = DIRECTION ( 'NONE',  ( 0.000000000000000000, 0.000000000000000000, 1.000000000000000000 ) ) ;
#6194 = CARTESIAN_POINT ( 'NONE',  ( -15.01051708455704947, 12.94890649209156486, -8.862536868434201409 ) ) ;
#6195 = CARTESIAN_POINT ( 'NONE',  ( 0.000000000000000000, 15.99999999999999645, 0.000000000000000000 ) ) ;
#6196 = CARTESIAN_POINT ( 'NONE',  ( 8.818749239510214721, 8.540146579567920782, -12.97309164460348896 ) ) ;
#6197 = CARTESIAN_POINT ( 'NONE',  ( -15.08967093049028740, 13.44014657956791403, 7.932747726257769472 ) ) ;
#6198 = CIRCLE ( 'NONE', #4937, 0.1499999999999995781 ) ;
#6199 = CARTESIAN_POINT ( 'NONE',  ( -8.979008442493269015, 9.317154316690070104, -13.75014605625138309 ) ) ;
#6200 = DIRECTION ( 'NONE',  ( -0.000000000000000000, 1.000000000000000000, -0.000000000000000000 ) ) ;
#6201 = AXIS2_PLACEMENT_3D ( 'NONE', #4590, #1958, #2495 ) ;
#6202 = CARTESIAN_POINT ( 'NONE',  ( 15.58006697086425518, 13.35985342043277058, 8.066449984402437323 ) ) ;
#6203 = CARTESIAN_POINT ( 'NONE',  ( 8.750000000000003553, 8.500000000000007105, 13.34286252986123600 ) ) ;
#6204 = ORIENTED_EDGE ( 'NONE', *, *, #5677, .T. ) ;
#6205 = DIRECTION ( 'NONE',  ( 0.000000000000000000, 1.000000000000000000, 0.000000000000000000 ) ) ;
#6206 = CARTESIAN_POINT ( 'NONE',  ( -15.21759819039019668, 13.24999999999999822, 7.999999999999992895 ) ) ;
#6207 = CARTESIAN_POINT ( 'NONE',  ( -12.06401308320027077, 10.00004516124002407, -10.64979952082721404 ) ) ;
#6208 = ORIENTED_EDGE ( 'NONE', *, *, #7806, .F. ) ;
#6209 = AXIS2_PLACEMENT_3D ( 'NONE', #1876, #4591, #7236 ) ;
#6210 = CARTESIAN_POINT ( 'NONE',  ( 8.175626459873138074, 7.765064157367548070, 13.49223810265147527 ) ) ;
#6211 = CARTESIAN_POINT ( 'NONE',  ( 2.437047130303232761E-15, 6.499999999999999112, -19.89999999999999858 ) ) ;
#6212 = EDGE_CURVE ( 'NONE', #5472, #1679, #4113, .T. ) ;
#6213 = EDGE_CURVE ( 'NONE', #626, #6163, #4359, .T. ) ;
#6214 = CARTESIAN_POINT ( 'NONE',  ( 10.78099644031543214, 10.66671105323900193, 12.19521000268856525 ) ) ;
#6215 = CARTESIAN_POINT ( 'NONE',  ( -13.09261806874823009, 8.500000000000007105, 8.900000000000000355 ) ) ;
#6216 = VERTEX_POINT ( 'NONE', #7154 ) ;
#6217 = CARTESIAN_POINT ( 'NONE',  ( 8.750000000000003553, 12.60734668551414472, -14.70160954120026275 ) ) ;
#6218 = ORIENTED_EDGE ( 'NONE', *, *, #3528, .T. ) ;
#6219 = CARTESIAN_POINT ( 'NONE',  ( -14.76138205624057953, 12.71482775611408478, 8.725463172536963796 ) ) ;
#6220 = CARTESIAN_POINT ( 'NONE',  ( 14.90684508345313652, 12.41970336326913937, -8.750000000000001776 ) ) ;
#6221 = DIRECTION ( 'NONE',  ( 0.000000000000000000, 1.000000000000000000, -0.000000000000000000 ) ) ;
#6222 = CARTESIAN_POINT ( 'NONE',  ( -13.37062271443168093, 7.750000000000001776, 7.999999999999992895 ) ) ;
#6223 = EDGE_CURVE ( 'NONE', #3516, #425, #5224, .T. ) ;
#6224 = ADVANCED_FACE ( 'NONE', ( #3243 ), #3372, .F. ) ;
#6225 = CARTESIAN_POINT ( 'NONE',  ( -13.39847186156539571, 8.217529388980956639, -8.955848606822318203 ) ) ;
#6226 = DIRECTION ( 'NONE',  ( 0.000000000000000000, 0.000000000000000000, 1.000000000000000000 ) ) ;
#6227 = ORIENTED_EDGE ( 'NONE', *, *, #6105, .T. ) ;
#6228 = CARTESIAN_POINT ( 'NONE',  ( -8.818580449027130896, 8.421750684513044760, 12.93343952667112440 ) ) ;
#6229 = ORIENTED_EDGE ( 'NONE', *, *, #3670, .T. ) ;
#6230 = CARTESIAN_POINT ( 'NONE',  ( 13.57339823051844796, 8.257665323665637658, 8.714148215240770767 ) ) ;
#6231 = B_SPLINE_CURVE_WITH_KNOTS ( 'NONE', 3,
 ( #8042, #6670, #5399, #5980, #633, #3396 ),
 .UNSPECIFIED., .F., .F.,
 ( 4, 2, 4 ),
 ( 0.0007962207989852188505, 0.001195811606301827937, 0.001595402413618437132 ),
 .UNSPECIFIED. ) ;
#6232 = CARTESIAN_POINT ( 'NONE',  ( 7.999999999999998224, 7.750000000000001776, -13.61194688593824687 ) ) ;
#6233 = ADVANCED_FACE ( 'NONE', ( #5249 ), #1874, .T. ) ;
#6234 = CARTESIAN_POINT ( 'NONE',  ( 8.101799416557343037, 13.25000000000000355, -15.15337817441108648 ) ) ;
#6235 = CARTESIAN_POINT ( 'NONE',  ( 14.78329181874944354, 12.45985342043207744, 8.975003248201144146 ) ) ;
#6236 = DIRECTION ( 'NONE',  ( -0.000000000000000000, 1.000000000000000000, -0.000000000000000000 ) ) ;
#6237 = CARTESIAN_POINT ( 'NONE',  ( 1.729437859655800607E-15, 7.749999999999999112, -14.12193181625839422 ) ) ;
#6238 = CARTESIAN_POINT ( 'NONE',  ( -11.58462351714337935, 11.50000000000000000, 12.48036541826375512 ) ) ;
#6239 = CARTESIAN_POINT ( 'NONE',  ( 0.000000000000000000, 5.999999999999999112, 0.000000000000000000 ) ) ;
#6240 = AXIS2_PLACEMENT_3D ( 'NONE', #4364, #5596, #8227 ) ;
#6241 = CARTESIAN_POINT ( 'NONE',  ( 8.579345533364106657, 8.011616004711243022, -12.95732904728164492 ) ) ;
#6242 = ADVANCED_FACE ( 'NONE', ( #3945 ), #7282, .F. ) ;
#6243 = VERTEX_POINT ( 'NONE', #8448 ) ;
#6244 = DIRECTION ( 'NONE',  ( 0.9485212707595873649, -0.3167134334325232281, 0.000000000000000000 ) ) ;
#6245 = DIRECTION ( 'NONE',  ( -0.000000000000000000, 1.000000000000000000, 0.000000000000000000 ) ) ;
#6246 = DIRECTION ( 'NONE',  ( -1.000000000000000000, 0.000000000000000000, 0.000000000000000000 ) ) ;
#6247 = AXIS2_PLACEMENT_3D ( 'NONE', #745, #5268, #3430 ) ;
#6248 = ORIENTED_EDGE ( 'NONE', *, *, #159, .T. ) ;
#6249 = CLOSED_SHELL ( 'NONE', ( #4390, #2866, #8225, #5622, #7745, #8252, #5202, #8582, #1834, #2362, #5416, #246, #6761, #3547, #4917, #969, #1204 ) ) ;
#6250 = DIRECTION ( 'NONE',  ( -0.000000000000000000, -1.000000000000000000, -2.168404344971010347E-16 ) ) ;
#6251 = CARTESIAN_POINT ( 'NONE',  ( 13.41898249956627787, 9.871516746733599135, 8.820647300488401399 ) ) ;
#6252 = CARTESIAN_POINT ( 'NONE',  ( -12.89802079010526192, 8.073040089626822180, -8.698272862588257937 ) ) ;
#6253 = TOROIDAL_SURFACE ( 'NONE', #3193, 9.621931816258390668, 0.5000000000000004441 ) ;
#6254 = CARTESIAN_POINT ( 'NONE',  ( -12.02171516458901479, 11.50000000000000000, 11.31460838340243136 ) ) ;
#6255 = CARTESIAN_POINT ( 'NONE',  ( 0.000000000000000000, 15.49999999999999645, 19.39999999999999858 ) ) ;
#6256 = VERTEX_POINT ( 'NONE', #1177 ) ;
#6257 = CARTESIAN_POINT ( 'NONE',  ( -8.181597244430427907, 7.559853420432087745, 13.67285923879287957 ) ) ;
#6258 = ORIENTED_EDGE ( 'NONE', *, *, #2700, .F. ) ;
#6259 = CARTESIAN_POINT ( 'NONE',  ( 8.291266928127127400, 7.579019565158616523, 13.61279404871483578 ) ) ;
#6260 = ADVANCED_FACE ( 'NONE', ( #5913 ), #3197, .F. ) ;
#6261 = CIRCLE ( 'NONE', #5565, 16.47223476701111977 ) ;
#6262 = CARTESIAN_POINT ( 'NONE',  ( -8.278549492590013159, 13.23529099985965907, -15.43129108292743012 ) ) ;
#6263 = CARTESIAN_POINT ( 'NONE',  ( 0.000000000000000000, 9.500045161240020519, 0.000000000000000000 ) ) ;
#6264 = CARTESIAN_POINT ( 'NONE',  ( -13.57339823051876948, 8.257665323665825952, -8.714148215240699713 ) ) ;
#6265 = DIRECTION ( 'NONE',  ( 0.000000000000000000, -2.168404344971010347E-16, 1.000000000000000000 ) ) ;
#6266 = AXIS2_PLACEMENT_3D ( 'NONE', #730, #209, #4154 ) ;
#6267 = CARTESIAN_POINT ( 'NONE',  ( 17.06581140665512564, 13.07952725152685325, 8.369480037169413578 ) ) ;
#6268 = VERTEX_POINT ( 'NONE', #8616 ) ;
#6269 = CARTESIAN_POINT ( 'NONE',  ( -8.385608573292484991, 13.17063819176098960, -14.93635629364124462 ) ) ;
#6270 = CARTESIAN_POINT ( 'NONE',  ( -7.999999999999991118, 13.40000000000000036, -15.21759819039019490 ) ) ;
#6271 = EDGE_CURVE ( 'NONE', #3176, #6730, #1287, .T. ) ;
#6272 = ADVANCED_FACE ( 'NONE', ( #7235 ), #2420, .T. ) ;
#6273 = AXIS2_PLACEMENT_3D ( 'NONE', #8602, #2654, #2698 ) ;
#6274 = CARTESIAN_POINT ( 'NONE',  ( 18.19999999999999929, 15.49999999999999289, -2.228857174448183325E-15 ) ) ;
#6275 = CARTESIAN_POINT ( 'NONE',  ( 0.000000000000000000, 13.25000000000000000, 3.042283745384523860E-16 ) ) ;
#6276 = ORIENTED_EDGE ( 'NONE', *, *, #5862, .F. ) ;
#6277 = DIRECTION ( 'NONE',  ( -0.000000000000000000, 1.000000000000000000, -0.000000000000000000 ) ) ;
#6278 = DIRECTION ( 'NONE',  ( 0.7071067811865463515, 0.000000000000000000, 0.7071067811865487940 ) ) ;
#6279 = DIRECTION ( 'NONE',  ( 0.000000000000000000, 1.000000000000000000, -0.000000000000000000 ) ) ;
#6280 = AXIS2_PLACEMENT_3D ( 'NONE', #3753, #2368, #7779 ) ;
#6281 = CARTESIAN_POINT ( 'NONE',  ( -8.977869412319483544, 10.17532717871220527, -14.03460004690635188 ) ) ;
#6282 = DIRECTION ( 'NONE',  ( 0.000000000000000000, 0.000000000000000000, 1.000000000000000000 ) ) ;
#6283 = EDGE_CURVE ( 'NONE', #6924, #2627, #2255, .T. ) ;
#6284 = TOROIDAL_SURFACE ( 'NONE', #6568, 19.39999999999999858, 0.5000000000000004441 ) ;
#6285 = DIRECTION ( 'NONE',  ( -1.099385171488954275E-14, -0.9506286045416315611, -0.3103308818458616614 ) ) ;
#6286 = ORIENTED_EDGE ( 'NONE', *, *, #8021, .F. ) ;
#6287 = CARTESIAN_POINT ( 'NONE',  ( 13.55062285064617278, 7.750000000000001776, 8.086952032419485903 ) ) ;
#6288 = CARTESIAN_POINT ( 'NONE',  ( 8.781374653154783161, 13.02640908403370368, 15.08190658247916183 ) ) ;
#6289 = CYLINDRICAL_SURFACE ( 'NONE', #4314, 0.4999999999999982236 ) ;
#6290 = AXIS2_PLACEMENT_3D ( 'NONE', #8012, #6065, #100 ) ;
#6291 = VERTEX_POINT ( 'NONE', #5292 ) ;
#6292 = CARTESIAN_POINT ( 'NONE',  ( -15.22955656666980850, 13.18701989444667078, 8.613724413191844675 ) ) ;
#6293 = DIRECTION ( 'NONE',  ( 0.000000000000000000, 1.000000000000000000, -0.000000000000000000 ) ) ;
#6294 = VECTOR ( 'NONE', #2338, 1000.000000000000000 ) ;
#6295 = DIRECTION ( 'NONE',  ( -1.000000000000000000, -9.969746174306166895E-17, 1.776356839400250465E-15 ) ) ;
#6296 = CARTESIAN_POINT ( 'NONE',  ( -7.932747726257767695, 13.44014657956791581, -15.08967093049028918 ) ) ;
#6297 = VERTEX_POINT ( 'NONE', #2674 ) ;
#6298 = B_SPLINE_CURVE_WITH_KNOTS ( 'NONE', 3,
 ( #3264, #1237, #6495, #8426, #7055, #5271, #5133, #506, #544, #3219 ),
 .UNSPECIFIED., .F., .F.,
 ( 4, 2, 2, 2, 4 ),
 ( 1.734723475976807094E-18, 0.0003162973803822058199, 0.0006325947607644099050, 0.0009488921411466140444, 0.001265189521528818943 ),
 .UNSPECIFIED. ) ;
#6299 = DIRECTION ( 'NONE',  ( -0.000000000000000000, -1.000000000000000000, -0.000000000000000000 ) ) ;
#6300 = VERTEX_POINT ( 'NONE', #5339 ) ;
#6301 = ORIENTED_EDGE ( 'NONE', *, *, #5932, .T. ) ;
#6302 = CARTESIAN_POINT ( 'NONE',  ( 8.783189382560026459, 7.886137855761234050, 13.40261816290921004 ) ) ;
#6303 = CARTESIAN_POINT ( 'NONE',  ( -8.309238646696687880, 13.35985333796800312, -15.45436513615926621 ) ) ;
#6304 = CARTESIAN_POINT ( 'NONE',  ( 7.999999999999998224, 13.25000000000000178, -15.21759819039019135 ) ) ;
#6305 = B_SPLINE_CURVE_WITH_KNOTS ( 'NONE', 3,
 ( #2931, #2974, #5595, #3638 ),
 .UNSPECIFIED., .F., .F.,
 ( 4, 4 ),
 ( 0.000000000000000000, 0.004211198243782914193 ),
 .UNSPECIFIED. ) ;
#6306 = DIRECTION ( 'NONE',  ( 0.000000000000000000, 0.000000000000000000, 1.000000000000000000 ) ) ;
#6307 = CARTESIAN_POINT ( 'NONE',  ( 14.41636719170869263, 12.49999999999999467, -8.750000000000001776 ) ) ;
#6308 = DIRECTION ( 'NONE',  ( 0.000000000000000000, -0.000000000000000000, 1.000000000000000000 ) ) ;
#6309 = ORIENTED_EDGE ( 'NONE', *, *, #5807, .T. ) ;
#6310 = ADVANCED_FACE ( 'NONE', ( #7984 ), #4786, .T. ) ;
#6311 = ORIENTED_EDGE ( 'NONE', *, *, #6747, .F. ) ;
#6312 = DIRECTION ( 'NONE',  ( -0.6813100476940172623, 0.2676438637860938941, -0.6813100476940192607 ) ) ;
#6313 = EDGE_LOOP ( 'NONE', ( #4743, #1925, #3297, #3137 ) ) ;
#6314 = CARTESIAN_POINT ( 'NONE',  ( 13.46309704045871847, 8.459853420432093429, 8.980199218265399352 ) ) ;
#6315 = CARTESIAN_POINT ( 'NONE',  ( 13.61316501057501682, 7.578629056974983236, 8.290471641223650323 ) ) ;
#6316 = CARTESIAN_POINT ( 'NONE',  ( 13.56807200422079696, 8.125727240586069655, -8.653567629720489762 ) ) ;
#6317 = AXIS2_PLACEMENT_3D ( 'NONE', #8608, #3986, #2576 ) ;
#6318 = CARTESIAN_POINT ( 'NONE',  ( 0.000000000000000000, 7.750000000000001776, 0.000000000000000000 ) ) ;
#6319 = AXIS2_PLACEMENT_3D ( 'NONE', #6183, #6221, #182 ) ;
#6320 = ORIENTED_EDGE ( 'NONE', *, *, #4403, .T. ) ;
#6321 = CARTESIAN_POINT ( 'NONE',  ( -21.00000000000002132, 7.750000000000001776, 7.999999999999992895 ) ) ;
#6322 = EDGE_CURVE ( 'NONE', #4640, #7041, #8560, .T. ) ;
#6323 = EDGE_CURVE ( 'NONE', #2627, #6924, #5779, .T. ) ;
#6324 = FACE_OUTER_BOUND ( 'NONE', #5729, .T. ) ;
#6325 = FACE_OUTER_BOUND ( 'NONE', #3019, .T. ) ;
#6326 = ORIENTED_EDGE ( 'NONE', *, *, #5990, .F. ) ;
#6327 = DIRECTION ( 'NONE',  ( -0.000000000000000000, -1.000000000000000000, -0.000000000000000000 ) ) ;
#6328 = CIRCLE ( 'NONE', #2122, 10.00000000000000000 ) ;
#6329 = DIRECTION ( 'NONE',  ( 0.000000000000000000, 0.000000000000000000, 1.000000000000000000 ) ) ;
#6330 = ORIENTED_EDGE ( 'NONE', *, *, #6503, .T. ) ;
#6331 = CARTESIAN_POINT ( 'NONE',  ( 13.34476493561052024, 7.878614268797332620, 8.432164417905340770 ) ) ;
#6332 = EDGE_CURVE ( 'NONE', #481, #8106, #4097, .T. ) ;
#6333 = CARTESIAN_POINT ( 'NONE',  ( 8.750000000000003553, 12.41970336326913760, 14.90684508345313830 ) ) ;
#6334 = AXIS2_PLACEMENT_3D ( 'NONE', #1692, #8095, #1381 ) ;
#6335 = PERSON_AND_ORGANIZATION_ROLE ( 'design_supplier' ) ;
#6336 = CARTESIAN_POINT ( 'NONE',  ( -11.28869950432085467, 9.500000000000000000, 11.99580628550735817 ) ) ;
#6337 = DIRECTION ( 'NONE',  ( -3.552713678800500929E-15, 0.000000000000000000, -1.000000000000000000 ) ) ;
#6338 = ORIENTED_EDGE ( 'NONE', *, *, #159, .F. ) ;
#6339 = CIRCLE ( 'NONE', #4526, 6.871931816258391557 ) ;
#6340 = DIRECTION ( 'NONE',  ( 0.1892527910123301682, 0.9635179096299404389, 0.1892527910399030289 ) ) ;
#6341 = B_SPLINE_CURVE_WITH_KNOTS ( 'NONE', 3,
 ( #3398, #6673, #66, #1500 ),
 .UNSPECIFIED., .F., .F.,
 ( 4, 4 ),
 ( 0.000000000000000000, 0.004211198243782914193 ),
 .UNSPECIFIED. ) ;
#6342 = CARTESIAN_POINT ( 'NONE',  ( 14.33471518854418392, 12.52665513958391053, 8.750000000000000000 ) ) ;
#6343 = DIRECTION ( 'NONE',  ( -1.000000000000000000, 0.000000000000000000, -0.000000000000000000 ) ) ;
#6344 = EDGE_CURVE ( 'NONE', #5619, #2318, #3257, .T. ) ;
#6345 = CARTESIAN_POINT ( 'NONE',  ( -8.086617965254051299, 7.750000000000002665, 13.30843170925573204 ) ) ;
#6346 = CARTESIAN_POINT ( 'NONE',  ( -12.06400419551797043, 10.00000000000000355, 10.64979063314483732 ) ) ;
#6347 = VERTEX_POINT ( 'NONE', #727 ) ;
#6348 = PLANE ( 'NONE',  #7370 ) ;
#6349 = EDGE_LOOP ( 'NONE', ( #6134, #964, #6227, #2773 ) ) ;
#6350 = PRODUCT_DEFINITION_FORMATION_WITH_SPECIFIED_SOURCE ( 'ANY', '', #3554, .NOT_KNOWN. ) ;
#6351 = EDGE_LOOP ( 'NONE', ( #992, #8361, #3153, #6784, #7225, #1254, #6511, #3411 ) ) ;
#6352 = DIRECTION ( 'NONE',  ( -0.7071067811865487940, 0.000000000000000000, 0.7071067811865463515 ) ) ;
#6353 = CARTESIAN_POINT ( 'NONE',  ( -13.39863506714179664, 8.218451002612324530, 8.956063912116883685 ) ) ;
#6354 = DIRECTION ( 'NONE',  ( -0.000000000000000000, -1.000000000000000000, -0.000000000000000000 ) ) ;
#6355 =( BOUNDED_SURFACE ( )  B_SPLINE_SURFACE ( 3, 2, ( 
 ( #879, #4736, #94 ),
 ( #2179, #7392, #4173 ),
 ( #4090, #6748, #3568 ),
 ( #746, #2776, #5438 ),
 ( #1450, #8079, #2095 ),
 ( #3475, #7432, #830 ),
 ( #4781, #6137, #138 ),
 ( #7470, #2818, #5482 ) ),
 .UNSPECIFIED., .F., .F., .F. ) 
 B_SPLINE_SURFACE_WITH_KNOTS ( ( 4, 2, 2, 4 ),
 ( 3, 3 ),
 ( 0.000000000000000000, 0.0008049667892843590661, 0.001207450183926538599, 0.001609933578568718132 ),
 ( 0.000000000000000000, 1.000000000000000000 ),
 .UNSPECIFIED. ) 
 GEOMETRIC_REPRESENTATION_ITEM ( )  RATIONAL_B_SPLINE_SURFACE ( (
 ( 1.000000000000000000, 0.7961293436955159120, 1.000000000000000000),
 ( 1.000000000000000000, 0.7590296441235455660, 1.000000000000000000),
 ( 1.000000000000000000, 0.7095879552988050287, 1.000000000000000000),
 ( 1.000000000000000000, 0.6279729591166749447, 1.000000000000000000),
 ( 1.000000000000000000, 0.5999943386110022647, 1.000000000000000000),
 ( 1.000000000000000000, 0.5457910702371351341, 1.000000000000000000),
 ( 1.000000000000000000, 0.5197420517728003064, 1.000000000000000000),
 ( 1.000000000000000000, 0.4999891725456152569, 1.000000000000000000) ) ) 
 REPRESENTATION_ITEM ( '' )  SURFACE ( )  );
#6356 = CARTESIAN_POINT ( 'NONE',  ( -8.749999999997596589, 9.730057129934410298, -14.03587582689289626 ) ) ;
#6357 = DIRECTION ( 'NONE',  ( -0.000000000000000000, 1.000000000000000000, -0.000000000000000000 ) ) ;
#6358 = CARTESIAN_POINT ( 'NONE',  ( -13.09843276935597522, 7.877788207465135528, 8.430988971991567382 ) ) ;
#6359 = VERTEX_POINT ( 'NONE', #8101 ) ;
#6360 = CARTESIAN_POINT ( 'NONE',  ( -8.899999999999998579, 8.500000000000007105, 13.34286252986123600 ) ) ;
#6361 = ORIENTED_EDGE ( 'NONE', *, *, #2536, .F. ) ;
#6362 = CARTESIAN_POINT ( 'NONE',  ( 12.08506439286875356, 9.824871825953922055, 12.43861778331971912 ) ) ;
#6363 = CARTESIAN_POINT ( 'NONE',  ( 13.03426457067077671, 8.016023213741307885, 8.581959042047053288 ) ) ;
#6364 = ORIENTED_EDGE ( 'NONE', *, *, #1419, .T. ) ;
#6365 = CARTESIAN_POINT ( 'NONE',  ( -8.818581855858338869, 8.422734683813233758, 12.93376907639517981 ) ) ;
#6366 = CARTESIAN_POINT ( 'NONE',  ( 14.39250129526288013, 12.79220918280929453, 8.796805262703548678 ) ) ;
#6367 = DIRECTION ( 'NONE',  ( -0.000000000000000000, -0.000000000000000000, 1.000000000000000000 ) ) ;
#6368 = ORIENTED_EDGE ( 'NONE', *, *, #7506, .T. ) ;
#6369 = CARTESIAN_POINT ( 'NONE',  ( -11.01742794543693726, 10.00004516124002407, -12.43164150781007216 ) ) ;
#6370 = CARTESIAN_POINT ( 'NONE',  ( -15.32555895296515835, 13.25000000000000000, -8.203064892455016022 ) ) ;
#6371 = ADVANCED_FACE ( 'NONE', ( #5547 ), #450, .T. ) ;
#6372 = CARTESIAN_POINT ( 'NONE',  ( 0.000000000000000000, 7.750000000000001776, 0.000000000000000000 ) ) ;
#6373 = CARTESIAN_POINT ( 'NONE',  ( 8.733406266119292383, 8.307667043738485191, 12.95314631857997689 ) ) ;
#6374 = CARTESIAN_POINT ( 'NONE',  ( -14.93774812434661037, 13.17116922684469316, 8.383832903148459081 ) ) ;
#6375 = CARTESIAN_POINT ( 'NONE',  ( 1.834618120994696176E-15, 6.499999999999997335, -14.73991435042947629 ) ) ;
#6376 = DIRECTION ( 'NONE',  ( 0.000000000000000000, 0.000000000000000000, -1.000000000000000000 ) ) ;
#6377 = ORIENTED_EDGE ( 'NONE', *, *, #4639, .F. ) ;
#6378 = EDGE_CURVE ( 'NONE', #5821, #4640, #1701, .T. ) ;
#6379 = EDGE_CURVE ( 'NONE', #2568, #7810, #6035, .T. ) ;
#6380 = CARTESIAN_POINT ( 'NONE',  ( 8.202938254399789741, 13.25000000000000178, 15.08957488356716325 ) ) ;
#6381 = CARTESIAN_POINT ( 'NONE',  ( -11.10880921403551724, 11.44341749472231839, -12.19123757597886026 ) ) ;
#6382 = CARTESIAN_POINT ( 'NONE',  ( -13.50809912006191915, 7.658913016980585908, 8.502497236551507243 ) ) ;
#6383 = CARTESIAN_POINT ( 'NONE',  ( 14.49568901432426493, 9.500000000000000000, -15.20279579551075777 ) ) ;
#6384 = CARTESIAN_POINT ( 'NONE',  ( -8.203064892454994705, 13.25000000000000355, 15.32555895296516901 ) ) ;
#6385 = ORIENTED_EDGE ( 'NONE', *, *, #4060, .T. ) ;
#6386 = CARTESIAN_POINT ( 'NONE',  ( 8.280077948703729263, 13.23519160841956577, -15.43046864966927423 ) ) ;
#6387 = VECTOR ( 'NONE', #5511, 1000.000000000000000 ) ;
#6388 = ORIENTED_EDGE ( 'NONE', *, *, #102, .F. ) ;
#6389 = CARTESIAN_POINT ( 'NONE',  ( 15.38843115315011012, 13.25000000000000178, -8.101868673198998394 ) ) ;
#6390 = CARTESIAN_POINT ( 'NONE',  ( 13.90891547461594335, 9.791335230858846828, -8.978349813696373971 ) ) ;
#6391 = EDGE_CURVE ( 'NONE', #3442, #4125, #5345, .T. ) ;
#6392 = CIRCLE ( 'NONE', #2634, 0.1500000000000003275 ) ;
#6393 = CARTESIAN_POINT ( 'NONE',  ( 5.841635673329464318, 10.54075342477744925, 17.86245095337850586 ) ) ;
#6394 = CARTESIAN_POINT ( 'NONE',  ( 0.000000000000000000, 7.749999999999998224, 9.121931816258390668 ) ) ;
#6395 = FACE_OUTER_BOUND ( 'NONE', #8359, .T. ) ;
#6396 = CARTESIAN_POINT ( 'NONE',  ( -13.25012511095119905, 7.764438374762626438, 8.173336394003348104 ) ) ;
#6397 = ORIENTED_EDGE ( 'NONE', *, *, #6213, .T. ) ;
#6398 = CARTESIAN_POINT ( 'NONE',  ( 4.675987198330387784, 9.731686437435309145, 19.44414816629685916 ) ) ;
#6399 = AXIS2_PLACEMENT_3D ( 'NONE', #3605, #4464, #8367 ) ;
#6400 = VERTEX_POINT ( 'NONE', #7373 ) ;
#6401 = CARTESIAN_POINT ( 'NONE',  ( 7.999999999999996447, 13.40000000000000213, 15.45172114225276161 ) ) ;
#6402 = ADVANCED_FACE ( 'NONE', ( #3415 ), #7455, .T. ) ;
#6403 = FACE_OUTER_BOUND ( 'NONE', #2230, .T. ) ;
#6404 = CARTESIAN_POINT ( 'NONE',  ( 11.97935904679073715, 9.742984316399605049, 10.63808027838646098 ) ) ;
#6405 = ORIENTED_EDGE ( 'NONE', *, *, #4017, .T. ) ;
#6406 = DIRECTION ( 'NONE',  ( -0.7071067811902380651, -1.878371793501664212E-11, 0.7071067811828570804 ) ) ;
#6407 = CARTESIAN_POINT ( 'NONE',  ( -14.33471518854424431, 12.52665513958389099, 8.750000000000000000 ) ) ;
#6408 = ORIENTED_EDGE ( 'NONE', *, *, #8013, .T. ) ;
#6409 = CARTESIAN_POINT ( 'NONE',  ( 13.93704088992246248, 9.883010326007092061, 8.978270028915673606 ) ) ;
#6410 = ORIENTED_EDGE ( 'NONE', *, *, #4186, .F. ) ;
#6411 = B_SPLINE_CURVE_WITH_KNOTS ( 'NONE', 3,
 ( #2982, #4420, #3691, #5690, #8320, #2347, #6988, #6426, #4374, #8278 ),
 .UNSPECIFIED., .F., .F.,
 ( 4, 2, 2, 2, 4 ),
 ( 0.000000000000000000, 0.0004045073697329265886, 0.0008090147394658531773, 0.001213522109198779658, 0.001618029478931706355 ),
 .UNSPECIFIED. ) ;
#6412 = CARTESIAN_POINT ( 'NONE',  ( 5.256449651938055467, -23.03852740408274258, 5.256449651824368630 ) ) ;
#6413 = DIRECTION ( 'NONE',  ( 0.7071067811828569694, 0.000000000000000000, 0.7071067811902381761 ) ) ;
#6414 = ORIENTED_EDGE ( 'NONE', *, *, #5106, .F. ) ;
#6415 = CARTESIAN_POINT ( 'NONE',  ( 8.131584214301915026, 7.753036476072972860, 13.15863219267303386 ) ) ;
#6416 = CIRCLE ( 'NONE', #2071, 1.500000000000001554 ) ;
#6417 = CARTESIAN_POINT ( 'NONE',  ( 0.000000000000000000, 8.249999999999998224, 0.000000000000000000 ) ) ;
#6418 = VERTEX_POINT ( 'NONE', #4761 ) ;
#6419 = EDGE_CURVE ( 'NONE', #8382, #6567, #2655, .T. ) ;
#6420 = DIRECTION ( 'NONE',  ( 0.7071067811865485719, 0.000000000000000000, -0.7071067811865465735 ) ) ;
#6421 = FACE_OUTER_BOUND ( 'NONE', #1228, .T. ) ;
#6422 = ORIENTED_EDGE ( 'NONE', *, *, #5382, .T. ) ;
#6423 = CARTESIAN_POINT ( 'NONE',  ( 8.750000000000003553, 8.500000000000007105, 13.34286252986123245 ) ) ;
#6424 = VECTOR ( 'NONE', #6865, 1000.000000000000000 ) ;
#6425 = LINE ( 'NONE', #7584, #1987 ) ;
#6426 = CARTESIAN_POINT ( 'NONE',  ( 8.946240797713592485, 12.71348617445702267, 14.88316707924260562 ) ) ;
#6427 = CARTESIAN_POINT ( 'NONE',  ( -21.00000000000002132, 12.49999999999999289, 8.749999999999998224 ) ) ;
#6428 = AXIS2_PLACEMENT_3D ( 'NONE', #797, #6146, #7319 ) ;
#6429 = ADVANCED_FACE ( 'NONE', ( #2886 ), #4767, .T. ) ;
#6430 = LINE ( 'NONE', #436, #1094 ) ;
#6431 = EDGE_CURVE ( 'NONE', #8509, #6124, #7010, .T. ) ;
#6432 = EDGE_LOOP ( 'NONE', ( #8450, #3549, #7157, #2934 ) ) ;
#6433 = ORIENTED_EDGE ( 'NONE', *, *, #7398, .T. ) ;
#6434 = B_SPLINE_CURVE_WITH_KNOTS ( 'NONE', 3,
 ( #6961, #4259, #1052, #4298, #185, #2906, #8163, #316, #2182, #8243 ),
 .UNSPECIFIED., .F., .F.,
 ( 4, 2, 2, 2, 4 ),
 ( 0.000000000000000000, 0.0003725217699890785803, 0.0007450435399781571606, 0.001117565309967237259, 0.001490087079956317574 ),
 .UNSPECIFIED. ) ;
#6435 = FACE_OUTER_BOUND ( 'NONE', #3482, .T. ) ;
#6436 = CARTESIAN_POINT ( 'NONE',  ( -8.974846352959794160, 12.58895698862644430, -14.82534076280183477 ) ) ;
#6437 = CIRCLE ( 'NONE', #1676, 6.871931816258391557 ) ;
#6438 = DIRECTION ( 'NONE',  ( -0.000000000000000000, 1.000000000000000000, -0.000000000000000000 ) ) ;
#6439 = DIRECTION ( 'NONE',  ( 0.000000000000000000, 1.000000000000000000, -0.000000000000000000 ) ) ;
#6440 = CARTESIAN_POINT ( 'NONE',  ( 11.10880921403552257, 11.44341749472232195, 12.19123757597886026 ) ) ;
#6441 = ORIENTED_EDGE ( 'NONE', *, *, #7065, .F. ) ;
#6442 = ADVANCED_FACE ( 'NONE', ( #1680 ), #7617, .T. ) ;
#6443 = DIRECTION ( 'NONE',  ( 0.000000000000000000, -2.018023344583492872E-16, 1.000000000000000000 ) ) ;
#6444 = ORIENTED_EDGE ( 'NONE', *, *, #861, .T. ) ;
#6445 = DIRECTION ( 'NONE',  ( -0.7071067811865463515, -0.000000000000000000, -0.7071067811865487940 ) ) ;
#6446 = CARTESIAN_POINT ( 'NONE',  ( -8.749999999999996447, 8.413726081778227339, -13.60124325485363528 ) ) ;
#6447 = ORIENTED_EDGE ( 'NONE', *, *, #5036, .F. ) ;
#6448 = DIRECTION ( 'NONE',  ( 0.6813100476940172623, -0.2676438637860938941, 0.6813100476940192607 ) ) ;
#6449 = CARTESIAN_POINT ( 'NONE',  ( -13.52656586587945675, 8.649515348347611265, -8.979936430117993140 ) ) ;
#6450 = ORIENTED_EDGE ( 'NONE', *, *, #1042, .F. ) ;
#6451 = CARTESIAN_POINT ( 'NONE',  ( -7.999999999999991118, 7.750000000000001776, 13.61194688593825042 ) ) ;
#6452 = DIRECTION ( 'NONE',  ( -0.3167134334325334422, -0.9485212707595842563, 0.000000000000000000 ) ) ;
#6453 = EDGE_CURVE ( 'NONE', #5108, #6580, #1073, .T. ) ;
#6454 = CARTESIAN_POINT ( 'NONE',  ( 14.50330951220169595, 11.60021842059151354, 8.976047561179452572 ) ) ;
#6455 = CARTESIAN_POINT ( 'NONE',  ( 12.06400419551797221, 10.00000000000000355, -10.64979063314483554 ) ) ;
#6456 = VECTOR ( 'NONE', #2663, 1000.000000000000000 ) ;
#6457 = DIRECTION ( 'NONE',  ( 0.000000000000000000, -1.000000000000000000, -0.000000000000000000 ) ) ;
#6458 = ORIENTED_EDGE ( 'NONE', *, *, #5774, .T. ) ;
#6459 = DIRECTION ( 'NONE',  ( -0.7071067811865487940, -0.000000000000000000, 0.7071067811865463515 ) ) ;
#6460 = CARTESIAN_POINT ( 'NONE',  ( 14.65974925560509590, 12.49999999999999289, 8.749999999999998224 ) ) ;
#6461 = ORIENTED_EDGE ( 'NONE', *, *, #7433, .F. ) ;
#6462 = CARTESIAN_POINT ( 'NONE',  ( -7.930201324676922070, 13.40000000000000213, 15.08482716597920081 ) ) ;
#6463 = VECTOR ( 'NONE', #2225, 1000.000000000000000 ) ;
#6464 = CARTESIAN_POINT ( 'NONE',  ( 13.30840184899910206, 7.750000000000133227, -8.086659553819250945 ) ) ;
#6465 = AXIS2_PLACEMENT_3D ( 'NONE', #1320, #1268, #4514 ) ;
#6466 = ORIENTED_EDGE ( 'NONE', *, *, #7387, .T. ) ;
#6467 = ORIENTED_EDGE ( 'NONE', *, *, #3001, .F. ) ;
#6468 = EDGE_CURVE ( 'NONE', #1448, #6679, #3964, .T. ) ;
#6469 = CARTESIAN_POINT ( 'NONE',  ( 14.81883984523073750, 16.49999999999999645, -1.814784478353908265E-15 ) ) ;
#6470 = CIRCLE ( 'NONE', #1717, 17.02779032256667691 ) ;
#6471 = AXIS2_PLACEMENT_3D ( 'NONE', #7836, #3145, #7139 ) ;
#6472 = CARTESIAN_POINT ( 'NONE',  ( 10.73817107948605631, 9.556057334254722591, -11.81966333639817357 ) ) ;
#6473 = ORIENTED_EDGE ( 'NONE', *, *, #2310, .T. ) ;
#6474 = CARTESIAN_POINT ( 'NONE',  ( 13.39842269756387338, 8.217301863741225176, -8.955808916243094941 ) ) ;
#6475 = ORIENTED_EDGE ( 'NONE', *, *, #1311, .T. ) ;
#6476 = CARTESIAN_POINT ( 'NONE',  ( 0.000000000000000000, 15.49999999999999289, 0.000000000000000000 ) ) ;
#6477 = ORIENTED_EDGE ( 'NONE', *, *, #1194, .T. ) ;
#6478 = CIRCLE ( 'NONE', #7301, 17.04230335598365542 ) ;
#6479 = CARTESIAN_POINT ( 'NONE',  ( 12.97309164460349429, 8.540146579567922558, 8.818749239510209392 ) ) ;
#6480 = CARTESIAN_POINT ( 'NONE',  ( 13.78744740349160480, 9.831481917072000698, -8.750000000000001776 ) ) ;
#6481 = CARTESIAN_POINT ( 'NONE',  ( -7.999999999999989342, 13.40000000000000036, -15.45172114225276339 ) ) ;
#6482 = EDGE_CURVE ( 'NONE', #5108, #417, #2838, .T. ) ;
#6483 = DIRECTION ( 'NONE',  ( -0.000000000000000000, 1.000000000000000000, -0.000000000000000000 ) ) ;
#6484 = ADVANCED_FACE ( 'NONE', ( #3636 ), #2296, .F. ) ;
#6485 = CIRCLE ( 'NONE', #4943, 0.1499999999999995226 ) ;
#6486 = CARTESIAN_POINT ( 'NONE',  ( 8.750000000000001776, 12.52665513958389276, 14.33471518854424076 ) ) ;
#6487 = LINE ( 'NONE', #5471, #3843 ) ;
#6488 = ORIENTED_EDGE ( 'NONE', *, *, #5808, .F. ) ;
#6489 = ORIENTED_EDGE ( 'NONE', *, *, #1311, .F. ) ;
#6490 = CARTESIAN_POINT ( 'NONE',  ( -14.46040593320295109, 12.61241895296680937, -8.750000000000001776 ) ) ;
#6491 = EDGE_LOOP ( 'NONE', ( #339, #5546, #6754, #7958, #1394 ) ) ;
#6492 = CARTESIAN_POINT ( 'NONE',  ( -8.587850649769453781, 8.023388668473884877, -13.28137216181384161 ) ) ;
#6493 = EDGE_CURVE ( 'NONE', #3310, #3397, #1301, .T. ) ;
#6494 = EDGE_CURVE ( 'NONE', #7326, #2148, #5575, .T. ) ;
#6495 = CARTESIAN_POINT ( 'NONE',  ( -8.729469633418073471, 8.296591144290937692, 13.27784145919673442 ) ) ;
#6496 = CARTESIAN_POINT ( 'NONE',  ( -10.99202368505109639, 9.870942362606820453, 12.40623724742414957 ) ) ;
#6497 = VERTEX_POINT ( 'NONE', #5198 ) ;
#6498 = CARTESIAN_POINT ( 'NONE',  ( 1.923115805290905815E-15, 6.732356136213907938, -15.70343226005942228 ) ) ;
#6499 = ORIENTED_EDGE ( 'NONE', *, *, #2672, .F. ) ;
#6500 = CARTESIAN_POINT ( 'NONE',  ( 9.334174402100211575E-16, 8.249999999999998224, 7.621931816258390668 ) ) ;
#6501 = FACE_OUTER_BOUND ( 'NONE', #6525, .T. ) ;
#6502 = CARTESIAN_POINT ( 'NONE',  ( -11.21742953181436597, 11.50004516124002230, -12.11319527242148553 ) ) ;
#6503 = EDGE_CURVE ( 'NONE', #4730, #2330, #311, .T. ) ;
#6504 =( BOUNDED_SURFACE ( )  B_SPLINE_SURFACE ( 3, 2, ( 
 ( #4467, #6520, #3204 ),
 ( #7673, #4892, #8226 ),
 ( #1681, #5015, #208 ),
 ( #6853, #2887, #6288 ),
 ( #854, #7577, #4319 ),
 ( #8311, #3543, #4363 ),
 ( #6982, #1599, #379 ),
 ( #5681, #6333, #6940 ) ),
 .UNSPECIFIED., .F., .F., .F. ) 
 B_SPLINE_SURFACE_WITH_KNOTS ( ( 4, 2, 2, 4 ),
 ( 3, 3 ),
 ( 0.000000000000000000, 0.0008049667892843594998, 0.001207450183926539250, 0.001609933578568719000 ),
 ( 0.000000000000000000, 1.000000000000000000 ),
 .UNSPECIFIED. ) 
 GEOMETRIC_REPRESENTATION_ITEM ( )  RATIONAL_B_SPLINE_SURFACE ( (
 ( 1.000000000000000000, 0.7961293436955159120, 1.000000000000000000),
 ( 1.000000000000000000, 0.7590296441235385716, 1.000000000000000000),
 ( 1.000000000000000000, 0.7095879552988100247, 1.000000000000000000),
 ( 1.000000000000000000, 0.6279729591166799407, 1.000000000000000000),
 ( 1.000000000000000000, 0.5999943386106579846, 1.000000000000000000),
 ( 1.000000000000000000, 0.5457910702374680900, 1.000000000000000000),
 ( 1.000000000000000000, 0.5197420517725441780, 1.000000000000000000),
 ( 1.000000000000000000, 0.4999891725456175884, 1.000000000000000000) ) ) 
 REPRESENTATION_ITEM ( '' )  SURFACE ( )  );
#6505 = DIRECTION ( 'NONE',  ( 0.000000000000000000, 0.000000000000000000, -1.000000000000000000 ) ) ;
#6506 = ORIENTED_EDGE ( 'NONE', *, *, #3123, .F. ) ;
#6507 = CARTESIAN_POINT ( 'NONE',  ( 13.20551385812196443, 11.02926921301482821, 11.79130029564102422 ) ) ;
#6508 = LINE ( 'NONE', #6594, #5000 ) ;
#6509 = CARTESIAN_POINT ( 'NONE',  ( 5.451224984286342945, 9.704922051056698251, 18.80517238987971140 ) ) ;
#6510 = CARTESIAN_POINT ( 'NONE',  ( -8.975003248201142370, 12.45985342043207744, -14.78329181874944709 ) ) ;
#6511 = ORIENTED_EDGE ( 'NONE', *, *, #917, .F. ) ;
#6512 = DIRECTION ( 'NONE',  ( -0.000000000000000000, -0.9479564653330624369, -0.3183999683311019013 ) ) ;
#6513 = CARTESIAN_POINT ( 'NONE',  ( 0.000000000000000000, 11.50004516124002052, 0.000000000000000000 ) ) ;
#6514 = CARTESIAN_POINT ( 'NONE',  ( 7.999999999999998224, 7.750000000000001776, -13.37062271443167738 ) ) ;
#6515 = EDGE_LOOP ( 'NONE', ( #1939, #3087 ) ) ;
#6516 = CARTESIAN_POINT ( 'NONE',  ( -8.091623352585218143, 13.27273270188240595, 14.95361047396239229 ) ) ;
#6517 = ORIENTED_EDGE ( 'NONE', *, *, #5562, .T. ) ;
#6518 = AXIS2_PLACEMENT_3D ( 'NONE', #545, #3089, #5892 ) ;
#6519 = ORIENTED_EDGE ( 'NONE', *, *, #3505, .T. ) ;
#6520 = CARTESIAN_POINT ( 'NONE',  ( 8.052420073413832924, 13.25000000000000178, 15.55296868683364053 ) ) ;
#6521 = CARTESIAN_POINT ( 'NONE',  ( -12.94333384757553951, 8.103663488476632537, 8.646268840479297779 ) ) ;
#6522 = TOROIDAL_SURFACE ( 'NONE', #5981, 17.19230335598365400, 0.1499999999999999944 ) ;
#6523 = CARTESIAN_POINT ( 'NONE',  ( 1.864117349093432459E-15, 5.999999999999998224, -14.73991435042947273 ) ) ;
#6524 = DIRECTION ( 'NONE',  ( -0.7071067811865463515, -0.000000000000000000, -0.7071067811865487940 ) ) ;
#6525 = EDGE_LOOP ( 'NONE', ( #3752, #2528, #8388, #6385 ) ) ;
#6526 = DIRECTION ( 'NONE',  ( -0.7071067811865463515, -0.000000000000000000, -0.7071067811865487940 ) ) ;
#6527 = EDGE_CURVE ( 'NONE', #5090, #4907, #8566, .T. ) ;
#6528 = ORIENTED_EDGE ( 'NONE', *, *, #2587, .F. ) ;
#6529 = LINE ( 'NONE', #7208, #2956 ) ;
#6530 = CIRCLE ( 'NONE', #5552, 10.12193181625839067 ) ;
#6531 = CARTESIAN_POINT ( 'NONE',  ( 8.980199218265404681, 8.459853420432093429, 13.46309704045871314 ) ) ;
#6532 = CARTESIAN_POINT ( 'NONE',  ( 7.999999999999996447, 13.40000000000000213, 15.21759819039019135 ) ) ;
#6533 = CARTESIAN_POINT ( 'NONE',  ( 13.72945202021777256, 7.762467190370672121, -8.196382122786966207 ) ) ;
#6534 = CARTESIAN_POINT ( 'NONE',  ( 13.68853074625509869, 10.78838973558856118, 11.21365701198744702 ) ) ;
#6535 = ORIENTED_EDGE ( 'NONE', *, *, #2525, .F. ) ;
#6536 = AXIS2_PLACEMENT_3D ( 'NONE', #2682, #821, #6086 ) ;
#6537 = ORIENTED_EDGE ( 'NONE', *, *, #4219, .F. ) ;
#6538 = DIRECTION ( 'NONE',  ( -1.000000000000000000, 0.000000000000000000, 0.000000000000000000 ) ) ;
#6539 = ORIENTED_EDGE ( 'NONE', *, *, #4519, .T. ) ;
#6540 = EDGE_CURVE ( 'NONE', #860, #1091, #3857, .T. ) ;
#6541 = EDGE_CURVE ( 'NONE', #5012, #4125, #4672, .T. ) ;
#6542 = DIRECTION ( 'NONE',  ( -0.1892527910261153634, -0.9635179096299408830, -0.1892527910261159185 ) ) ;
#6543 = DIRECTION ( 'NONE',  ( 0.7071067811865474617, 0.000000000000000000, -0.7071067811865474617 ) ) ;
#6544 = VECTOR ( 'NONE', #2156, 1000.000000000000000 ) ;
#6545 = CARTESIAN_POINT ( 'NONE',  ( 8.824077831548118311, 12.54014657956791012, 14.29338720761957404 ) ) ;
#6546 = ORIENTED_EDGE ( 'NONE', *, *, #3412, .F. ) ;
#6547 = CARTESIAN_POINT ( 'NONE',  ( -8.532180665313042311, 13.26516569961198222, 15.30138167409435823 ) ) ;
#6548 = CARTESIAN_POINT ( 'NONE',  ( 14.14213562373093680, 11.00004516124001697, 15.55634918610408235 ) ) ;
#6549 = CARTESIAN_POINT ( 'NONE',  ( -8.980199218265397576, 8.459853420432093429, 13.46309704045872024 ) ) ;
#6550 = CARTESIAN_POINT ( 'NONE',  ( 8.750000000000003553, 12.49999999999735678, 14.65974925560423792 ) ) ;
#6551 = CIRCLE ( 'NONE', #6817, 15.95330305333696863 ) ;
#6552 = EDGE_CURVE ( 'NONE', #1172, #1092, #3823, .T. ) ;
#6553 = PLANE ( 'NONE',  #1260 ) ;
#6554 = AXIS2_PLACEMENT_3D ( 'NONE', #965, #1624, #4913 ) ;
#6555 = CARTESIAN_POINT ( 'NONE',  ( -11.01742794543693726, 10.00004516124002407, -12.43164150781007216 ) ) ;
#6556 = DIRECTION ( 'NONE',  ( -0.000000000000000000, 1.000000000000000000, -0.000000000000000000 ) ) ;
#6557 = CARTESIAN_POINT ( 'NONE',  ( 8.581959042047062169, 8.016023213741304332, -13.03426457067077138 ) ) ;
#6558 = ORIENTED_EDGE ( 'NONE', *, *, #8498, .F. ) ;
#6559 = FACE_OUTER_BOUND ( 'NONE', #6660, .T. ) ;
#6560 = EDGE_CURVE ( 'NONE', #2024, #144, #3604, .T. ) ;
#6561 = VERTEX_POINT ( 'NONE', #516 ) ;
#6562 = VECTOR ( 'NONE', #5352, 1000.000000000000000 ) ;
#6563 = ORIENTED_EDGE ( 'NONE', *, *, #7644, .F. ) ;
#6564 = CARTESIAN_POINT ( 'NONE',  ( 5.029540588923665290, 9.731686437435309145, 19.09059477570358254 ) ) ;
#6565 = LINE ( 'NONE', #531, #2560 ) ;
#6566 = CARTESIAN_POINT ( 'NONE',  ( -13.46309704045871669, 8.459853420432093429, -8.980199218265402905 ) ) ;
#6567 = VERTEX_POINT ( 'NONE', #7186 ) ;
#6568 = AXIS2_PLACEMENT_3D ( 'NONE', #847, #6200, #4885 ) ;
#6569 = DIRECTION ( 'NONE',  ( 0.000000000000000000, 1.000000000000000000, 0.000000000000000000 ) ) ;
#6570 = DIRECTION ( 'NONE',  ( 0.1892527910123301682, 0.9635179096299404389, 0.1892527910399030289 ) ) ;
#6571 = VERTEX_POINT ( 'NONE', #7271 ) ;
#6572 = CARTESIAN_POINT ( 'NONE',  ( -12.97309164460348896, 8.540146579567920782, -8.818749239510212945 ) ) ;
#6573 = VERTEX_POINT ( 'NONE', #600 ) ;
#6574 = CARTESIAN_POINT ( 'NONE',  ( -8.956063912116759340, 8.218451002612333411, -13.39863506714188013 ) ) ;
#6575 = AXIS2_PLACEMENT_3D ( 'NONE', #3851, #1458, #23 ) ;
#6576 = CARTESIAN_POINT ( 'NONE',  ( 0.000000000000000000, 15.49999999999999289, 0.000000000000000000 ) ) ;
#6577 = EDGE_CURVE ( 'NONE', #2607, #5115, #1845, .T. ) ;
#6578 = CARTESIAN_POINT ( 'NONE',  ( 13.68573368271264634, 7.793458914387250580, -8.285569237189942982 ) ) ;
#6579 = B_SPLINE_CURVE_WITH_KNOTS ( 'NONE', 3,
 ( #8006, #4666, #4131, #3317, #2817, #7222 ),
 .UNSPECIFIED., .F., .F.,
 ( 4, 2, 4 ),
 ( 0.000000000000000000, 0.0007155798112794636802, 0.001431159622558927360 ),
 .UNSPECIFIED. ) ;
#6580 = VERTEX_POINT ( 'NONE', #5947 ) ;
#6581 = CARTESIAN_POINT ( 'NONE',  ( -15.21759819039019668, 13.39999999999999858, 7.999999999999994671 ) ) ;
#6582 = CIRCLE ( 'NONE', #3092, 1.010151393566354860 ) ;
#6583 = ORIENTED_EDGE ( 'NONE', *, *, #2754, .F. ) ;
#6584 = ORIENTED_EDGE ( 'NONE', *, *, #4233, .T. ) ;
#6585 = CARTESIAN_POINT ( 'NONE',  ( -8.749999999999998224, 9.831370049224460672, 13.53979913321725626 ) ) ;
#6586 = CARTESIAN_POINT ( 'NONE',  ( -8.824401017278848514, 12.79986805340119638, -14.37797326388151120 ) ) ;
#6587 = DIRECTION ( 'NONE',  ( 0.000000000000000000, 0.9635179096299407719, 0.2676438637860942826 ) ) ;
#6588 = DIRECTION ( 'NONE',  ( -0.6813100476940172623, 0.2676438637860938941, -0.6813100476940191497 ) ) ;
#6589 = EDGE_CURVE ( 'NONE', #2177, #2163, #5860, .T. ) ;
#6590 = CARTESIAN_POINT ( 'NONE',  ( 8.716141607299908500, 13.02684560908310019, 14.51894131840931834 ) ) ;
#6591 = EDGE_CURVE ( 'NONE', #4465, #6943, #5673, .T. ) ;
#6592 = CARTESIAN_POINT ( 'NONE',  ( 0.000000000000000000, 1.999999999999999556, 0.000000000000000000 ) ) ;
#6593 = DIRECTION ( 'NONE',  ( 0.000000000000000000, 0.000000000000000000, 1.000000000000000000 ) ) ;
#6594 = CARTESIAN_POINT ( 'NONE',  ( -21.00000000000002132, 8.500000000000007105, 8.749999999999998224 ) ) ;
#6595 = ORIENTED_EDGE ( 'NONE', *, *, #1434, .F. ) ;
#6596 = FACE_OUTER_BOUND ( 'NONE', #3094, .T. ) ;
#6597 = CARTESIAN_POINT ( 'NONE',  ( 8.823007753824080979, 11.68049656659817970, 14.01341672884576539 ) ) ;
#6598 = CARTESIAN_POINT ( 'NONE',  ( 8.750000000000005329, 12.52665513958391763, -14.33471518854417681 ) ) ;
#6599 = VERTEX_POINT ( 'NONE', #2483 ) ;
#6600 = AXIS2_PLACEMENT_3D ( 'NONE', #2917, #6971, #6193 ) ;
#6601 = CARTESIAN_POINT ( 'NONE',  ( 0.000000000000000000, 15.49999999999999289, 0.000000000000000000 ) ) ;
#6602 = EDGE_CURVE ( 'NONE', #3076, #6609, #3118, .T. ) ;
#6603 = CARTESIAN_POINT ( 'NONE',  ( 16.21482680467693527, 10.40693149288610009, 8.170569869768089077 ) ) ;
#6604 = AXIS2_PLACEMENT_3D ( 'NONE', #4808, #2164, #4849 ) ;
#6605 = CARTESIAN_POINT ( 'NONE',  ( -8.820213425153589526, 9.583575853824997992, -13.32130930603827856 ) ) ;
#6606 = EDGE_LOOP ( 'NONE', ( #3199, #2085, #6019, #755 ) ) ;
#6607 = FACE_OUTER_BOUND ( 'NONE', #7459, .T. ) ;
#6608 = EDGE_LOOP ( 'NONE', ( #2037, #4438, #2099, #7856 ) ) ;
#6609 = VERTEX_POINT ( 'NONE', #7974 ) ;
#6610 = CIRCLE ( 'NONE', #1997, 0.9999999999999991118 ) ;
#6611 = CARTESIAN_POINT ( 'NONE',  ( -13.12362056837241653, 7.658789683022551031, 8.138477907032953595 ) ) ;
#6612 = EDGE_CURVE ( 'NONE', #8229, #2160, #127, .T. ) ;
#6613 = APPLICATION_CONTEXT ( 'configuration controlled 3d designs of mechanical parts and assemblies' ) ;
#6614 = ORIENTED_EDGE ( 'NONE', *, *, #4845, .T. ) ;
#6615 = CARTESIAN_POINT ( 'NONE',  ( -8.849860994556625116, 12.93035648441134633, 15.01064898306219497 ) ) ;
#6616 = DIRECTION ( 'NONE',  ( -0.6813100476940172623, 0.2676438637860938941, -0.6813100476940192607 ) ) ;
#6617 = ORIENTED_EDGE ( 'NONE', *, *, #4050, .F. ) ;
#6618 = FACE_OUTER_BOUND ( 'NONE', #4674, .T. ) ;
#6619 = AXIS2_PLACEMENT_3D ( 'NONE', #3070, #5287, #8522 ) ;
#6620 = AXIS2_PLACEMENT_3D ( 'NONE', #8596, #3508, #6860 ) ;
#6621 = CARTESIAN_POINT ( 'NONE',  ( -7.999999999999991118, 7.750000000000001776, -21.00000000000002132 ) ) ;
#6622 = EDGE_LOOP ( 'NONE', ( #4303, #8043, #1889, #3301 ) ) ;
#6623 = CARTESIAN_POINT ( 'NONE',  ( 12.64465698938833960, 11.25727332716192386, 11.30375429289108347 ) ) ;
#6624 = CARTESIAN_POINT ( 'NONE',  ( -13.38936689147326042, 7.829358285703079012, 8.348159499710018139 ) ) ;
#6625 = DIRECTION ( 'NONE',  ( 0.9506286045416375563, -0.3103308818458435647, 0.000000000000000000 ) ) ;
#6626 = AXIS2_PLACEMENT_3D ( 'NONE', #1707, #1009, #3658 ) ;
#6627 = CARTESIAN_POINT ( 'NONE',  ( 0.000000000000000000, 15.49999999999999645, 0.000000000000000000 ) ) ;
#6628 = VERTEX_POINT ( 'NONE', #6637 ) ;
#6629 = CARTESIAN_POINT ( 'NONE',  ( -10.84659194765857926, 11.00004516124001697, -12.26080551003171593 ) ) ;
#6630 = ORIENTED_EDGE ( 'NONE', *, *, #72, .F. ) ;
#6631 = CARTESIAN_POINT ( 'NONE',  ( -15.08967093049028740, 13.44014657956791581, -7.932747726257773024 ) ) ;
#6632 = CC_DESIGN_APPROVAL ( #4594, ( #3712 ) ) ;
#6633 = CARTESIAN_POINT ( 'NONE',  ( -12.08656242221555743, 9.499999999999998224, 11.19225854274189480 ) ) ;
#6634 = LINE ( 'NONE', #1246, #3048 ) ;
#6635 = CARTESIAN_POINT ( 'NONE',  ( 18.49555875255633453, 13.57363290979778903, 7.280611778646333576 ) ) ;
#6636 = EDGE_LOOP ( 'NONE', ( #7722, #2848 ) ) ;
#6637 = CARTESIAN_POINT ( 'NONE',  ( 13.22499999999999964, 15.49999999999999289, -1.924226283160278540E-15 ) ) ;
#6638 = CARTESIAN_POINT ( 'NONE',  ( -13.46321776612804477, 7.720450260220343530, -8.604845321337974084 ) ) ;
#6639 = CARTESIAN_POINT ( 'NONE',  ( 13.24659978108555691, 7.640146579567915985, 7.925793772813722882 ) ) ;
#6640 = CARTESIAN_POINT ( 'NONE',  ( 12.62841106462136231, 11.00004516124001697, 11.21419750224830736 ) ) ;
#6641 = CARTESIAN_POINT ( 'NONE',  ( -8.979805978441147474, 8.744362080210381194, 13.55825311177119374 ) ) ;
#6642 = ORIENTED_EDGE ( 'NONE', *, *, #4632, .F. ) ;
#6643 = ADVANCED_FACE ( 'NONE', ( #3812 ), #7710, .T. ) ;
#6644 = CARTESIAN_POINT ( 'NONE',  ( -13.22499999999999964, 15.49999999999999289, 0.000000000000000000 ) ) ;
#6645 = DIRECTION ( 'NONE',  ( -0.000000000000000000, 1.000000000000000000, -0.000000000000000000 ) ) ;
#6646 = ORIENTED_EDGE ( 'NONE', *, *, #5699, .F. ) ;
#6647 = CARTESIAN_POINT ( 'NONE',  ( -13.28298719308802767, 8.016464888795821864, -8.582305853721656774 ) ) ;
#6648 = VERTEX_POINT ( 'NONE', #2876 ) ;
#6649 = DIRECTION ( 'NONE',  ( 0.000000000000000000, 0.000000000000000000, 1.000000000000000000 ) ) ;
#6650 = ORIENTED_EDGE ( 'NONE', *, *, #81, .T. ) ;
#6651 = EDGE_CURVE ( 'NONE', #3678, #8229, #596, .T. ) ;
#6652 = VERTEX_POINT ( 'NONE', #5452 ) ;
#6653 = EDGE_CURVE ( 'NONE', #5657, #1655, #4234, .T. ) ;
#6654 = CARTESIAN_POINT ( 'NONE',  ( -12.19100818480702486, 11.44397751901177784, -11.10929692789159517 ) ) ;
#6655 = CARTESIAN_POINT ( 'NONE',  ( -14.73991435042947273, 5.999999999999998224, 0.000000000000000000 ) ) ;
#6656 = DIRECTION ( 'NONE',  ( -0.7071067811865487940, -0.000000000000000000, 0.7071067811865463515 ) ) ;
#6657 = ORIENTED_EDGE ( 'NONE', *, *, #6117, .T. ) ;
#6658 = CARTESIAN_POINT ( 'NONE',  ( 14.52166655930770034, 13.01206614368949310, 8.701329323794459114 ) ) ;
#6659 = DIRECTION ( 'NONE',  ( -0.7071067811865463515, -0.000000000000000000, -0.7071067811865487940 ) ) ;
#6660 = EDGE_LOOP ( 'NONE', ( #8599, #8521, #3769, #465 ) ) ;
#6661 = DIRECTION ( 'NONE',  ( -1.000000000000000000, 0.000000000000000000, 0.000000000000000000 ) ) ;
#6662 = ORIENTED_EDGE ( 'NONE', *, *, #263, .F. ) ;
#6663 = EDGE_CURVE ( 'NONE', #6089, #481, #6765, .T. ) ;
#6664 = LINE ( 'NONE', #6011, #4344 ) ;
#6665 = AXIS2_PLACEMENT_3D ( 'NONE', #7565, #2194, #2326 ) ;
#6666 = CARTESIAN_POINT ( 'NONE',  ( -15.58006697086425341, 13.35985342043277413, -8.066449984402440876 ) ) ;
#6667 = CARTESIAN_POINT ( 'NONE',  ( 8.818749239510214721, 8.540146579567922558, 12.97309164460348896 ) ) ;
#6668 = DIRECTION ( 'NONE',  ( -1.084202172485505174E-16, 1.000000000000000000, 0.000000000000000000 ) ) ;
#6669 = VERTEX_POINT ( 'NONE', #8173 ) ;
#6670 = CARTESIAN_POINT ( 'NONE',  ( 11.21751602232137657, 11.50000000000000000, -12.11309663783235457 ) ) ;
#6671 = VECTOR ( 'NONE', #3757, 1000.000000000000000 ) ;
#6672 = DIRECTION ( 'NONE',  ( 0.9506286045416375563, 0.3103308818458435647, 0.000000000000000000 ) ) ;
#6673 = CARTESIAN_POINT ( 'NONE',  ( 13.78744750116160311, 9.831482208910699683, -8.750000000000001776 ) ) ;
#6674 = CARTESIAN_POINT ( 'NONE',  ( -13.22499999999999964, 15.49999999999999289, 3.239190783744749086E-15 ) ) ;
#6675 = AXIS2_PLACEMENT_3D ( 'NONE', #8474, #3099, #6543 ) ;
#6676 = FACE_OUTER_BOUND ( 'NONE', #5563, .T. ) ;
#6677 = ORIENTED_EDGE ( 'NONE', *, *, #8498, .T. ) ;
#6678 = CARTESIAN_POINT ( 'NONE',  ( -4.201174670048177644E-15, 15.49999999999999289, -5.144955112333438337E-31 ) ) ;
#6679 = VERTEX_POINT ( 'NONE', #5369 ) ;
#6680 = DIRECTION ( 'NONE',  ( -0.8851401627399576588, 0.000000000000000000, 0.4653245021537996129 ) ) ;
#6681 = DIRECTION ( 'NONE',  ( 1.000000000000000000, -0.000000000000000000, -0.000000000000000000 ) ) ;
#6682 = VERTEX_POINT ( 'NONE', #3405 ) ;
#6683 = AXIS2_PLACEMENT_3D ( 'NONE', #6110, #638, #5496 ) ;
#6684 = CARTESIAN_POINT ( 'NONE',  ( 15.05596157150610814, 12.79986927530534224, 8.701455491081993898 ) ) ;
#6685 = CARTESIAN_POINT ( 'NONE',  ( 8.980362068114231988, 8.342611952867882152, 13.42384122020094139 ) ) ;
#6686 = DIRECTION ( 'NONE',  ( -0.000000000000000000, 1.000000000000000000, -0.000000000000000000 ) ) ;
#6687 = EDGE_CURVE ( 'NONE', #3310, #4269, #2109, .T. ) ;
#6688 = AXIS2_PLACEMENT_3D ( 'NONE', #7978, #4071, #4110 ) ;
#6689 = DIRECTION ( 'NONE',  ( 0.000000000000000000, 0.000000000000000000, 1.000000000000000000 ) ) ;
#6690 = CARTESIAN_POINT ( 'NONE',  ( -15.04291915982845218, 13.25000000000074429, 7.908169986681906849 ) ) ;
#6691 = ORIENTED_EDGE ( 'NONE', *, *, #7522, .T. ) ;
#6692 = AXIS2_PLACEMENT_3D ( 'NONE', #3038, #2955, #4222 ) ;
#6693 = DIRECTION ( 'NONE',  ( 0.000000000000000000, 0.000000000000000000, 1.000000000000000000 ) ) ;
#6694 = ADVANCED_FACE ( 'NONE', ( #2155 ), #2557, .T. ) ;
#6695 = ADVANCED_FACE ( 'NONE', ( #6840 ), #2195, .F. ) ;
#6696 = CARTESIAN_POINT ( 'NONE',  ( 14.45860826633848717, 12.60782990562133143, 8.749999999999998224 ) ) ;
#6697 = CARTESIAN_POINT ( 'NONE',  ( 0.000000000000000000, 15.49999999999999289, 0.000000000000000000 ) ) ;
#6698 = EDGE_LOOP ( 'NONE', ( #2518, #1318, #2699, #7135 ) ) ;
#6699 = AXIS2_PLACEMENT_3D ( 'NONE', #3918, #7868, #3838 ) ;
#6700 = DIRECTION ( 'NONE',  ( -0.7071067811865484609, 0.000000000000000000, 0.7071067811865466846 ) ) ;
#6701 = EDGE_LOOP ( 'NONE', ( #6422, #3675, #2471, #6326 ) ) ;
#6702 = FACE_OUTER_BOUND ( 'NONE', #3438, .T. ) ;
#6703 = ORIENTED_EDGE ( 'NONE', *, *, #2299, .F. ) ;
#6704 = CARTESIAN_POINT ( 'NONE',  ( -8.180890470407327086, 7.766128814353835175, -13.48882067539862462 ) ) ;
#6705 = CARTESIAN_POINT ( 'NONE',  ( 0.000000000000000000, 7.600000000000001421, 0.000000000000000000 ) ) ;
#6706 = EDGE_CURVE ( 'NONE', #7450, #2809, #3538, .T. ) ;
#6707 = DIRECTION ( 'NONE',  ( -1.000000000000000000, -1.017892616826196363E-16, 0.000000000000000000 ) ) ;
#6708 = CARTESIAN_POINT ( 'NONE',  ( 12.97780992571961534, 8.421478614661227269, -8.753372566552975798 ) ) ;
#6709 = ORIENTED_EDGE ( 'NONE', *, *, #6332, .T. ) ;
#6710 = CARTESIAN_POINT ( 'NONE',  ( -14.43051474843824344, 12.75446084439901462, -8.714463382470713171 ) ) ;
#6711 = CIRCLE ( 'NONE', #4073, 32.50000000000002132 ) ;
#6712 = DIRECTION ( 'NONE',  ( 0.000000000000000000, 0.000000000000000000, 1.000000000000000000 ) ) ;
#6713 = CARTESIAN_POINT ( 'NONE',  ( 18.20485689649835948, 8.688837731368044714, 5.652384859495970026 ) ) ;
#6714 = CARTESIAN_POINT ( 'NONE',  ( 14.81883984523073750, 16.49999999999999645, -1.814784478353908265E-15 ) ) ;
#6715 = AXIS2_PLACEMENT_3D ( 'NONE', #295, #2389, #2252 ) ;
#6716 = LINE ( 'NONE', #2661, #6181 ) ;
#6717 = EDGE_CURVE ( 'NONE', #7197, #5297, #1505, .T. ) ;
#6718 = CARTESIAN_POINT ( 'NONE',  ( 5.097671593693066328, 9.704922051056698251, 19.15872578047298802 ) ) ;
#6719 = CARTESIAN_POINT ( 'NONE',  ( -14.88266352113494584, 12.71244515963535981, 8.946514592190839110 ) ) ;
#6720 = CARTESIAN_POINT ( 'NONE',  ( 8.590234149078964876, 12.97250391744045928, -14.71668781063871556 ) ) ;
#6721 = CARTESIAN_POINT ( 'NONE',  ( -15.05596157150599979, 12.79986927530534935, -8.701455491081885540 ) ) ;
#6722 = FACE_OUTER_BOUND ( 'NONE', #3591, .T. ) ;
#6723 = CARTESIAN_POINT ( 'NONE',  ( 13.09261806874822653, 8.500000000000007105, -8.750000000000001776 ) ) ;
#6724 = CARTESIAN_POINT ( 'NONE',  ( 8.714324879742363805, 8.258189023234422166, 13.57345694518091683 ) ) ;
#6725 = CARTESIAN_POINT ( 'NONE',  ( 0.000000000000000000, 7.874999999999998224, 0.000000000000000000 ) ) ;
#6726 = VERTEX_POINT ( 'NONE', #1421 ) ;
#6727 = APPROVAL_DATE_TIME ( #4076, #4813 ) ;
#6728 = CARTESIAN_POINT ( 'NONE',  ( -13.60124325485362640, 8.413726081778230892, -8.750000000000003553 ) ) ;
#6729 = ORIENTED_EDGE ( 'NONE', *, *, #4277, .F. ) ;
#6730 = VERTEX_POINT ( 'NONE', #761 ) ;
#6731 = DIRECTION ( 'NONE',  ( -0.8851401627399527738, 0.000000000000000000, 0.4653245021538088277 ) ) ;
#6732 = CARTESIAN_POINT ( 'NONE',  ( -12.55830834890382874, 11.44394830350171333, 11.47662120573310318 ) ) ;
#6733 = AXIS2_PLACEMENT_3D ( 'NONE', #7525, #7608, #4352 ) ;
#6734 = DIRECTION ( 'NONE',  ( -0.7071067811865475727, 0.000000000000000000, 0.7071067811865475727 ) ) ;
#6735 = CIRCLE ( 'NONE', #7147, 15.95330305333696863 ) ;
#6736 = CARTESIAN_POINT ( 'NONE',  ( 14.95361047396250243, 13.27273270188234555, 8.091623352584038642 ) ) ;
#6737 = DIRECTION ( 'NONE',  ( -0.5134395285208549486, 0.000000000000000000, 0.8581257778159808725 ) ) ;
#6738 = ORIENTED_EDGE ( 'NONE', *, *, #7296, .T. ) ;
#6739 = CARTESIAN_POINT ( 'NONE',  ( 8.290471641223792432, 7.578629056974910405, -13.61316501057490846 ) ) ;
#6740 = EDGE_LOOP ( 'NONE', ( #7518, #1789, #955, #3785 ) ) ;
#6741 = B_SPLINE_CURVE_WITH_KNOTS ( 'NONE', 3,
 ( #3239, #519, #7190, #7231, #1306, #1213, #5993, #5908, #3816, #6510 ),
 .UNSPECIFIED., .F., .F.,
 ( 4, 2, 2, 2, 4 ),
 ( 0.000000000000000000, 0.0004045073697329264260, 0.0008090147394658528520, 0.001213522109198779224, 0.001618029478931705704 ),
 .UNSPECIFIED. ) ;
#6742 = LINE ( 'NONE', #6783, #6562 ) ;
#6743 = ORIENTED_EDGE ( 'NONE', *, *, #3750, .T. ) ;
#6744 = CIRCLE ( 'NONE', #3127, 2.991318522074774222 ) ;
#6745 = CARTESIAN_POINT ( 'NONE',  ( 10.92159357766416861, 9.500045161240020519, 11.62870035885075026 ) ) ;
#6746 = AXIS2_PLACEMENT_3D ( 'NONE', #6601, #4634, #7281 ) ;
#6747 = EDGE_CURVE ( 'NONE', #5905, #6069, #8386, .T. ) ;
#6748 = CARTESIAN_POINT ( 'NONE',  ( 15.28907684920412891, 13.11942249928248927, -8.469883339689156188 ) ) ;
#6749 = CARTESIAN_POINT ( 'NONE',  ( -8.179412001724374548, 7.765646365209619262, 13.48972354018153297 ) ) ;
#6750 = CIRCLE ( 'NONE', #2990, 15.22167330524445106 ) ;
#6751 = CIRCLE ( 'NONE', #161, 17.54440372789780511 ) ;
#6752 = DIRECTION ( 'NONE',  ( 0.6813100476940172623, -0.2676438637860938941, 0.6813100476940192607 ) ) ;
#6753 = CARTESIAN_POINT ( 'NONE',  ( 12.90836097519258630, 8.297319658348536464, -8.794056414146531608 ) ) ;
#6754 = ORIENTED_EDGE ( 'NONE', *, *, #7272, .F. ) ;
#6755 = ORIENTED_EDGE ( 'NONE', *, *, #665, .T. ) ;
#6756 = CARTESIAN_POINT ( 'NONE',  ( -14.71668781063871734, 12.97250391744045928, -8.590234149078963100 ) ) ;
#6757 = ORIENTED_EDGE ( 'NONE', *, *, #289, .F. ) ;
#6758 = CARTESIAN_POINT ( 'NONE',  ( -8.749999999999998224, 12.71644746103178214, -14.50115789294471824 ) ) ;
#6759 = CARTESIAN_POINT ( 'NONE',  ( -12.48037429436787171, 11.50004516124002230, -11.58463239380565923 ) ) ;
#6760 = ADVANCED_FACE ( 'NONE', ( #4029 ), #7138, .T. ) ;
#6761 = ADVANCED_FACE ( 'NONE', ( #3443 ), #2025, .F. ) ;
#6762 = AXIS2_PLACEMENT_3D ( 'NONE', #1187, #6616, #3166 ) ;
#6763 = DIRECTION ( 'NONE',  ( 0.000000000000000000, -0.000000000000000000, 1.000000000000000000 ) ) ;
#6764 = ORIENTED_EDGE ( 'NONE', *, *, #6856, .T. ) ;
#6765 = LINE ( 'NONE', #802, #6187 ) ;
#6766 = CARTESIAN_POINT ( 'NONE',  ( 8.091623352584512929, 13.27273270188054610, -14.95361047396046494 ) ) ;
#6767 = CYLINDRICAL_SURFACE ( 'NONE', #2419, 1.500000000000001998 ) ;
#6768 = CARTESIAN_POINT ( 'NONE',  ( 0.000000000000000000, 9.500045161240020519, 0.000000000000000000 ) ) ;
#6769 = CYLINDRICAL_SURFACE ( 'NONE', #4752, 0.7500000000000006661 ) ;
#6770 = ORIENTED_EDGE ( 'NONE', *, *, #3831, .T. ) ;
#6771 = EDGE_CURVE ( 'NONE', #1882, #2173, #3395, .T. ) ;
#6772 = CARTESIAN_POINT ( 'NONE',  ( 0.000000000000000000, 0.000000000000000000, 0.000000000000000000 ) ) ;
#6773 = CARTESIAN_POINT ( 'NONE',  ( 8.955590235349241368, 8.216370959051335632, -13.39825866328795634 ) ) ;
#6774 = CARTESIAN_POINT ( 'NONE',  ( -14.33471518854418392, 12.52665513958391053, 8.749999999999998224 ) ) ;
#6775 = ORIENTED_EDGE ( 'NONE', *, *, #3800, .F. ) ;
#6776 = EDGE_LOOP ( 'NONE', ( #4255, #1928, #804, #5940 ) ) ;
#6777 = EDGE_CURVE ( 'NONE', #5384, #6804, #1278, .T. ) ;
#6778 = CARTESIAN_POINT ( 'NONE',  ( -12.95314631857997867, 8.307667043738485191, 8.733406266119287054 ) ) ;
#6779 = DIRECTION ( 'NONE',  ( 0.000000000000000000, 1.000000000000000000, 2.168404344971010347E-16 ) ) ;
#6780 = PLANE ( 'NONE',  #2578 ) ;
#6781 = ORIENTED_EDGE ( 'NONE', *, *, #5213, .F. ) ;
#6782 = CARTESIAN_POINT ( 'NONE',  ( -8.451203170162939315, 13.10652940250565912, -15.10459908574242327 ) ) ;
#6783 = CARTESIAN_POINT ( 'NONE',  ( -21.00000000000002132, 7.750000000000001776, -7.999999999999996447 ) ) ;
#6784 = ORIENTED_EDGE ( 'NONE', *, *, #4724, .F. ) ;
#6785 = CARTESIAN_POINT ( 'NONE',  ( 10.00000000000000000, 15.50164662274214145, 1.224646799147353256E-15 ) ) ;
#6786 = DIRECTION ( 'NONE',  ( 0.000000000000000000, 0.000000000000000000, 1.000000000000000000 ) ) ;
#6787 = CARTESIAN_POINT ( 'NONE',  ( -8.586732263547419919, 8.022202079329771252, 13.28177415231853331 ) ) ;
#6788 = CARTESIAN_POINT ( 'NONE',  ( -7.999999999999989342, 7.600000000000001421, -13.37062271443168271 ) ) ;
#6789 = CARTESIAN_POINT ( 'NONE',  ( 13.05831001008550096, 7.815571027917598279, -8.324110326508716184 ) ) ;
#6790 = EDGE_LOOP ( 'NONE', ( #3874, #7783, #4475, #7493 ) ) ;
#6791 = EDGE_CURVE ( 'NONE', #839, #3354, #8451, .T. ) ;
#6792 = ORIENTED_EDGE ( 'NONE', *, *, #3993, .F. ) ;
#6793 = CARTESIAN_POINT ( 'NONE',  ( -8.818749239510207616, 8.540146579567920782, 12.97309164460349251 ) ) ;
#6794 = ORIENTED_EDGE ( 'NONE', *, *, #7107, .F. ) ;
#6795 = DIRECTION ( 'NONE',  ( -0.6813100476940172623, 0.2676438637860938941, -0.6813100476940191497 ) ) ;
#6796 = CARTESIAN_POINT ( 'NONE',  ( 11.62869148398554486, 9.500000000000000000, -10.92158470279896321 ) ) ;
#6797 = DIRECTION ( 'NONE',  ( 0.000000000000000000, 0.000000000000000000, 1.000000000000000000 ) ) ;
#6798 = CARTESIAN_POINT ( 'NONE',  ( -14.90684508345313830, 12.41970336326913404, 8.749999999999998224 ) ) ;
#6799 = EDGE_CURVE ( 'NONE', #1157, #293, #2287, .T. ) ;
#6800 = AXIS2_PLACEMENT_3D ( 'NONE', #3261, #7908, #7391 ) ;
#6801 = EDGE_CURVE ( 'NONE', #1448, #3074, #8044, .T. ) ;
#6802 = CARTESIAN_POINT ( 'NONE',  ( -13.67285923879287957, 7.559853420432089521, -8.181597244430436788 ) ) ;
#6803 = ORIENTED_EDGE ( 'NONE', *, *, #6482, .T. ) ;
#6804 = VERTEX_POINT ( 'NONE', #4879 ) ;
#6805 = LINE ( 'NONE', #8019, #3350 ) ;
#6806 = DIRECTION ( 'NONE',  ( 0.000000000000000000, 0.000000000000000000, 1.000000000000000000 ) ) ;
#6807 = CIRCLE ( 'NONE', #5138, 15.43666455842805441 ) ;
#6808 = CLOSED_SHELL ( 'NONE', ( #1515, #6014, #4588, #1991, #8159, #4445, #7367, #7825, #2186 ) ) ;
#6809 = CARTESIAN_POINT ( 'NONE',  ( 8.444407693602933307, 7.881087260102041192, 13.61738552081193809 ) ) ;
#6810 = DIRECTION ( 'NONE',  ( 0.000000000000000000, 0.000000000000000000, 1.000000000000000000 ) ) ;
#6811 = EDGE_CURVE ( 'NONE', #5276, #5472, #2328, .T. ) ;
#6812 = ORIENTED_EDGE ( 'NONE', *, *, #4941, .T. ) ;
#6813 = DIRECTION ( 'NONE',  ( 0.000000000000000000, 0.000000000000000000, -1.000000000000000000 ) ) ;
#6814 = AXIS2_PLACEMENT_3D ( 'NONE', #4165, #7465, #4731 ) ;
#6815 = ORIENTED_EDGE ( 'NONE', *, *, #662, .F. ) ;
#6816 = CARTESIAN_POINT ( 'NONE',  ( 14.70160954120031604, 12.60734668551412874, 8.750000000000000000 ) ) ;
#6817 = AXIS2_PLACEMENT_3D ( 'NONE', #6768, #1382, #6074 ) ;
#6818 = CARTESIAN_POINT ( 'NONE',  ( -13.01508767021575963, 8.526040938946250591, 8.750000000000000000 ) ) ;
#6819 = LINE ( 'NONE', #6211, #7693 ) ;
#6820 = EDGE_CURVE ( 'NONE', #6129, #5821, #5624, .T. ) ;
#6821 = LINE ( 'NONE', #3510, #8125 ) ;
#6822 = FACE_OUTER_BOUND ( 'NONE', #2369, .T. ) ;
#6823 = ORIENTED_EDGE ( 'NONE', *, *, #7535, .F. ) ;
#6824 = B_SPLINE_CURVE_WITH_KNOTS ( 'NONE', 3,
 ( #2939, #3970, #2131, #6252, #4161, #1283, #7309, #3556, #2212, #3351 ),
 .UNSPECIFIED., .F., .F.,
 ( 4, 2, 2, 2, 4 ),
 ( 0.000000000000000000, 0.0003699285893685410579, 0.0007398571787370821157, 0.001109785768105621493, 0.001479714357474160979 ),
 .UNSPECIFIED. ) ;
#6825 = CARTESIAN_POINT ( 'NONE',  ( 8.980199218265404681, 8.459853420432093429, -13.46309704045871491 ) ) ;
#6826 = DIRECTION ( 'NONE',  ( -0.7071067811902390643, -1.878127283324223686E-11, 0.7071067811828559702 ) ) ;
#6827 = VECTOR ( 'NONE', #3764, 1000.000000000000000 ) ;
#6828 = ORIENTED_EDGE ( 'NONE', *, *, #1374, .T. ) ;
#6829 = CARTESIAN_POINT ( 'NONE',  ( 0.000000000000000000, 13.35985342043208668, 3.280490379559389251E-16 ) ) ;
#6830 = CARTESIAN_POINT ( 'NONE',  ( -8.290471641223787103, 7.578629056974910405, 13.61316501057491202 ) ) ;
#6831 = AXIS2_PLACEMENT_3D ( 'NONE', #1755, #1711, #6443 ) ;
#6832 = DIRECTION ( 'NONE',  ( 0.7071067811865485719, 0.000000000000000000, -0.7071067811865465735 ) ) ;
#6833 = CARTESIAN_POINT ( 'NONE',  ( 12.97309164460348896, 8.540146579567920782, -8.818749239510212945 ) ) ;
#6834 = ORIENTED_EDGE ( 'NONE', *, *, #3938, .F. ) ;
#6835 = CARTESIAN_POINT ( 'NONE',  ( -8.450628840194257307, 7.802332139189675608, 12.97221855253982170 ) ) ;
#6836 = ORIENTED_EDGE ( 'NONE', *, *, #1142, .F. ) ;
#6837 = DIRECTION ( 'NONE',  ( -0.000000000000000000, -1.000000000000000000, -0.000000000000000000 ) ) ;
#6838 = CARTESIAN_POINT ( 'NONE',  ( 13.60124325485362640, 8.413726081778230892, 8.750000000000000000 ) ) ;
#6839 = CARTESIAN_POINT ( 'NONE',  ( 8.750000000000003553, 9.831482208910681919, -13.78744750116166529 ) ) ;
#6840 = FACE_OUTER_BOUND ( 'NONE', #1593, .T. ) ;
#6841 = AXIS2_PLACEMENT_3D ( 'NONE', #5101, #3272, #8563 ) ;
#6842 = CARTESIAN_POINT ( 'NONE',  ( 8.824077831548118311, 12.54014657956790835, -14.29338720761957404 ) ) ;
#6843 = VERTEX_POINT ( 'NONE', #7014 ) ;
#6844 = CARTESIAN_POINT ( 'NONE',  ( -11.19226741923721491, 9.500045161240020519, -12.08657129922723605 ) ) ;
#6845 = B_SPLINE_CURVE_WITH_KNOTS ( 'NONE', 3,
 ( #5650, #823, #6214, #2305 ),
 .UNSPECIFIED., .F., .F.,
 ( 4, 4 ),
 ( 2.076015042740992355E-07, 0.001038212668214630492 ),
 .UNSPECIFIED. ) ;
#6846 = CARTESIAN_POINT ( 'NONE',  ( 0.000000000000000000, 14.99999999999999645, 0.000000000000000000 ) ) ;
#6847 = TOROIDAL_SURFACE ( 'NONE', #5464, 17.19230335598365400, 0.1499999999999999944 ) ;
#6848 = ADVANCED_FACE ( 'NONE', ( #2378, #3666, #974, #1543 ), #728, .F. ) ;
#6849 = ADVANCED_FACE ( 'NONE', ( #8299 ), #1465, .T. ) ;
#6850 = DIRECTION ( 'NONE',  ( -0.7071067811865483499, 0.000000000000000000, 0.7071067811865467956 ) ) ;
#6851 = ORIENTED_EDGE ( 'NONE', *, *, #4458, .F. ) ;
#6852 = DIRECTION ( 'NONE',  ( 0.000000000000000000, 0.000000000000000000, 1.000000000000000000 ) ) ;
#6853 = CARTESIAN_POINT ( 'NONE',  ( 8.590543591307724824, 12.97212972406310705, 14.95700454175144500 ) ) ;
#6854 = VERTEX_POINT ( 'NONE', #547 ) ;
#6855 = VERTEX_POINT ( 'NONE', #6451 ) ;
#6856 = EDGE_CURVE ( 'NONE', #5040, #4288, #849, .T. ) ;
#6857 = EDGE_CURVE ( 'NONE', #2782, #1238, #6744, .T. ) ;
#6858 = CARTESIAN_POINT ( 'NONE',  ( 14.72000357673998394, 12.97584934340087059, 8.587380124079519561 ) ) ;
#6859 = CARTESIAN_POINT ( 'NONE',  ( -13.82698582278498911, 11.11450008719849869, -8.822260737903240724 ) ) ;
#6860 = DIRECTION ( 'NONE',  ( 0.000000000000000000, 0.000000000000000000, 1.000000000000000000 ) ) ;
#6861 = CARTESIAN_POINT ( 'NONE',  ( -8.581959042047055064, 8.016023213741307885, 13.03426457067077671 ) ) ;
#6862 = DIRECTION ( 'NONE',  ( -0.7071067811865487940, 0.000000000000000000, 0.7071067811865463515 ) ) ;
#6863 = ORIENTED_EDGE ( 'NONE', *, *, #6431, .T. ) ;
#6864 = CARTESIAN_POINT ( 'NONE',  ( 8.714148215240774320, 8.257665323665641210, -13.57339823051834138 ) ) ;
#6865 = DIRECTION ( 'NONE',  ( -0.000000000000000000, -0.000000000000000000, 1.000000000000000000 ) ) ;
#6866 = ORIENTED_EDGE ( 'NONE', *, *, #8528, .T. ) ;
#6867 = ORIENTED_EDGE ( 'NONE', *, *, #708, .F. ) ;
#6868 = CARTESIAN_POINT ( 'NONE',  ( -14.96019303464957773, 12.97538492151577927, 8.587768145840174228 ) ) ;
#6869 = EDGE_CURVE ( 'NONE', #2173, #626, #177, .T. ) ;
#6870 = CIRCLE ( 'NONE', #2107, 13.22499999999999964 ) ;
#6871 = CARTESIAN_POINT ( 'NONE',  ( 8.750000000000003553, 8.500000000000007105, -21.00000000000002132 ) ) ;
#6872 = DIRECTION ( 'NONE',  ( 3.277692010970709517E-17, 0.9635179096299405499, -0.2676438637860946712 ) ) ;
#6873 = CARTESIAN_POINT ( 'NONE',  ( -13.27831509158966128, 8.298063307274826883, -8.729610196012519197 ) ) ;
#6874 = DIRECTION ( 'NONE',  ( -0.000000000000000000, 1.000000000000000000, -0.000000000000000000 ) ) ;
#6875 = ORIENTED_EDGE ( 'NONE', *, *, #3993, .T. ) ;
#6876 = ORIENTED_EDGE ( 'NONE', *, *, #4052, .T. ) ;
#6877 = VECTOR ( 'NONE', #7797, 1000.000000000000000 ) ;
#6878 = VECTOR ( 'NONE', #905, 1000.000000000000000 ) ;
#6879 = DIRECTION ( 'NONE',  ( 0.000000000000000000, 0.000000000000000000, -1.000000000000000000 ) ) ;
#6880 = ORIENTED_EDGE ( 'NONE', *, *, #8406, .T. ) ;
#6881 = CARTESIAN_POINT ( 'NONE',  ( 13.57018823322025014, 8.063180186356538215, 8.616884872967338183 ) ) ;
#6882 = CIRCLE ( 'NONE', #8395, 17.04777566953916335 ) ;
#6883 = B_SPLINE_CURVE_WITH_KNOTS ( 'NONE', 3,
 ( #5489, #2185, #3359, #8133 ),
 .UNSPECIFIED., .F., .F.,
 ( 4, 4 ),
 ( 2.075988401264754725E-07, 0.001038203994493983387 ),
 .UNSPECIFIED. ) ;
#6884 = AXIS2_PLACEMENT_3D ( 'NONE', #6372, #6894, #2202 ) ;
#6885 = CARTESIAN_POINT ( 'NONE',  ( 13.14411714072074844, 7.828879300272219233, 8.347163094220968915 ) ) ;
#6886 = DIRECTION ( 'NONE',  ( -1.000000000000000000, -1.084202172485505174E-16, 0.000000000000000000 ) ) ;
#6887 = CARTESIAN_POINT ( 'NONE',  ( -8.818749239510207616, 8.540146579567922558, 12.97309164460349429 ) ) ;
#6888 = CARTESIAN_POINT ( 'NONE',  ( -8.750000000000000000, 12.41970336326912516, 14.90684508345317916 ) ) ;
#6889 = ORIENTED_EDGE ( 'NONE', *, *, #6687, .T. ) ;
#6890 = DIRECTION ( 'NONE',  ( 1.000000000000000000, 0.000000000000000000, 0.000000000000000000 ) ) ;
#6891 = AXIS2_PLACEMENT_3D ( 'NONE', #6532, #585, #3217 ) ;
#6892 = DIRECTION ( 'NONE',  ( -0.7071067811865487940, 0.000000000000000000, 0.7071067811865463515 ) ) ;
#6893 = ORIENTED_EDGE ( 'NONE', *, *, #6552, .T. ) ;
#6894 = DIRECTION ( 'NONE',  ( 0.000000000000000000, -1.000000000000000000, 0.000000000000000000 ) ) ;
#6895 = VECTOR ( 'NONE', #2685, 1000.000000000000000 ) ;
#6896 = ORIENTED_EDGE ( 'NONE', *, *, #8285, .F. ) ;
#6897 = CARTESIAN_POINT ( 'NONE',  ( 8.073230648290536493, 7.559853420432087745, -13.73654834780745482 ) ) ;
#6898 = FACE_OUTER_BOUND ( 'NONE', #7803, .T. ) ;
#6899 = ORIENTED_EDGE ( 'NONE', *, *, #8528, .F. ) ;
#6900 = SHAPE_DEFINITION_REPRESENTATION ( #8601, #5024 ) ;
#6901 = EDGE_CURVE ( 'NONE', #3451, #8229, #6882, .T. ) ;
#6902 = CARTESIAN_POINT ( 'NONE',  ( 15.20279579551080928, 10.00000000000000000, -14.49568901432421164 ) ) ;
#6903 = B_SPLINE_CURVE_WITH_KNOTS ( 'NONE', 3,
 ( #5269, #16, #7910, #1280, #3968, #4217 ),
 .UNSPECIFIED., .F., .F.,
 ( 4, 2, 4 ),
 ( 2.047295638730601097E-07, 0.0003969848767935380213, 0.0007937650240232029019 ),
 .UNSPECIFIED. ) ;
#6904 = ORIENTED_EDGE ( 'NONE', *, *, #2854, .T. ) ;
#6905 = LINE ( 'NONE', #904, #2904 ) ;
#6906 = DIRECTION ( 'NONE',  ( -0.7071067811828567473, 0.000000000000000000, -0.7071067811902383982 ) ) ;
#6907 = CARTESIAN_POINT ( 'NONE',  ( -8.086659553818090984, 7.750000000000001776, -13.30840184899989964 ) ) ;
#6908 = CARTESIAN_POINT ( 'NONE',  ( 0.000000000000000000, 13.40000000000000036, 3.886556190601316803E-15 ) ) ;
#6909 = CARTESIAN_POINT ( 'NONE',  ( -7.999999999999991118, 13.25000000000000000, 15.45172114225277049 ) ) ;
#6910 = ORIENTED_EDGE ( 'NONE', *, *, #1885, .T. ) ;
#6911 = EDGE_CURVE ( 'NONE', #6359, #4455, #5190, .T. ) ;
#6912 = CARTESIAN_POINT ( 'NONE',  ( 8.946758881100874916, 12.71157885175990288, -14.88223505255093038 ) ) ;
#6913 = ORIENTED_EDGE ( 'NONE', *, *, #5048, .T. ) ;
#6914 = EDGE_CURVE ( 'NONE', #8078, #7345, #2844, .T. ) ;
#6915 = ORIENTED_EDGE ( 'NONE', *, *, #5259, .T. ) ;
#6916 = FACE_OUTER_BOUND ( 'NONE', #2088, .T. ) ;
#6917 = CARTESIAN_POINT ( 'NONE',  ( -13.27847873882854657, 8.298831318437699167, 8.729789075985816993 ) ) ;
#6918 = CARTESIAN_POINT ( 'NONE',  ( -8.729610196012513867, 8.298063307274826883, 13.27831509158966128 ) ) ;
#6919 = CARTESIAN_POINT ( 'NONE',  ( -13.61194688593824687, 7.750000000000001776, -7.999999999999996447 ) ) ;
#6920 = CARTESIAN_POINT ( 'NONE',  ( -13.02729689816473702, 8.296034758309090762, 8.729356757925078369 ) ) ;
#6921 = ORIENTED_EDGE ( 'NONE', *, *, #1759, .T. ) ;
#6922 = EDGE_CURVE ( 'NONE', #7300, #3451, #5921, .T. ) ;
#6923 = DIRECTION ( 'NONE',  ( -1.000000000000000000, 0.000000000000000000, 0.000000000000000000 ) ) ;
#6924 = VERTEX_POINT ( 'NONE', #6498 ) ;
#6925 = B_SPLINE_CURVE_WITH_KNOTS ( 'NONE', 3,
 ( #2874, #8211, #8296, #6885, #1541, #6363, #3581, #4397, #8255, #235 ),
 .UNSPECIFIED., .F., .F.,
 ( 4, 2, 2, 2, 4 ),
 ( 0.000000000000000000, 0.0003189618469915269749, 0.0006379236939830531909, 0.0009568855409745794611, 0.001275847387966105731 ),
 .UNSPECIFIED. ) ;
#6926 = CARTESIAN_POINT ( 'NONE',  ( 13.37062271443168093, 7.600000000000001421, 7.999999999999991118 ) ) ;
#6927 = CARTESIAN_POINT ( 'NONE',  ( 16.60616015476926322, 16.49999999999999645, -2.033668087966649209E-15 ) ) ;
#6928 = PLANE ( 'NONE',  #2897 ) ;
#6929 = ORIENTED_EDGE ( 'NONE', *, *, #8487, .T. ) ;
#6930 = CARTESIAN_POINT ( 'NONE',  ( -8.122119202610347699, 7.736746345947083547, 13.16040266482324128 ) ) ;
#6931 = LINE ( 'NONE', #4692, #8186 ) ;
#6932 = CARTESIAN_POINT ( 'NONE',  ( 11.69667390023532150, 10.54751025816228882, 13.11088746248678838 ) ) ;
#6933 = EDGE_LOOP ( 'NONE', ( #8011, #3027, #265, #2771 ) ) ;
#6934 = DIRECTION ( 'NONE',  ( 0.000000000000000000, 1.000000000000000000, -0.000000000000000000 ) ) ;
#6935 = B_SPLINE_CURVE_WITH_KNOTS ( 'NONE', 3,
 ( #4312, #6976, #372, #5054, #895, #6197 ),
 .UNSPECIFIED., .F., .F.,
 ( 4, 2, 4 ),
 ( 0.000000000000000000, 0.0008057386398456054975, 0.001611477279691210995 ),
 .UNSPECIFIED. ) ;
#6936 = CIRCLE ( 'NONE', #782, 12.12193181625839244 ) ;
#6937 = DIRECTION ( 'NONE',  ( 0.000000000000000000, -1.000000000000000000, 0.000000000000000000 ) ) ;
#6938 = ORIENTED_EDGE ( 'NONE', *, *, #5818, .T. ) ;
#6939 = CARTESIAN_POINT ( 'NONE',  ( 8.417646562576477365, 7.867121650335228367, 13.01513069778164677 ) ) ;
#6940 = CARTESIAN_POINT ( 'NONE',  ( 8.975003248201149475, 12.45985342043207744, 14.78329181874944531 ) ) ;
#6941 = PERSON_AND_ORGANIZATION ( #5881, #3284 ) ;
#6942 = DIRECTION ( 'NONE',  ( 0.6813100476940172623, -0.2676438637860939496, 0.6813100476940193717 ) ) ;
#6943 = VERTEX_POINT ( 'NONE', #4529 ) ;
#6944 = AXIS2_PLACEMENT_3D ( 'NONE', #4953, #7594, #3474 ) ;
#6945 = VERTEX_POINT ( 'NONE', #3884 ) ;
#6946 = EDGE_CURVE ( 'NONE', #51, #4960, #553, .T. ) ;
#6947 = FACE_OUTER_BOUND ( 'NONE', #3244, .T. ) ;
#6948 = CARTESIAN_POINT ( 'NONE',  ( -14.23142866410899288, 12.34998589140572811, -8.823840569215411378 ) ) ;
#6949 = CARTESIAN_POINT ( 'NONE',  ( -13.60124325485369745, 8.413726081778209576, 8.750000000000000000 ) ) ;
#6950 = CARTESIAN_POINT ( 'NONE',  ( -12.28645035678707487, 11.13036356930964921, 10.87223679441393109 ) ) ;
#6951 = CARTESIAN_POINT ( 'NONE',  ( 14.51894131840931834, 13.02684560908310019, -8.716141607299906724 ) ) ;
#6952 = ORIENTED_EDGE ( 'NONE', *, *, #710, .T. ) ;
#6953 = CARTESIAN_POINT ( 'NONE',  ( 8.471124440134323308, 13.11806047648875584, -15.28794578648282787 ) ) ;
#6954 = ORIENTED_EDGE ( 'NONE', *, *, #7063, .F. ) ;
#6955 = CARTESIAN_POINT ( 'NONE',  ( 8.181452182643706550, 7.559853420432084192, 13.67294449436311332 ) ) ;
#6956 = AXIS2_PLACEMENT_3D ( 'NONE', #5113, #393, #2450 ) ;
#6957 = CARTESIAN_POINT ( 'NONE',  ( -13.38501479023447160, 7.833232447629817408, 8.355962512790531704 ) ) ;
#6958 = EDGE_CURVE ( 'NONE', #7927, #6268, #8429, .T. ) ;
#6959 = CARTESIAN_POINT ( 'NONE',  ( -12.97309164460349074, 8.540146579567920782, -8.818749239510212945 ) ) ;
#6960 = EDGE_CURVE ( 'NONE', #1441, #4455, #2519, .T. ) ;
#6961 = CARTESIAN_POINT ( 'NONE',  ( -8.980199218265395800, 8.459853420432091653, -13.46309704045871847 ) ) ;
#6962 = CARTESIAN_POINT ( 'NONE',  ( 13.19504132681568720, 9.204027547351445904, -8.819688323532369978 ) ) ;
#6963 = CIRCLE ( 'NONE', #8190, 0.5000000000000004441 ) ;
#6964 = ORIENTED_EDGE ( 'NONE', *, *, #4519, .F. ) ;
#6965 = FACE_OUTER_BOUND ( 'NONE', #4994, .T. ) ;
#6966 = VERTEX_POINT ( 'NONE', #6534 ) ;
#6967 = CARTESIAN_POINT ( 'NONE',  ( -8.000000000000150990, 13.25000000000072653, -15.21759819039033701 ) ) ;
#6968 = DIRECTION ( 'NONE',  ( -0.000000000000000000, -1.000000000000000000, 0.000000000000000000 ) ) ;
#6969 = AXIS2_PLACEMENT_3D ( 'NONE', #5531, #1665, #6879 ) ;
#6970 = EDGE_CURVE ( 'NONE', #4180, #8117, #5784, .T. ) ;
#6971 = DIRECTION ( 'NONE',  ( -0.000000000000000000, 1.000000000000000000, -0.000000000000000000 ) ) ;
#6972 = CARTESIAN_POINT ( 'NONE',  ( -11.10597989881917336, 9.555239540389704800, 12.18627965208493258 ) ) ;
#6973 = VERTEX_POINT ( 'NONE', #7875 ) ;
#6974 = CARTESIAN_POINT ( 'NONE',  ( 14.50417305984271366, 12.72414454693841179, -8.750000000000003553 ) ) ;
#6975 = CARTESIAN_POINT ( 'NONE',  ( -8.749999999999994671, 8.413726081778223787, 13.60124325485364416 ) ) ;
#6976 = CARTESIAN_POINT ( 'NONE',  ( -14.37792294339950949, 12.79971375492834440, 8.824400936355946357 ) ) ;
#6977 = ORIENTED_EDGE ( 'NONE', *, *, #4256, .T. ) ;
#6978 = EDGE_CURVE ( 'NONE', #7270, #6924, #6610, .T. ) ;
#6979 = AXIS2_PLACEMENT_3D ( 'NONE', #2752, #1385, #4843 ) ;
#6980 = CARTESIAN_POINT ( 'NONE',  ( 8.624445984873204907, 7.967325227471923732, -12.91246536907832798 ) ) ;
#6981 = CARTESIAN_POINT ( 'NONE',  ( 8.623067956161081682, 7.965867924842598313, 12.91289360147433563 ) ) ;
#6982 = CARTESIAN_POINT ( 'NONE',  ( 8.750000000000005329, 12.60757765759159277, 14.70169960996263470 ) ) ;
#6983 = DATE_AND_TIME ( #8312, #1452 ) ;
#6984 = AXIS2_PLACEMENT_3D ( 'NONE', #7266, #3889, #3932 ) ;
#6985 = ORIENTED_EDGE ( 'NONE', *, *, #6946, .T. ) ;
#6986 = CARTESIAN_POINT ( 'NONE',  ( 8.383832903148464410, 13.17116922684469493, 14.93774812434660859 ) ) ;
#6987 = B_SPLINE_CURVE_WITH_KNOTS ( 'NONE', 3,
 ( #2439, #7068, #8567, #561, #2618, #8440 ),
 .UNSPECIFIED., .F., .F.,
 ( 4, 2, 4 ),
 ( 2.046648943503980213E-07, 0.0004003680936299082557, 0.0008005315223654660374 ),
 .UNSPECIFIED. ) ;
#6988 = CARTESIAN_POINT ( 'NONE',  ( 8.848546614605359295, 12.93257252075677144, 15.01214076799335828 ) ) ;
#6989 = VECTOR ( 'NONE', #988, 1000.000000000000000 ) ;
#6990 = CARTESIAN_POINT ( 'NONE',  ( 12.08506439286875356, 9.824871825953922055, 12.43861778331971912 ) ) ;
#6991 = CARTESIAN_POINT ( 'NONE',  ( 8.750000000000003553, 9.831482208910699683, 13.78744750116160311 ) ) ;
#6992 = ORIENTED_EDGE ( 'NONE', *, *, #1955, .F. ) ;
#6993 = CARTESIAN_POINT ( 'NONE',  ( 8.590219130045875673, 12.97237671639956247, -14.95731987031619958 ) ) ;
#6994 = ORIENTED_EDGE ( 'NONE', *, *, #7765, .F. ) ;
#6995 = LINE ( 'NONE', #876, #2676 ) ;
#6996 = CARTESIAN_POINT ( 'NONE',  ( -8.849327263209493921, 12.93124426990612541, -15.01125074294658646 ) ) ;
#6997 = FACE_OUTER_BOUND ( 'NONE', #705, .T. ) ;
#6998 = CARTESIAN_POINT ( 'NONE',  ( 15.55634918610408413, 10.99999999999999645, -14.14213562373093680 ) ) ;
#6999 = CARTESIAN_POINT ( 'NONE',  ( -13.56807905062027508, 8.124963849328121768, -8.653152821387756433 ) ) ;
#7000 = CARTESIAN_POINT ( 'NONE',  ( 15.20279579551080751, 9.500000000000000000, -14.49568901432421519 ) ) ;
#7001 = FACE_OUTER_BOUND ( 'NONE', #3825, .T. ) ;
#7002 = ADVANCED_FACE ( 'NONE', ( #631 ), #1898, .F. ) ;
#7003 = ORIENTED_EDGE ( 'NONE', *, *, #5227, .F. ) ;
#7004 = VECTOR ( 'NONE', #671, 1000.000000000000000 ) ;
#7005 = DIRECTION ( 'NONE',  ( -0.000000000000000000, 1.000000000000000000, -0.000000000000000000 ) ) ;
#7006 = CARTESIAN_POINT ( 'NONE',  ( 8.900000000000005684, 8.500000000000007105, -13.09261806874822831 ) ) ;
#7007 = LINE ( 'NONE', #4395, #6671 ) ;
#7008 =( BOUNDED_SURFACE ( )  B_SPLINE_SURFACE ( 3, 2, ( 
 ( #1350, #6774, #41 ),
 ( #2077, #5550, #857 ),
 ( #4765, #1432, #774 ),
 ( #3458, #8185, #2800 ),
 ( #7458, #8104, #1476 ),
 ( #3548, #6690, #695 ) ),
 .UNSPECIFIED., .F., .F., .F. ) 
 B_SPLINE_SURFACE_WITH_KNOTS ( ( 4, 2, 4 ),
 ( 3, 3 ),
 ( 0.000000000000000000, 0.0008096546729410468912, 0.001619309345882093782 ),
 ( 0.000000000000000000, 1.000000000000000000 ),
 .UNSPECIFIED. ) 
 GEOMETRIC_REPRESENTATION_ITEM ( )  RATIONAL_B_SPLINE_SURFACE ( (
 ( 1.000000000000000000, 0.8677983030863948288, 1.000000000000000000),
 ( 1.000000000000000000, 0.8450278239687774029, 1.000000000000000000),
 ( 1.000000000000000000, 0.8038662686743686114, 1.000000000000000000),
 ( 1.000000000000000000, 0.7097264250289457843, 1.000000000000000000),
 ( 1.000000000000000000, 0.6552933213419793734, 1.000000000000000000),
 ( 1.000000000000000000, 0.6051264893449960214, 1.000000000000000000) ) ) 
 REPRESENTATION_ITEM ( '' )  SURFACE ( )  );
#7009 = CARTESIAN_POINT ( 'NONE',  ( 13.30369996220463946, 8.402260421650924016, -8.750000000000001776 ) ) ;
#7010 = CIRCLE ( 'NONE', #1555, 15.93329261678669617 ) ;
#7011 = DIRECTION ( 'NONE',  ( 0.5134395285208463999, 0.000000000000000000, -0.8581257778159858685 ) ) ;
#7012 = AXIS2_PLACEMENT_3D ( 'NONE', #441, #3792, #7596 ) ;
#7013 = ORIENTED_EDGE ( 'NONE', *, *, #5711, .F. ) ;
#7014 = CARTESIAN_POINT ( 'NONE',  ( -14.78329181874944354, 12.45985342043208099, -8.975003248201147699 ) ) ;
#7015 = DIRECTION ( 'NONE',  ( 0.7071067811865487940, 0.000000000000000000, -0.7071067811865463515 ) ) ;
#7016 = CARTESIAN_POINT ( 'NONE',  ( -13.09261806874823009, 8.500000000000007105, 8.749999999999998224 ) ) ;
#7017 = EDGE_CURVE ( 'NONE', #3254, #7310, #1938, .T. ) ;
#7018 = EDGE_CURVE ( 'NONE', #1653, #1967, #5492, .T. ) ;
#7019 = DIRECTION ( 'NONE',  ( 7.424522215156086179E-15, -0.9510448246105611680, 0.3090529753642038968 ) ) ;
#7020 = AXIS2_PLACEMENT_3D ( 'NONE', #6581, #1111, #1763 ) ;
#7021 = VECTOR ( 'NONE', #3984, 1000.000000000000114 ) ;
#7022 = CARTESIAN_POINT ( 'NONE',  ( 14.49568901432421164, 10.00004516124002052, 15.20279579551080928 ) ) ;
#7023 = B_SPLINE_CURVE_WITH_KNOTS ( 'NONE', 3,
 ( #2304, #7890, #1349, #1217, #2539, #1262, #5952, #8573, #7850, #4635 ),
 .UNSPECIFIED., .F., .F.,
 ( 4, 3, 3, 4 ),
 ( 0.000000000000000000, 0.0003000000099060456298, 0.001500001336867672584, 0.004212255550024610745 ),
 .UNSPECIFIED. ) ;
#7024 = CARTESIAN_POINT ( 'NONE',  ( 8.334110571071212448, 7.792253935048797153, -13.04492446933987004 ) ) ;
#7025 = B_SPLINE_CURVE_WITH_KNOTS ( 'NONE', 3,
 ( #6058, #2739, #5397, #8040, #6101, #2055, #7395, #1412, #4095, #97 ),
 .UNSPECIFIED., .F., .F.,
 ( 4, 2, 2, 2, 4 ),
 ( 0.000000000000000000, 0.0003695598187948531438, 0.0007391196375897062876, 0.001108679456384559486, 0.001478239275179412575 ),
 .UNSPECIFIED. ) ;
#7026 = ORIENTED_EDGE ( 'NONE', *, *, #1885, .F. ) ;
#7027 = DIRECTION ( 'NONE',  ( -0.3167134334325211187, -0.9485212707595883641, -0.000000000000000000 ) ) ;
#7028 = DIRECTION ( 'NONE',  ( 0.000000000000000000, 1.000000000000000000, 0.000000000000000000 ) ) ;
#7029 = TOROIDAL_SURFACE ( 'NONE', #4665, 17.19230335598365400, 0.1499999999999999944 ) ;
#7030 = CARTESIAN_POINT ( 'NONE',  ( 3.480102169636831722, 15.49999999999999467, 6.960204339273663443 ) ) ;
#7031 = EDGE_CURVE ( 'NONE', #4559, #7085, #594, .T. ) ;
#7032 = CARTESIAN_POINT ( 'NONE',  ( 0.000000000000000000, 16.49999999999999645, 0.000000000000000000 ) ) ;
#7033 = ORIENTED_EDGE ( 'NONE', *, *, #4005, .T. ) ;
#7034 = ORIENTED_EDGE ( 'NONE', *, *, #5774, .F. ) ;
#7035 = CIRCLE ( 'NONE', #3279, 10.12193181625839067 ) ;
#7036 = CARTESIAN_POINT ( 'NONE',  ( 8.750000000000005329, 12.72414454693841712, 14.50417305984271188 ) ) ;
#7037 = CARTESIAN_POINT ( 'NONE',  ( -14.20041219849642111, 12.25491767766590101, -8.823721115284746119 ) ) ;
#7038 = CARTESIAN_POINT ( 'NONE',  ( 13.73654834780745837, 7.559853420432087745, 8.073230648290531164 ) ) ;
#7039 = CARTESIAN_POINT ( 'NONE',  ( 0.000000000000000000, 11.50004516124002052, 0.000000000000000000 ) ) ;
#7040 = CARTESIAN_POINT ( 'NONE',  ( -12.19520111539721441, 10.66666589199718196, 10.78098755302407419 ) ) ;
#7041 = VERTEX_POINT ( 'NONE', #750 ) ;
#7042 = CARTESIAN_POINT ( 'NONE',  ( 8.000000000000003553, 8.500000000000001776, -21.00000000000002132 ) ) ;
#7043 = ADVANCED_FACE ( 'NONE', ( #4059, #2822 ), #4094, .F. ) ;
#7044 = ORIENTED_EDGE ( 'NONE', *, *, #833, .T. ) ;
#7045 = CARTESIAN_POINT ( 'NONE',  ( 14.76138205624058131, 12.71482775611409011, -8.725463172536967349 ) ) ;
#7046 = CARTESIAN_POINT ( 'NONE',  ( 0.000000000000000000, 7.874999999999998224, 0.000000000000000000 ) ) ;
#7047 = DIRECTION ( 'NONE',  ( 0.000000000000000000, 0.000000000000000000, 1.000000000000000000 ) ) ;
#7048 = CARTESIAN_POINT ( 'NONE',  ( -13.46309704045871669, 8.459853420432093429, -8.980199218265402905 ) ) ;
#7049 = DIRECTION ( 'NONE',  ( 0.000000000000000000, -2.018023344583492872E-16, 1.000000000000000000 ) ) ;
#7050 = VERTEX_POINT ( 'NONE', #6100 ) ;
#7051 = DIRECTION ( 'NONE',  ( -0.7071067811865481278, 0.000000000000000000, 0.7071067811865469066 ) ) ;
#7052 = ORIENTED_EDGE ( 'NONE', *, *, #4199, .F. ) ;
#7053 = CARTESIAN_POINT ( 'NONE',  ( 13.56807905062059127, 8.124963849328151966, 8.653152821387610771 ) ) ;
#7054 = EDGE_CURVE ( 'NONE', #6966, #1057, #7842, .T. ) ;
#7055 = CARTESIAN_POINT ( 'NONE',  ( -8.582305853721649669, 8.016464888795821864, 13.28298719308803122 ) ) ;
#7056 = CARTESIAN_POINT ( 'NONE',  ( -8.749999999999998224, 12.72414454693841535, -14.50417305984271366 ) ) ;
#7057 = EDGE_LOOP ( 'NONE', ( #4848, #7682, #8092, #3385 ) ) ;
#7058 = CARTESIAN_POINT ( 'NONE',  ( -8.697249031094456129, 8.071204273341736624, 12.89809729706824726 ) ) ;
#7059 = DIRECTION ( 'NONE',  ( 1.000000000000000000, 0.000000000000000000, -0.000000000000000000 ) ) ;
#7060 = CARTESIAN_POINT ( 'NONE',  ( -14.41636719170869796, 12.49999999999999289, 8.749999999999998224 ) ) ;
#7061 = ORIENTED_EDGE ( 'NONE', *, *, #3946, .T. ) ;
#7062 = DIRECTION ( 'NONE',  ( -1.084202172485505174E-16, 1.000000000000000000, 0.000000000000000000 ) ) ;
#7063 = EDGE_CURVE ( 'NONE', #2354, #7536, #468, .T. ) ;
#7064 = CARTESIAN_POINT ( 'NONE',  ( 8.750000000000003553, 8.402113164677233570, -13.05316414480244447 ) ) ;
#7065 = EDGE_CURVE ( 'NONE', #7599, #1441, #790, .T. ) ;
#7066 = VERTEX_POINT ( 'NONE', #8598 ) ;
#7067 = CARTESIAN_POINT ( 'NONE',  ( 8.729525126763020282, 8.297644232507426665, 13.02780421754198237 ) ) ;
#7068 = CARTESIAN_POINT ( 'NONE',  ( 11.23983536731839550, 11.13034285382662958, -12.65404892969145223 ) ) ;
#7069 = CYLINDRICAL_SURFACE ( 'NONE', #6133, 0.5000000000000006661 ) ;
#7070 = CYLINDRICAL_SURFACE ( 'NONE', #4609, 7.621931816258390668 ) ;
#7071 = ORIENTED_EDGE ( 'NONE', *, *, #5195, .T. ) ;
#7072 = CARTESIAN_POINT ( 'NONE',  ( 8.750000000000003553, 12.49999999999999467, -14.65974925560509590 ) ) ;
#7073 = ADVANCED_FACE ( 'NONE', ( #8039 ), #5360, .T. ) ;
#7074 = DIRECTION ( 'NONE',  ( 0.000000000000000000, 0.000000000000000000, 1.000000000000000000 ) ) ;
#7075 = DIRECTION ( 'NONE',  ( 1.000000000000000000, 0.000000000000000000, 1.224646799147353207E-16 ) ) ;
#7076 = DIRECTION ( 'NONE',  ( 1.000000000000000000, 0.000000000000000000, 0.000000000000000000 ) ) ;
#7077 = VECTOR ( 'NONE', #5008, 1000.000000000000000 ) ;
#7078 = ORIENTED_EDGE ( 'NONE', *, *, #7262, .F. ) ;
#7079 = DIRECTION ( 'NONE',  ( 0.000000000000000000, -2.168404344971010347E-16, 1.000000000000000000 ) ) ;
#7080 = CARTESIAN_POINT ( 'NONE',  ( -8.066449984402256135, 13.35985342043208668, -15.58006697086412373 ) ) ;
#7081 = CIRCLE ( 'NONE', #936, 0.2499999999999997502 ) ;
#7082 = CARTESIAN_POINT ( 'NONE',  ( -12.94327332841408840, 8.104870398530229281, -8.646962376235201475 ) ) ;
#7083 = CARTESIAN_POINT ( 'NONE',  ( 8.750000000000003553, 8.500000000000007105, 13.09261806874822653 ) ) ;
#7084 = CARTESIAN_POINT ( 'NONE',  ( 10.84659194765857748, 11.00004516124001697, 12.26080551003171237 ) ) ;
#7085 = VERTEX_POINT ( 'NONE', #5441 ) ;
#7086 = FACE_OUTER_BOUND ( 'NONE', #7771, .T. ) ;
#7087 = VECTOR ( 'NONE', #3960, 1000.000000000000000 ) ;
#7088 = ORIENTED_EDGE ( 'NONE', *, *, #3242, .F. ) ;
#7089 = FACE_OUTER_BOUND ( 'NONE', #4262, .T. ) ;
#7090 = ORIENTED_EDGE ( 'NONE', *, *, #6978, .F. ) ;
#7091 = TOROIDAL_SURFACE ( 'NONE', #6688, 13.62193181625839422, 0.4999999999999995559 ) ;
#7092 = CARTESIAN_POINT ( 'NONE',  ( 13.28137216181383451, 8.023388668473936391, -8.587850649769514177 ) ) ;
#7093 = VERTEX_POINT ( 'NONE', #8008 ) ;
#7094 = CARTESIAN_POINT ( 'NONE',  ( 8.347244453591311952, 7.828793847273429307, 13.14403170858762415 ) ) ;
#7095 = DIRECTION ( 'NONE',  ( 0.9485212707595829240, -0.3167134334325371059, 0.000000000000000000 ) ) ;
#7096 = CARTESIAN_POINT ( 'NONE',  ( 0.000000000000000000, 7.749999999999998224, 9.621931816258390668 ) ) ;
#7097 = CARTESIAN_POINT ( 'NONE',  ( 0.000000000000000000, 14.99999999999999645, 18.00000000000000000 ) ) ;
#7098 = ADVANCED_FACE ( 'NONE', ( #3432 ), #2980, .T. ) ;
#7099 = CIRCLE ( 'NONE', #7508, 15.43666455842805441 ) ;
#7100 = DIRECTION ( 'NONE',  ( -0.7071067811865483499, 0.000000000000000000, 0.7071067811865467956 ) ) ;
#7101 = CARTESIAN_POINT ( 'NONE',  ( 18.80517238994066176, 9.704922051073163303, 5.451224984231897608 ) ) ;
#7102 = VERTEX_POINT ( 'NONE', #4739 ) ;
#7103 = DIRECTION ( 'NONE',  ( -0.4653245021538046089, -0.000000000000000000, -0.8851401627399549943 ) ) ;
#7104 = DIRECTION ( 'NONE',  ( -0.4653245021537720238, 0.000000000000000000, 0.8851401627399719807 ) ) ;
#7105 = CARTESIAN_POINT ( 'NONE',  ( 8.978349813698123683, 9.791335230857583838, 13.90891547461434996 ) ) ;
#7106 = LINE ( 'NONE', #1738, #3363 ) ;
#7107 = EDGE_CURVE ( 'NONE', #6243, #4269, #7429, .T. ) ;
#7108 = EDGE_LOOP ( 'NONE', ( #5263, #3754, #3959, #8527, #5235, #3867, #2167, #979 ) ) ;
#7109 = EDGE_CURVE ( 'NONE', #5317, #2024, #3689, .T. ) ;
#7110 = CARTESIAN_POINT ( 'NONE',  ( -13.22499999999999787, 15.49999999999999467, -26.44999999999998508 ) ) ;
#7111 = FACE_OUTER_BOUND ( 'NONE', #953, .T. ) ;
#7112 = CARTESIAN_POINT ( 'NONE',  ( 8.750000000000003553, 8.500000000000007105, -13.09261806874822653 ) ) ;
#7113 = VERTEX_POINT ( 'NONE', #4176 ) ;
#7114 = CIRCLE ( 'NONE', #1672, 0.1499999999999999944 ) ;
#7115 = LINE ( 'NONE', #5210, #1377 ) ;
#7116 = EDGE_CURVE ( 'NONE', #8035, #4576, #8524, .T. ) ;
#7117 = ORIENTED_EDGE ( 'NONE', *, *, #7496, .F. ) ;
#7118 = EDGE_CURVE ( 'NONE', #3743, #1740, #7454, .T. ) ;
#7119 = CARTESIAN_POINT ( 'NONE',  ( 7.932747726257776577, 13.44014657956791581, -15.08967093049028563 ) ) ;
#7120 = CARTESIAN_POINT ( 'NONE',  ( 14.34847627377384782, 11.12483098435182072, -8.976625077510700379 ) ) ;
#7121 = AXIS2_PLACEMENT_3D ( 'NONE', #3651, #7593, #6352 ) ;
#7122 = CARTESIAN_POINT ( 'NONE',  ( -13.09261806874823009, 8.500000000000007105, -8.750000000000003553 ) ) ;
#7123 = CARTESIAN_POINT ( 'NONE',  ( -8.980199218265397576, 8.459853420432072113, -13.46309704045878242 ) ) ;
#7124 = CARTESIAN_POINT ( 'NONE',  ( 8.750000000004895639, 9.863111770944186674, 13.46263208860529481 ) ) ;
#7125 = CARTESIAN_POINT ( 'NONE',  ( -10.82529446179306021, 9.500045161240020519, -11.71914381108332037 ) ) ;
#7126 = ORIENTED_EDGE ( 'NONE', *, *, #4128, .F. ) ;
#7127 = DIRECTION ( 'NONE',  ( -0.7071067811865463515, -0.000000000000000000, -0.7071067811865487940 ) ) ;
#7128 = ORIENTED_EDGE ( 'NONE', *, *, #1806, .T. ) ;
#7129 = ADVANCED_FACE ( 'NONE', ( #20, #2146 ), #7311, .T. ) ;
#7130 = DIRECTION ( 'NONE',  ( -0.000000000000000000, -1.000000000000000000, -0.000000000000000000 ) ) ;
#7131 = CARTESIAN_POINT ( 'NONE',  ( 18.19999999999999929, 15.49999999999999289, -2.228857174448182931E-15 ) ) ;
#7132 = CARTESIAN_POINT ( 'NONE',  ( -8.749999999999998224, 8.401700249235618756, -13.05299771608830994 ) ) ;
#7133 = ORIENTED_EDGE ( 'NONE', *, *, #513, .T. ) ;
#7134 = DIRECTION ( 'NONE',  ( -0.000000000000000000, 1.000000000000000000, -0.000000000000000000 ) ) ;
#7135 = ORIENTED_EDGE ( 'NONE', *, *, #5145, .F. ) ;
#7136 = DIRECTION ( 'NONE',  ( -0.000000000000000000, -1.000000000000000000, -0.000000000000000000 ) ) ;
#7137 = CARTESIAN_POINT ( 'NONE',  ( 0.000000000000000000, 13.40000000000000036, 3.886556190601316803E-15 ) ) ;
#7138 = TOROIDAL_SURFACE ( 'NONE', #864, 15.58119224487254328, 0.1499999999999999944 ) ;
#7139 = DIRECTION ( 'NONE',  ( 0.000000000000000000, 0.000000000000000000, 1.000000000000000000 ) ) ;
#7140 = ORIENTED_EDGE ( 'NONE', *, *, #6602, .F. ) ;
#7141 = CARTESIAN_POINT ( 'NONE',  ( -15.43129108292788843, 13.23529099986045487, 8.278549492590883574 ) ) ;
#7142 = CARTESIAN_POINT ( 'NONE',  ( -8.899999999999998579, 12.49999999999999289, -14.41636719170869618 ) ) ;
#7143 = ORIENTED_EDGE ( 'NONE', *, *, #5636, .F. ) ;
#7144 = CARTESIAN_POINT ( 'NONE',  ( 8.750000000003693046, 11.06832986505242644, 14.47168223094026018 ) ) ;
#7145 = CIRCLE ( 'NONE', #1560, 15.93329261678669617 ) ;
#7146 = DIRECTION ( 'NONE',  ( 0.7071067811902390643, 1.878358579787684137E-11, -0.7071067811828559702 ) ) ;
#7147 = AXIS2_PLACEMENT_3D ( 'NONE', #2257, #301, #1040 ) ;
#7148 = ORIENTED_EDGE ( 'NONE', *, *, #8102, .T. ) ;
#7149 = ORIENTED_EDGE ( 'NONE', *, *, #8384, .F. ) ;
#7150 =( BOUNDED_SURFACE ( )  B_SPLINE_SURFACE ( 3, 2, ( 
 ( #5098, #7219, #464 ),
 ( #1242, #3929, #1156 ),
 ( #6585, #1765, #5815 ),
 ( #3270, #8433, #7791 ) ),
 .UNSPECIFIED., .F., .F., .F. ) 
 B_SPLINE_SURFACE_WITH_KNOTS ( ( 4, 4 ),
 ( 3, 3 ),
 ( 1.734723475976807094E-18, 0.004213349230782859750 ),
 ( 0.000000000000000000, 1.000000000000000000 ),
 .UNSPECIFIED. ) 
 GEOMETRIC_REPRESENTATION_ITEM ( )  RATIONAL_B_SPLINE_SURFACE ( (
 ( 1.000000000000000000, 0.8677983030863943847, 1.000000000000000000),
 ( 1.000000000000000000, 0.8709903080357515037, 1.000000000000000000),
 ( 1.000000000000000000, 0.8743696232020846670, 1.000000000000000000),
 ( 1.000000000000000000, 0.8779725897198052964, 1.000000000000000000) ) ) 
 REPRESENTATION_ITEM ( '' )  SURFACE ( )  );
#7151 = CARTESIAN_POINT ( 'NONE',  ( -14.81883984523073927, 16.49999999999999645, -29.63767969046147144 ) ) ;
#7152 = CIRCLE ( 'NONE', #2714, 1.010151393566353528 ) ;
#7153 = CIRCLE ( 'NONE', #7291, 4.999999999999985789 ) ;
#7154 = CARTESIAN_POINT ( 'NONE',  ( 0.000000000000000000, 12.39999999999999858, 10.03932046860025906 ) ) ;
#7155 = ADVANCED_FACE ( 'NONE', ( #7354 ), #3271, .T. ) ;
#7156 = CYLINDRICAL_SURFACE ( 'NONE', #5655, 0.4999999999999994449 ) ;
#7157 = ORIENTED_EDGE ( 'NONE', *, *, #7177, .T. ) ;
#7158 = DIRECTION ( 'NONE',  ( 1.000000000000000000, -0.000000000000000000, -0.000000000000000000 ) ) ;
#7159 = ORIENTED_EDGE ( 'NONE', *, *, #5751, .T. ) ;
#7160 = CIRCLE ( 'NONE', #3704, 1.500000000000001998 ) ;
#7161 = CARTESIAN_POINT ( 'NONE',  ( -10.64979063314487817, 10.00000000000000355, 12.06400419551793490 ) ) ;
#7162 = CARTESIAN_POINT ( 'NONE',  ( 14.03587582688651381, 9.730057129936898974, -8.749999999987988275 ) ) ;
#7163 = CARTESIAN_POINT ( 'NONE',  ( 0.000000000000000000, 12.39999999999999858, 0.000000000000000000 ) ) ;
#7164 = CARTESIAN_POINT ( 'NONE',  ( -13.03308700979641799, 8.021434452352306010, 8.586110897162466671 ) ) ;
#7165 = EDGE_CURVE ( 'NONE', #7831, #8404, #604, .T. ) ;
#7166 = EDGE_CURVE ( 'NONE', #4757, #6129, #6434, .T. ) ;
#7167 = AXIS2_PLACEMENT_3D ( 'NONE', #6697, #2010, #701 ) ;
#7168 = CARTESIAN_POINT ( 'NONE',  ( 8.742090727582903398, 12.76559848734478919, 14.41733140820184467 ) ) ;
#7169 = DIRECTION ( 'NONE',  ( 0.000000000000000000, 0.000000000000000000, -1.000000000000000000 ) ) ;
#7170 = VERTEX_POINT ( 'NONE', #271 ) ;
#7171 = FACE_OUTER_BOUND ( 'NONE', #7185, .T. ) ;
#7172 = ORIENTED_EDGE ( 'NONE', *, *, #2865, .T. ) ;
#7173 = DIRECTION ( 'NONE',  ( 0.000000000000000000, 0.000000000000000000, 1.000000000000000000 ) ) ;
#7174 = CARTESIAN_POINT ( 'NONE',  ( 0.000000000000000000, 16.49999999999999645, 0.000000000000000000 ) ) ;
#7175 = CARTESIAN_POINT ( 'NONE',  ( -14.29338720761957759, 12.54014657956791012, -8.824077831548116535 ) ) ;
#7176 = CARTESIAN_POINT ( 'NONE',  ( 13.38501479023446805, 7.833232447629810302, -8.355962512790515717 ) ) ;
#7177 = EDGE_CURVE ( 'NONE', #8424, #1384, #7515, .T. ) ;
#7178 = DIRECTION ( 'NONE',  ( 1.224646799147353454E-16, 0.000000000000000000, -1.000000000000000000 ) ) ;
#7179 = ORIENTED_EDGE ( 'NONE', *, *, #7670, .T. ) ;
#7180 = CARTESIAN_POINT ( 'NONE',  ( 12.32163038163416502, 11.02926921299134833, 12.67518377211959724 ) ) ;
#7181 = ORIENTED_EDGE ( 'NONE', *, *, #6663, .T. ) ;
#7182 = CARTESIAN_POINT ( 'NONE',  ( 0.000000000000000000, 16.49999999999999645, -19.19999999999999929 ) ) ;
#7183 = PLANE ( 'NONE',  #5748 ) ;
#7184 = CARTESIAN_POINT ( 'NONE',  ( -1.927015062713375835E-15, 13.25000000000000178, 0.000000000000000000 ) ) ;
#7185 = EDGE_LOOP ( 'NONE', ( #7895, #5679, #6040, #3710 ) ) ;
#7186 = CARTESIAN_POINT ( 'NONE',  ( 7.999999999999998224, 13.25000000000000178, 15.45172114225276339 ) ) ;
#7187 = CARTESIAN_POINT ( 'NONE',  ( 0.000000000000000000, 7.749999999999998224, 0.000000000000000000 ) ) ;
#7188 = CARTESIAN_POINT ( 'NONE',  ( 12.97221855253982525, 7.802332139189676496, 8.450628840194259084 ) ) ;
#7189 = CARTESIAN_POINT ( 'NONE',  ( 8.976625077504365890, 11.12483098435397011, 14.34847627377838286 ) ) ;
#7190 = CARTESIAN_POINT ( 'NONE',  ( -8.302588189447583034, 13.33638284859455858, -15.44865512250254369 ) ) ;
#7191 = ORIENTED_EDGE ( 'NONE', *, *, #1644, .F. ) ;
#7192 = ORIENTED_EDGE ( 'NONE', *, *, #7209, .F. ) ;
#7193 = DIRECTION ( 'NONE',  ( 0.000000000000000000, 0.000000000000000000, 1.000000000000000000 ) ) ;
#7194 = CARTESIAN_POINT ( 'NONE',  ( 0.000000000000000000, 7.749999999999998224, 0.000000000000000000 ) ) ;
#7195 = CARTESIAN_POINT ( 'NONE',  ( 8.645449072876960628, 8.103838748557215865, -13.01813923478694690 ) ) ;
#7196 = CARTESIAN_POINT ( 'NONE',  ( -8.824238860517828797, 12.66955441072180477, 14.33553273365746428 ) ) ;
#7197 = VERTEX_POINT ( 'NONE', #2276 ) ;
#7198 = CIRCLE ( 'NONE', #7760, 14.12193181625839244 ) ;
#7199 = ORIENTED_EDGE ( 'NONE', *, *, #4128, .T. ) ;
#7200 = ADVANCED_FACE ( 'NONE', ( #3571 ), #4339, .F. ) ;
#7201 = FACE_OUTER_BOUND ( 'NONE', #7876, .T. ) ;
#7202 = AXIS2_PLACEMENT_3D ( 'NONE', #6055, #58, #5395 ) ;
#7203 = DIRECTION ( 'NONE',  ( 0.000000000000000000, 0.000000000000000000, 1.000000000000000000 ) ) ;
#7204 = CARTESIAN_POINT ( 'NONE',  ( -10.63769571983496753, 9.743641844683599729, -11.97995059178971289 ) ) ;
#7205 = ORIENTED_EDGE ( 'NONE', *, *, #6169, .F. ) ;
#7206 = DIRECTION ( 'NONE',  ( -0.6813100476940174843, 0.2676438637860937275, -0.6813100476940190386 ) ) ;
#7207 = ORIENTED_EDGE ( 'NONE', *, *, #6099, .F. ) ;
#7208 = CARTESIAN_POINT ( 'NONE',  ( 15.36934701912521284, 7.733043175093841981, 7.965647121392843033 ) ) ;
#7209 = EDGE_CURVE ( 'NONE', #1666, #4049, #7145, .T. ) ;
#7210 = AXIS2_PLACEMENT_3D ( 'NONE', #7022, #1028, #4825 ) ;
#7211 = DIRECTION ( 'NONE',  ( 0.000000000000000000, 0.000000000000000000, -1.000000000000000000 ) ) ;
#7212 = EDGE_CURVE ( 'NONE', #3074, #5619, #67, .T. ) ;
#7213 = CARTESIAN_POINT ( 'NONE',  ( -13.53979913321724204, 9.831370049224368302, -8.750000000000001776 ) ) ;
#7214 = CARTESIAN_POINT ( 'NONE',  ( -8.729525126762933240, 8.297644232507241924, -13.02780421754209428 ) ) ;
#7215 = EDGE_LOOP ( 'NONE', ( #1415, #2493, #3565, #4108 ) ) ;
#7216 = CARTESIAN_POINT ( 'NONE',  ( 8.750000000000003553, 8.500000000000007105, 13.09261806874822653 ) ) ;
#7217 = ORIENTED_EDGE ( 'NONE', *, *, #3831, .F. ) ;
#7218 = CIRCLE ( 'NONE', #1371, 15.43666455842805441 ) ;
#7219 = CARTESIAN_POINT ( 'NONE',  ( -8.749999999999998224, 12.52665513958391408, 14.33471518854418392 ) ) ;
#7220 = CARTESIAN_POINT ( 'NONE',  ( 15.20279579551080751, 11.50000000000000000, -14.49568901432421519 ) ) ;
#7221 = EDGE_CURVE ( 'NONE', #2575, #4393, #4792, .T. ) ;
#7222 = CARTESIAN_POINT ( 'NONE',  ( 14.65974925560509590, 12.49999999999999289, 8.749999999999998224 ) ) ;
#7223 = CIRCLE ( 'NONE', #2504, 0.1499999999999997724 ) ;
#7224 = DIRECTION ( 'NONE',  ( 0.6813100476940172623, -0.2676438637860938941, 0.6813100476940192607 ) ) ;
#7225 = ORIENTED_EDGE ( 'NONE', *, *, #7744, .F. ) ;
#7226 = DIRECTION ( 'NONE',  ( 0.1892527910123339707, 0.9635179096299398838, 0.1892527910399021962 ) ) ;
#7227 = FACE_OUTER_BOUND ( 'NONE', #1940, .T. ) ;
#7228 = DIRECTION ( 'NONE',  ( -0.7071067811865483499, 0.000000000000000000, 0.7071067811865466846 ) ) ;
#7229 = CARTESIAN_POINT ( 'NONE',  ( 8.819018948782007428, 8.729803938266964991, 13.03657409507485099 ) ) ;
#7230 = CIRCLE ( 'NONE', #2205, 6.871931816258391557 ) ;
#7231 = CARTESIAN_POINT ( 'NONE',  ( -8.516678620633420849, 13.24970629405528655, -15.30412257270832121 ) ) ;
#7232 = EDGE_CURVE ( 'NONE', #1790, #1812, #488, .T. ) ;
#7233 = VECTOR ( 'NONE', #6031, 1000.000000000000000 ) ;
#7234 = CARTESIAN_POINT ( 'NONE',  ( -13.22499999999999964, 16.51447992314274771, 0.000000000000000000 ) ) ;
#7235 = FACE_OUTER_BOUND ( 'NONE', #4281, .T. ) ;
#7236 = DIRECTION ( 'NONE',  ( 1.000000000000000000, 0.000000000000000000, 0.000000000000000000 ) ) ;
#7237 = VERTEX_POINT ( 'NONE', #1186 ) ;
#7238 = CARTESIAN_POINT ( 'NONE',  ( -8.749999999999996447, 9.863111770941204171, -13.46263208861408600 ) ) ;
#7239 = ORIENTED_EDGE ( 'NONE', *, *, #7911, .T. ) ;
#7240 = ORIENTED_EDGE ( 'NONE', *, *, #5586, .T. ) ;
#7241 = EDGE_CURVE ( 'NONE', #6268, #2336, #2679, .T. ) ;
#7242 = DIRECTION ( 'NONE',  ( 0.000000000000000000, 0.000000000000000000, -1.000000000000000000 ) ) ;
#7243 = DIRECTION ( 'NONE',  ( 0.7071067811865484609, 0.000000000000000000, -0.7071067811865465735 ) ) ;
#7244 = CARTESIAN_POINT ( 'NONE',  ( -13.01513069778187237, 7.867121650335222149, 8.417646562576466707 ) ) ;
#7245 = FACE_OUTER_BOUND ( 'NONE', #3224, .T. ) ;
#7246 = AXIS2_PLACEMENT_3D ( 'NONE', #3672, #7019, #290 ) ;
#7247 = CARTESIAN_POINT ( 'NONE',  ( 8.824077831548118311, 12.54014657956788703, 14.29338720761963621 ) ) ;
#7248 = CARTESIAN_POINT ( 'NONE',  ( -10.92159357766416861, 9.500045161240020519, -11.62870035885075204 ) ) ;
#7249 = ORIENTED_EDGE ( 'NONE', *, *, #2645, .T. ) ;
#7250 = DIRECTION ( 'NONE',  ( 0.000000000000000000, 0.000000000000000000, 1.000000000000000000 ) ) ;
#7251 = CARTESIAN_POINT ( 'NONE',  ( 8.750000000000003553, 12.49999999999999467, -21.00000000000002132 ) ) ;
#7252 = ORIENTED_EDGE ( 'NONE', *, *, #8396, .F. ) ;
#7253 = DIRECTION ( 'NONE',  ( -0.6813100476940172623, 0.2676438637860938941, -0.6813100476940192607 ) ) ;
#7254 = AXIS2_PLACEMENT_3D ( 'NONE', #8131, #1338, #2151 ) ;
#7255 = CARTESIAN_POINT ( 'NONE',  ( -13.61194688593825042, 7.750000000000001776, 7.999999999999992895 ) ) ;
#7256 = CARTESIAN_POINT ( 'NONE',  ( -14.41636719170869618, 12.49999999999999467, -8.750000000000001776 ) ) ;
#7257 = CARTESIAN_POINT ( 'NONE',  ( -8.645115147375587838, 8.103276485728930112, -13.01818372554173209 ) ) ;
#7258 = DIRECTION ( 'NONE',  ( 0.6813100476940172623, -0.2676438637860938941, 0.6813100476940191497 ) ) ;
#7259 = EDGE_LOOP ( 'NONE', ( #2651, #220, #6311, #4844 ) ) ;
#7260 = DIRECTION ( 'NONE',  ( 1.000000000000000000, -0.000000000000000000, -0.000000000000000000 ) ) ;
#7261 = ORIENTED_EDGE ( 'NONE', *, *, #5571, .T. ) ;
#7262 = EDGE_CURVE ( 'NONE', #299, #4822, #5800, .T. ) ;
#7263 = CARTESIAN_POINT ( 'NONE',  ( -14.82325153663397010, 13.22522082679432032, -8.301671051121630285 ) ) ;
#7264 = ORIENTED_EDGE ( 'NONE', *, *, #7321, .T. ) ;
#7265 = CARTESIAN_POINT ( 'NONE',  ( 12.43164150781002952, 10.00004516124002407, 11.01742794543697457 ) ) ;
#7266 = CARTESIAN_POINT ( 'NONE',  ( 8.900000000000005684, 12.49999999999999289, -14.41636719170869263 ) ) ;
#7267 = CARTESIAN_POINT ( 'NONE',  ( -14.81883984523073394, 16.49999999999999645, 29.63767969046147854 ) ) ;
#7268 = B_SPLINE_CURVE_WITH_KNOTS ( 'NONE', 3,
 ( #2243, #8350, #334, #3053, #6238, #7530 ),
 .UNSPECIFIED., .F., .F.,
 ( 4, 2, 4 ),
 ( 2.046648943503980478E-07, 0.0004003680936299097736, 0.0008005315223654690731 ),
 .UNSPECIFIED. ) ;
#7269 = DIRECTION ( 'NONE',  ( 0.7071067811865486830, 0.000000000000000000, -0.7071067811865462405 ) ) ;
#7270 = VERTEX_POINT ( 'NONE', #6523 ) ;
#7271 = CARTESIAN_POINT ( 'NONE',  ( -11.31460838340247399, 11.50000000000000000, 12.02171516458897749 ) ) ;
#7272 = EDGE_CURVE ( 'NONE', #151, #2607, #6328, .T. ) ;
#7273 = ADVANCED_FACE ( 'NONE', ( #6395 ), #4159, .T. ) ;
#7274 = CARTESIAN_POINT ( 'NONE',  ( 8.746115887068233619, 12.64399625812328054, -14.37528664517021326 ) ) ;
#7275 = CARTESIAN_POINT ( 'NONE',  ( 0.000000000000000000, 15.49999999999999289, 0.000000000000000000 ) ) ;
#7276 = CARTESIAN_POINT ( 'NONE',  ( 8.824077831548118311, 12.54014657956791012, 14.29338720761957404 ) ) ;
#7277 = CARTESIAN_POINT ( 'NONE',  ( 13.09261806874822653, 8.500000000000007105, -8.750000000000001776 ) ) ;
#7278 = CARTESIAN_POINT ( 'NONE',  ( 15.45357792695950039, 13.35985336748860774, 8.310759131661370702 ) ) ;
#7279 = AXIS2_PLACEMENT_3D ( 'NONE', #971, #3624, #4225 ) ;
#7280 =( BOUNDED_SURFACE ( )  B_SPLINE_SURFACE ( 3, 2, ( 
 ( #150, #8017, #1951 ),
 ( #73, #6766, #5372 ),
 ( #2026, #4107, #4709 ),
 ( #6720, #720, #763 ),
 ( #8609, #5988, #107 ),
 ( #3446, #2789, #5454 ),
 ( #8094, #7274, #2110 ),
 ( #7447, #1466, #1302 ) ),
 .UNSPECIFIED., .F., .F., .F. ) 
 B_SPLINE_SURFACE_WITH_KNOTS ( ( 4, 2, 2, 4 ),
 ( 3, 3 ),
 ( 0.000000000000000000, 0.0008074505961729767922, 0.001211175894259465188, 0.001614901192345953584 ),
 ( 0.000000000000000000, 1.000000000000000000 ),
 .UNSPECIFIED. ) 
 GEOMETRIC_REPRESENTATION_ITEM ( )  RATIONAL_B_SPLINE_SURFACE ( (
 ( 1.000000000000000000, 0.6051264893449604942, 1.000000000000000000),
 ( 1.000000000000000000, 0.6550048280230756914, 1.000000000000000000),
 ( 1.000000000000000000, 0.7092397592861103828, 1.000000000000000000),
 ( 1.000000000000000000, 0.7804418821292874453, 1.000000000000000000),
 ( 1.000000000000000000, 0.8021789468599976880, 1.000000000000000000),
 ( 1.000000000000000000, 0.8402471071840754702, 1.000000000000000000),
 ( 1.000000000000000000, 0.8564372837794987925, 1.000000000000000000),
 ( 1.000000000000000000, 0.8677983030863948288, 1.000000000000000000) ) ) 
 REPRESENTATION_ITEM ( '' )  SURFACE ( )  );
#7281 = DIRECTION ( 'NONE',  ( 0.000000000000000000, 0.000000000000000000, 1.000000000000000000 ) ) ;
#7282 = CYLINDRICAL_SURFACE ( 'NONE', #4382, 0.5000000000000006661 ) ;
#7283 = ADVANCED_FACE ( 'NONE', ( #5260 ), #5046, .T. ) ;
#7284 = AXIS2_PLACEMENT_3D ( 'NONE', #4075, #5462, #2720 ) ;
#7285 = CIRCLE ( 'NONE', #4503, 16.47223476701111977 ) ;
#7286 = CARTESIAN_POINT ( 'NONE',  ( 13.67294449436311332, 7.559853420432084192, -8.181452182643702997 ) ) ;
#7287 = VERTEX_POINT ( 'NONE', #8458 ) ;
#7288 = CARTESIAN_POINT ( 'NONE',  ( -8.749999999999998224, 12.49999999999997335, -14.41636719170876191 ) ) ;
#7289 = ORIENTED_EDGE ( 'NONE', *, *, #3190, .F. ) ;
#7290 = AXIS2_PLACEMENT_3D ( 'NONE', #8417, #3914, #579 ) ;
#7291 = AXIS2_PLACEMENT_3D ( 'NONE', #6772, #2000, #1348 ) ;
#7292 = CARTESIAN_POINT ( 'NONE',  ( -13.34286252986123600, 8.500000000000007105, 8.749999999999998224 ) ) ;
#7293 = DIRECTION ( 'NONE',  ( -0.7071067811828570804, 0.000000000000000000, -0.7071067811902380651 ) ) ;
#7294 = DIRECTION ( 'NONE',  ( -3.682239332094710262E-15, -0.9479564653330670998, -0.3183999683310876350 ) ) ;
#7295 = ORIENTED_EDGE ( 'NONE', *, *, #7376, .F. ) ;
#7296 = EDGE_CURVE ( 'NONE', #1115, #6190, #1150, .T. ) ;
#7297 = CARTESIAN_POINT ( 'NONE',  ( -8.946758881100961958, 12.71157885175985314, 14.88223505255086287 ) ) ;
#7298 = LINE ( 'NONE', #1887, #889 ) ;
#7299 = EDGE_LOOP ( 'NONE', ( #3783, #6388, #713, #8557 ) ) ;
#7300 = VERTEX_POINT ( 'NONE', #5174 ) ;
#7301 = AXIS2_PLACEMENT_3D ( 'NONE', #6908, #2855, #8193 ) ;
#7302 = VECTOR ( 'NONE', #7481, 1000.000000000000000 ) ;
#7303 = DIRECTION ( 'NONE',  ( -0.000000000000000000, -0.000000000000000000, 1.000000000000000000 ) ) ;
#7304 = ORIENTED_EDGE ( 'NONE', *, *, #4033, .T. ) ;
#7305 = CARTESIAN_POINT ( 'NONE',  ( -8.285569237189712055, 7.793458914386883762, -13.68573368271271917 ) ) ;
#7306 = CARTESIAN_POINT ( 'NONE',  ( 14.41636719170869263, 12.49999999999999467, -8.750000000000001776 ) ) ;
#7307 = DIRECTION ( 'NONE',  ( -0.000000000000000000, -1.000000000000000000, -0.000000000000000000 ) ) ;
#7308 = AXIS2_PLACEMENT_3D ( 'NONE', #5616, #4958, #7049 ) ;
#7309 = CARTESIAN_POINT ( 'NONE',  ( -13.01708323365587994, 7.740398399099406745, -8.349861332235834155 ) ) ;
#7310 = VERTEX_POINT ( 'NONE', #3124 ) ;
#7311 = PLANE ( 'NONE',  #4103 ) ;
#7312 = ORIENTED_EDGE ( 'NONE', *, *, #6075, .F. ) ;
#7313 = ORIENTED_EDGE ( 'NONE', *, *, #8058, .F. ) ;
#7314 = B_SPLINE_CURVE_WITH_KNOTS ( 'NONE', 3,
 ( #5022, #1689, #3736, #6381, #6502, #4444 ),
 .UNSPECIFIED., .F., .F.,
 ( 4, 2, 4 ),
 ( 2.046654927640427482E-07, 0.0004004329038960733776, 0.0008006611422993827097 ),
 .UNSPECIFIED. ) ;
#7315 = CARTESIAN_POINT ( 'NONE',  ( -14.29338720761957759, 12.54014657956790657, -8.824077831548114759 ) ) ;
#7316 = ORIENTED_EDGE ( 'NONE', *, *, #2525, .T. ) ;
#7317 = ORIENTED_EDGE ( 'NONE', *, *, #2744, .F. ) ;
#7318 = AXIS2_PLACEMENT_3D ( 'NONE', #3864, #5787, #5251 ) ;
#7319 = DIRECTION ( 'NONE',  ( 0.000000000000000000, 0.000000000000000000, 1.000000000000000000 ) ) ;
#7320 = CARTESIAN_POINT ( 'NONE',  ( -13.22499999999999076, 15.49999999999999467, 26.44999999999999218 ) ) ;
#7321 = EDGE_CURVE ( 'NONE', #1392, #308, #7557, .T. ) ;
#7322 = CARTESIAN_POINT ( 'NONE',  ( 4.744118203099790598, 9.704922051056698251, 19.51227917106626109 ) ) ;
#7323 = DIRECTION ( 'NONE',  ( 0.000000000000000000, 0.000000000000000000, 1.000000000000000000 ) ) ;
#7324 = CARTESIAN_POINT ( 'NONE',  ( -14.95700454175144500, 12.97212972406293119, 8.590543591307897131 ) ) ;
#7325 = CARTESIAN_POINT ( 'NONE',  ( 3.480102169636833498, 15.49999999999999467, -6.960204339273663443 ) ) ;
#7326 = VERTEX_POINT ( 'NONE', #1886 ) ;
#7327 = CARTESIAN_POINT ( 'NONE',  ( 0.000000000000000000, 13.35985342043208846, 17.54440372789780156 ) ) ;
#7328 = LINE ( 'NONE', #2114, #7233 ) ;
#7329 = ORIENTED_EDGE ( 'NONE', *, *, #263, .T. ) ;
#7330 = EDGE_CURVE ( 'NONE', #7310, #7575, #3265, .T. ) ;
#7331 = B_SPLINE_CURVE_WITH_KNOTS ( 'NONE', 3,
 ( #8235, #6991, #4327, #2985 ),
 .UNSPECIFIED., .F., .F.,
 ( 4, 4 ),
 ( 0.000000000000000000, 0.004211198243782912458 ),
 .UNSPECIFIED. ) ;
#7332 = ADVANCED_FACE ( 'NONE', ( #3252 ), #4064, .T. ) ;
#7333 = CARTESIAN_POINT ( 'NONE',  ( -14.01341672884576894, 11.68049656659817970, 8.823007753824077426 ) ) ;
#7334 = CARTESIAN_POINT ( 'NONE',  ( -11.81892733079987856, 9.555230774635148805, 10.73864620554946292 ) ) ;
#7335 = DIRECTION ( 'NONE',  ( 0.000000000000000000, 0.000000000000000000, 1.000000000000000000 ) ) ;
#7336 = EDGE_LOOP ( 'NONE', ( #4389, #4818, #4948, #7647 ) ) ;
#7337 = CARTESIAN_POINT ( 'NONE',  ( 8.749999999990393462, 9.730057129891962475, -14.03587582702169634 ) ) ;
#7338 = DIRECTION ( 'NONE',  ( 0.8581257778159808725, 0.000000000000000000, 0.5134395285208549486 ) ) ;
#7339 = B_SPLINE_CURVE_WITH_KNOTS ( 'NONE', 3,
 ( #1585, #8171, #3045, #4267, #5578, #5049, #326, #2374, #890, #7523 ),
 .UNSPECIFIED., .F., .F.,
 ( 4, 3, 3, 4 ),
 ( 0.000000000000000000, 0.0003000000099060451419, 0.001500001336867672584, 0.004212255550024614215 ),
 .UNSPECIFIED. ) ;
#7340 = ORIENTED_EDGE ( 'NONE', *, *, #3435, .T. ) ;
#7341 = EDGE_CURVE ( 'NONE', #3678, #7300, #3828, .T. ) ;
#7342 = CARTESIAN_POINT ( 'NONE',  ( 0.000000000000000000, 15.49999999999999645, 0.000000000000000000 ) ) ;
#7343 = CARTESIAN_POINT ( 'NONE',  ( -8.310759131661441756, 13.35985336748863439, 15.45357792695947197 ) ) ;
#7344 = DIRECTION ( 'NONE',  ( -0.000000000000000000, -0.000000000000000000, 1.000000000000000000 ) ) ;
#7345 = VERTEX_POINT ( 'NONE', #1965 ) ;
#7346 = FACE_OUTER_BOUND ( 'NONE', #1484, .T. ) ;
#7347 = PLANE ( 'NONE',  #4617 ) ;
#7348 = EDGE_LOOP ( 'NONE', ( #1110, #5627, #5758, #2636 ) ) ;
#7349 = DIRECTION ( 'NONE',  ( 0.000000000000000000, 0.7977033301239581098, 0.6030500784422031524 ) ) ;
#7350 = CARTESIAN_POINT ( 'NONE',  ( -1.943278095300658796E-15, 13.40000000000000213, 0.000000000000000000 ) ) ;
#7351 = EDGE_CURVE ( 'NONE', #273, #3354, #1709, .T. ) ;
#7352 = CARTESIAN_POINT ( 'NONE',  ( -15.17548134314706232, 13.17098366760219008, -8.384224159618117511 ) ) ;
#7353 = B_SPLINE_CURVE_WITH_KNOTS ( 'NONE', 3,
 ( #85, #2762, #6732, #1519, #6170, #7499 ),
 .UNSPECIFIED., .F., .F.,
 ( 4, 2, 4 ),
 ( 0.0007962374759647371193, 0.001195763543556047255, 0.001595289611147357499 ),
 .UNSPECIFIED. ) ;
#7354 = FACE_OUTER_BOUND ( 'NONE', #2157, .T. ) ;
#7355 = ORIENTED_EDGE ( 'NONE', *, *, #1194, .F. ) ;
#7356 = CARTESIAN_POINT ( 'NONE',  ( -21.00000000000002132, 8.500000000000007105, -8.750000000000001776 ) ) ;
#7357 = CIRCLE ( 'NONE', #3042, 0.5000000000000004441 ) ;
#7358 = CARTESIAN_POINT ( 'NONE',  ( 12.34751477156294008, 9.743650596576490130, 11.00525416518357602 ) ) ;
#7359 = DIRECTION ( 'NONE',  ( 0.6813100476940172623, -0.2676438637860939496, 0.6813100476940193717 ) ) ;
#7360 = CIRCLE ( 'NONE', #2187, 0.1499999999999996059 ) ;
#7361 = CARTESIAN_POINT ( 'NONE',  ( 8.750000000000003553, 8.500000000000007105, -21.00000000000002132 ) ) ;
#7362 = FACE_OUTER_BOUND ( 'NONE', #8518, .T. ) ;
#7363 = DIRECTION ( 'NONE',  ( 0.000000000000000000, 0.000000000000000000, -1.000000000000000000 ) ) ;
#7364 = DIRECTION ( 'NONE',  ( 0.000000000000000000, 0.000000000000000000, 1.000000000000000000 ) ) ;
#7365 = VERTEX_POINT ( 'NONE', #4816 ) ;
#7366 = CARTESIAN_POINT ( 'NONE',  ( -14.92852743426327145, 12.50814509075973469, -8.761024880886838062 ) ) ;
#7367 = ADVANCED_FACE ( 'NONE', ( #735 ), #778, .T. ) ;
#7368 = CARTESIAN_POINT ( 'NONE',  ( -11.28870837891545520, 9.500045161240020519, -11.99581516010203863 ) ) ;
#7369 = CYLINDRICAL_SURFACE ( 'NONE', #6979, 0.4999999999999994449 ) ;
#7370 = AXIS2_PLACEMENT_3D ( 'NONE', #4289, #912, #3028 ) ;
#7371 = CARTESIAN_POINT ( 'NONE',  ( 15.28794578648286517, 13.11806047648835971, 8.471124440134284228 ) ) ;
#7372 = CARTESIAN_POINT ( 'NONE',  ( -13.19504132681569253, 9.204027547351447680, 8.819688323532366425 ) ) ;
#7373 = CARTESIAN_POINT ( 'NONE',  ( 11.28869950432085290, 9.500000000000000000, -11.99580628550735639 ) ) ;
#7374 = CIRCLE ( 'NONE', #3632, 37.50000000000000711 ) ;
#7375 = CALENDAR_DATE ( 2022, 31, 3 ) ;
#7376 = EDGE_CURVE ( 'NONE', #2586, #7953, #7381, .T. ) ;
#7377 = CARTESIAN_POINT ( 'NONE',  ( 2.228857174448182931E-15, 16.49999999999999645, 18.19999999999999929 ) ) ;
#7378 = VECTOR ( 'NONE', #7748, 1000.000000000000000 ) ;
#7379 = CARTESIAN_POINT ( 'NONE',  ( 7.999999999999998224, 7.750000000000001776, 13.37062271443167560 ) ) ;
#7380 = CARTESIAN_POINT ( 'NONE',  ( 15.20279579551075955, 10.00004516124002052, 14.49568901432426316 ) ) ;
#7381 = LINE ( 'NONE', #6005, #875 ) ;
#7382 = FACE_OUTER_BOUND ( 'NONE', #2734, .T. ) ;
#7383 = ORIENTED_EDGE ( 'NONE', *, *, #6213, .F. ) ;
#7384 = ADVANCED_FACE ( 'NONE', ( #1399 ), #7551, .T. ) ;
#7385 = CARTESIAN_POINT ( 'NONE',  ( 10.84658306055590771, 10.99999999999999645, -12.26079662292896089 ) ) ;
#7386 = ORIENTED_EDGE ( 'NONE', *, *, #4186, .T. ) ;
#7387 = EDGE_CURVE ( 'NONE', #1720, #5222, #7761, .T. ) ;
#7388 = CARTESIAN_POINT ( 'NONE',  ( 13.11088746261579807, 10.54751025819986054, 11.69667390012107511 ) ) ;
#7389 = VERTEX_POINT ( 'NONE', #1482 ) ;
#7390 = CARTESIAN_POINT ( 'NONE',  ( 15.22955656666980850, 13.18701989444667255, -8.613724413191848228 ) ) ;
#7391 = DIRECTION ( 'NONE',  ( 0.7071067811865484609, 0.000000000000000000, -0.7071067811865465735 ) ) ;
#7392 = CARTESIAN_POINT ( 'NONE',  ( 15.43129108292792750, 13.23529099986045843, -8.278549492590819625 ) ) ;
#7393 = CARTESIAN_POINT ( 'NONE',  ( -7.999999999999991118, 7.750000000000001776, 13.61194688593825042 ) ) ;
#7394 = CARTESIAN_POINT ( 'NONE',  ( 8.053710487957769004, 13.44014657956791758, -15.02607994316804962 ) ) ;
#7395 = CARTESIAN_POINT ( 'NONE',  ( -12.89808126023959822, 8.071705168216849913, 8.697521184109675119 ) ) ;
#7396 = ORIENTED_EDGE ( 'NONE', *, *, #2915, .F. ) ;
#7397 = ORIENTED_EDGE ( 'NONE', *, *, #3900, .F. ) ;
#7398 = EDGE_CURVE ( 'NONE', #3201, #2354, #6198, .T. ) ;
#7399 = CARTESIAN_POINT ( 'NONE',  ( 0.000000000000000000, 7.874999999999998224, 0.000000000000000000 ) ) ;
#7400 = CIRCLE ( 'NONE', #8490, 0.1499999999999997724 ) ;
#7401 = ORIENTED_EDGE ( 'NONE', *, *, #3928, .T. ) ;
#7402 = CARTESIAN_POINT ( 'NONE',  ( -12.62841106462136587, 11.00004516124001697, -11.21419750224831269 ) ) ;
#7403 = CIRCLE ( 'NONE', #8496, 10.03932046860025906 ) ;
#7404 = CARTESIAN_POINT ( 'NONE',  ( 14.03587582702920145, 9.730057129889312151, 8.749999999986785681 ) ) ;
#7405 = VERTEX_POINT ( 'NONE', #1606 ) ;
#7406 = CARTESIAN_POINT ( 'NONE',  ( -14.82534076280189872, 12.58895698862652601, 8.974846352959731988 ) ) ;
#7407 = CARTESIAN_POINT ( 'NONE',  ( -13.37062271443167738, 7.750000000000001776, -7.999999999999996447 ) ) ;
#7408 = MANIFOLD_SOLID_BREP ( 'Revolución5', #3050 ) ;
#7409 = CARTESIAN_POINT ( 'NONE',  ( -14.90684508345313830, 12.41970336326914470, -8.750000000000000000 ) ) ;
#7410 = DIRECTION ( 'NONE',  ( -0.8621286684545778067, 0.000000000000000000, 0.5066894108117285800 ) ) ;
#7411 = CARTESIAN_POINT ( 'NONE',  ( 2.351321854362917684E-15, 15.49999999999999645, 19.19999999999999929 ) ) ;
#7412 = ORIENTED_EDGE ( 'NONE', *, *, #6591, .F. ) ;
#7413 = DIRECTION ( 'NONE',  ( 0.000000000000000000, 0.000000000000000000, -1.000000000000000000 ) ) ;
#7414 = CARTESIAN_POINT ( 'NONE',  ( 13.09261806874822653, 8.500000000000007105, -8.900000000000003908 ) ) ;
#7415 = CARTESIAN_POINT ( 'NONE',  ( -14.22591835433974339, 11.16497763736582094, -8.750000000000001776 ) ) ;
#7416 = ORIENTED_EDGE ( 'NONE', *, *, #8313, .T. ) ;
#7417 = ORIENTED_EDGE ( 'NONE', *, *, #6391, .F. ) ;
#7418 = EDGE_CURVE ( 'NONE', #6216, #3442, #8279, .T. ) ;
#7419 = CARTESIAN_POINT ( 'NONE',  ( 8.646012978303007301, 8.104838885399956894, 13.26767398142759724 ) ) ;
#7420 = AXIS2_PLACEMENT_3D ( 'NONE', #5408, #8016, #7483 ) ;
#7421 = DIRECTION ( 'NONE',  ( -0.6813100476940172623, 0.2676438637860938941, -0.6813100476940191497 ) ) ;
#7422 = AXIS2_PLACEMENT_3D ( 'NONE', #8149, #164, #3462 ) ;
#7423 = CARTESIAN_POINT ( 'NONE',  ( -8.647049310778863074, 12.89208588240139264, 14.88614673452795323 ) ) ;
#7424 = CARTESIAN_POINT ( 'NONE',  ( 0.000000000000000000, 7.559853420432087745, 0.000000000000000000 ) ) ;
#7425 = ORIENTED_EDGE ( 'NONE', *, *, #4410, .F. ) ;
#7426 = CARTESIAN_POINT ( 'NONE',  ( 8.648157251820533631, 8.108845755606996164, -13.26756979557912608 ) ) ;
#7427 = CARTESIAN_POINT ( 'NONE',  ( 13.28280534543351621, 8.017110206000818806, -8.582864541850725004 ) ) ;
#7428 = ORIENTED_EDGE ( 'NONE', *, *, #2754, .T. ) ;
#7429 = CIRCLE ( 'NONE', #38, 0.1499999999999988842 ) ;
#7430 = CARTESIAN_POINT ( 'NONE',  ( 4.201174670048177644E-15, 15.49999999999999289, 0.000000000000000000 ) ) ;
#7431 = TOROIDAL_SURFACE ( 'NONE', #4240, 14.73991435042947806, 1.000000000000000444 ) ;
#7432 = CARTESIAN_POINT ( 'NONE',  ( 14.96308990633831293, 12.60804184664992533, -8.756299999248943422 ) ) ;
#7433 = EDGE_CURVE ( 'NONE', #4640, #5090, #2001, .T. ) ;
#7434 = CARTESIAN_POINT ( 'NONE',  ( -8.749999999999998224, 8.401861272666145908, 13.30354002960496018 ) ) ;
#7435 = EDGE_CURVE ( 'NONE', #6567, #7701, #2128, .T. ) ;
#7436 = AXIS2_PLACEMENT_3D ( 'NONE', #1235, #1975, #670 ) ;
#7437 = TOROIDAL_SURFACE ( 'NONE', #7279, 17.39987604145331446, 0.1499999999999999944 ) ;
#7438 = CARTESIAN_POINT ( 'NONE',  ( 8.635727963869390678, 13.10584149361010908, -14.59125800877506762 ) ) ;
#7439 = CARTESIAN_POINT ( 'NONE',  ( 13.13930822334883253, 7.832882390318981258, -8.355510904107184444 ) ) ;
#7440 = CARTESIAN_POINT ( 'NONE',  ( 12.45109387917863764, 10.78838973558855940, 12.45109387906390452 ) ) ;
#7441 = ORIENTED_EDGE ( 'NONE', *, *, #5990, .T. ) ;
#7442 = AXIS2_PLACEMENT_3D ( 'NONE', #3380, #4083, #6173 ) ;
#7443 = EDGE_CURVE ( 'NONE', #7927, #7041, #4380, .T. ) ;
#7444 = CARTESIAN_POINT ( 'NONE',  ( 8.582305853721656774, 8.016464888795821864, -13.28298719308802589 ) ) ;
#7445 = CARTESIAN_POINT ( 'NONE',  ( -1.683772198565090553E-16, 13.40000000000000213, 0.000000000000000000 ) ) ;
#7446 = CARTESIAN_POINT ( 'NONE',  ( -14.75879251356262145, 12.71049312107304807, 8.726710391577823245 ) ) ;
#7447 = CARTESIAN_POINT ( 'NONE',  ( 8.750000000000003553, 12.49999999999999289, -14.41636719170869441 ) ) ;
#7448 = ORIENTED_EDGE ( 'NONE', *, *, #4042, .F. ) ;
#7449 = AXIS2_PLACEMENT_3D ( 'NONE', #7587, #391, #3739 ) ;
#7450 = VERTEX_POINT ( 'NONE', #5605 ) ;
#7451 = FACE_OUTER_BOUND ( 'NONE', #6432, .T. ) ;
#7452 = CARTESIAN_POINT ( 'NONE',  ( 13.41898249962267720, 9.871516746714744883, -8.820647300395966894 ) ) ;
#7453 = CARTESIAN_POINT ( 'NONE',  ( -13.44711090423670719, 9.963278319209058154, 8.820728691657588882 ) ) ;
#7454 = B_SPLINE_CURVE_WITH_KNOTS ( 'NONE', 3,
 ( #834, #3353, #7964, #4658 ),
 .UNSPECIFIED., .F., .F.,
 ( 4, 4 ),
 ( 1.734723475976807094E-18, 0.004213349230782858015 ),
 .UNSPECIFIED. ) ;
#7455 = PLANE ( 'NONE',  #5064 ) ;
#7456 = EDGE_LOOP ( 'NONE', ( #7789, #4079, #5811, #498 ) ) ;
#7457 = APPLICATION_PROTOCOL_DEFINITION ( 'international standard', 'config_control_design', 1994, #2416 ) ;
#7458 = CARTESIAN_POINT ( 'NONE',  ( -15.09028874722487679, 13.25000000000068567, 8.201806633537284341 ) ) ;
#7459 = EDGE_LOOP ( 'NONE', ( #4355, #135, #3292, #5301 ) ) ;
#7460 = FACE_OUTER_BOUND ( 'NONE', #7057, .T. ) ;
#7461 = CARTESIAN_POINT ( 'NONE',  ( 12.12960367368568804, 10.33333254522021427, -10.71539011131255137 ) ) ;
#7462 = DIRECTION ( 'NONE',  ( 0.000000000000000000, 0.000000000000000000, 1.000000000000000000 ) ) ;
#7463 = CARTESIAN_POINT ( 'NONE',  ( 13.04275645784639792, 10.57427464457846966, 11.62854289535167140 ) ) ;
#7464 = ORIENTED_EDGE ( 'NONE', *, *, #7936, .F. ) ;
#7465 = DIRECTION ( 'NONE',  ( -0.7071067811865487940, -0.000000000000000000, 0.7071067811865463515 ) ) ;
#7466 = LINE ( 'NONE', #5107, #5882 ) ;
#7467 = EDGE_CURVE ( 'NONE', #8166, #6679, #6478, .T. ) ;
#7468 = ORIENTED_EDGE ( 'NONE', *, *, #4199, .T. ) ;
#7469 = CARTESIAN_POINT ( 'NONE',  ( 13.67285923879287779, 7.559853420432088633, 8.181597244430427907 ) ) ;
#7470 = CARTESIAN_POINT ( 'NONE',  ( 14.65974925560509767, 12.49999999999999467, -8.750000000000001776 ) ) ;
#7471 = CARTESIAN_POINT ( 'NONE',  ( 0.000000000000000000, 7.750000000000001776, -15.78876493034220374 ) ) ;
#7472 = CARTESIAN_POINT ( 'NONE',  ( 12.45109387917863764, 10.78838973558855940, 12.45109387906390452 ) ) ;
#7473 = CARTESIAN_POINT ( 'NONE',  ( 11.68171179238844637, 11.50000000000000000, -12.38881857357494809 ) ) ;
#7474 = ORIENTED_EDGE ( 'NONE', *, *, #7330, .F. ) ;
#7475 = VERTEX_POINT ( 'NONE', #2171 ) ;
#7476 = CARTESIAN_POINT ( 'NONE',  ( -8.716141607299901395, 13.02684560908309841, -14.51894131840932189 ) ) ;
#7477 = EDGE_CURVE ( 'NONE', #2612, #3743, #1209, .T. ) ;
#7478 = EDGE_LOOP ( 'NONE', ( #696, #2398, #5053, #6136 ) ) ;
#7479 = EDGE_CURVE ( 'NONE', #3384, #693, #6845, .T. ) ;
#7480 = CARTESIAN_POINT ( 'NONE',  ( -12.55855189015319695, 11.44342524788218007, -11.47613441302257264 ) ) ;
#7481 = DIRECTION ( 'NONE',  ( -0.6813100476940172623, 0.2676438637860938941, -0.6813100476940191497 ) ) ;
#7482 = CARTESIAN_POINT ( 'NONE',  ( 8.750000000000003553, 8.500000000000007105, -13.34286252986123245 ) ) ;
#7483 = DIRECTION ( 'NONE',  ( 0.8880362771229357577, 0.000000000000000000, -0.4597733903931765509 ) ) ;
#7484 = AXIS2_PLACEMENT_3D ( 'NONE', #2821, #6098, #7513 ) ;
#7485 = CARTESIAN_POINT ( 'NONE',  ( 0.000000000000000000, 14.99999999999999645, 19.39999999999999503 ) ) ;
#7486 = DIRECTION ( 'NONE',  ( 0.6813100476940172623, -0.2676438637860939496, 0.6813100476940193717 ) ) ;
#7487 = EDGE_CURVE ( 'NONE', #3743, #6573, #2984, .T. ) ;
#7488 = EDGE_CURVE ( 'NONE', #5522, #4614, #7545, .T. ) ;
#7489 = CARTESIAN_POINT ( 'NONE',  ( -8.975234794127931792, 12.26969374711711680, -14.72133013963436632 ) ) ;
#7490 = CARTESIAN_POINT ( 'NONE',  ( 13.53979913340083741, 9.831370049162774905, -8.750000000000001776 ) ) ;
#7491 = VECTOR ( 'NONE', #8604, 1000.000000000000000 ) ;
#7492 = CYLINDRICAL_SURFACE ( 'NONE', #7844, 32.50000000000001421 ) ;
#7493 = ORIENTED_EDGE ( 'NONE', *, *, #560, .T. ) ;
#7494 = DIRECTION ( 'NONE',  ( 1.000000000000000000, -0.000000000000000000, -0.000000000000000000 ) ) ;
#7495 = CARTESIAN_POINT ( 'NONE',  ( -8.975003248201142370, 12.45985342043207922, 14.78329181874944531 ) ) ;
#7496 = EDGE_CURVE ( 'NONE', #5127, #7907, #5366, .T. ) ;
#7497 = VERTEX_POINT ( 'NONE', #4163 ) ;
#7498 = AXIS2_PLACEMENT_3D ( 'NONE', #1953, #3189, #4631 ) ;
#7499 = CARTESIAN_POINT ( 'NONE',  ( -12.62840217852562219, 10.99999999999999645, 11.21418861615248730 ) ) ;
#7500 = CARTESIAN_POINT ( 'NONE',  ( 1.484508499826330113E-15, 7.749999999999998224, -12.12193181625839244 ) ) ;
#7501 = CARTESIAN_POINT ( 'NONE',  ( 14.33471518854418036, 12.52665513958391053, 8.749999999999998224 ) ) ;
#7502 = DIRECTION ( 'NONE',  ( 1.000000000000000000, 0.000000000000000000, 0.000000000000000000 ) ) ;
#7503 = ORIENTED_EDGE ( 'NONE', *, *, #3121, .F. ) ;
#7504 = CARTESIAN_POINT ( 'NONE',  ( 8.616884872967231601, 8.063180186355960899, -13.57018823321949341 ) ) ;
#7505 = EDGE_LOOP ( 'NONE', ( #7547, #6709 ) ) ;
#7506 = EDGE_CURVE ( 'NONE', #2, #1284, #6821, .T. ) ;
#7507 = CARTESIAN_POINT ( 'NONE',  ( 10.64979952082717318, 10.00004516124002407, 12.06401308320030807 ) ) ;
#7508 = AXIS2_PLACEMENT_3D ( 'NONE', #3141, #5236, #3178 ) ;
#7509 = ORIENTED_EDGE ( 'NONE', *, *, #8371, .F. ) ;
#7510 = PLANE ( 'NONE',  #7121 ) ;
#7511 = DIRECTION ( 'NONE',  ( 0.000000000000000000, 0.000000000000000000, 1.000000000000000000 ) ) ;
#7512 = CARTESIAN_POINT ( 'NONE',  ( 1.864117349093432854E-15, 6.866178068106953525, -15.22167330524445106 ) ) ;
#7513 = DIRECTION ( 'NONE',  ( -0.7071067811865475727, 0.000000000000000000, 0.7071067811865475727 ) ) ;
#7514 = AXIS2_PLACEMENT_3D ( 'NONE', #6189, #1143, #5041 ) ;
#7515 = LINE ( 'NONE', #5567, #6463 ) ;
#7516 = CARTESIAN_POINT ( 'NONE',  ( 13.02780421754198947, 8.297644232507414230, -8.729525126762975873 ) ) ;
#7517 = DIRECTION ( 'NONE',  ( 0.4653245021537897319, 0.000000000000000000, -0.8851401627399627658 ) ) ;
#7518 = ORIENTED_EDGE ( 'NONE', *, *, #8023, .T. ) ;
#7519 = LINE ( 'NONE', #6362, #3934 ) ;
#7520 = AXIS2_PLACEMENT_3D ( 'NONE', #5065, #5731, #6337 ) ;
#7521 = CARTESIAN_POINT ( 'NONE',  ( 16.60616015476926322, 16.49999999999999645, 33.21232030953851933 ) ) ;
#7522 = EDGE_CURVE ( 'NONE', #5180, #7300, #8530, .T. ) ;
#7523 = CARTESIAN_POINT ( 'NONE',  ( 13.46309704045871491, 8.459853420432093429, -8.980199218265402905 ) ) ;
#7524 = DIRECTION ( 'NONE',  ( -0.1892527910123293633, -0.9635179096299409940, -0.1892527910399010860 ) ) ;
#7525 = CARTESIAN_POINT ( 'NONE',  ( 0.000000000000000000, 7.559853420432087745, 0.000000000000000000 ) ) ;
#7526 = TOROIDAL_SURFACE ( 'NONE', #7676, 17.39987604145331446, 0.1499999999999999944 ) ;
#7527 = CARTESIAN_POINT ( 'NONE',  ( 8.823840569215413154, 12.34998589140572633, -14.23142866410899288 ) ) ;
#7528 = CARTESIAN_POINT ( 'NONE',  ( 13.18251655327232363, 7.640146579568083851, -8.032897855490501726 ) ) ;
#7529 = VERTEX_POINT ( 'NONE', #6990 ) ;
#7530 = CARTESIAN_POINT ( 'NONE',  ( -11.68171179238844637, 11.50000000000000000, 12.38881857357494809 ) ) ;
#7531 = ORIENTED_EDGE ( 'NONE', *, *, #2199, .F. ) ;
#7532 = TOROIDAL_SURFACE ( 'NONE', #6025, 17.19230335598365400, 0.1499999999999999944 ) ;
#7533 = ADVANCED_FACE ( 'NONE', ( #8151 ), #4858, .F. ) ;
#7534 = PLANE ( 'NONE',  #3266 ) ;
#7535 = EDGE_CURVE ( 'NONE', #5019, #2900, #1570, .T. ) ;
#7536 = VERTEX_POINT ( 'NONE', #5738 ) ;
#7537 = CARTESIAN_POINT ( 'NONE',  ( 8.750000000000003553, 12.49999999999999467, 14.65974925560509590 ) ) ;
#7538 = FACE_OUTER_BOUND ( 'NONE', #12, .T. ) ;
#7539 = ORIENTED_EDGE ( 'NONE', *, *, #7979, .T. ) ;
#7540 = DIRECTION ( 'NONE',  ( 0.000000000000000000, 1.000000000000000000, 0.000000000000000000 ) ) ;
#7541 = ORIENTED_EDGE ( 'NONE', *, *, #6717, .F. ) ;
#7542 = CARTESIAN_POINT ( 'NONE',  ( -13.02780421754198414, 8.297644232507426665, 8.729525126763014953 ) ) ;
#7543 = EDGE_CURVE ( 'NONE', #1653, #4423, #3514, .T. ) ;
#7544 = LINE ( 'NONE', #4655, #3700 ) ;
#7545 = LINE ( 'NONE', #4981, #4246 ) ;
#7546 = LINE ( 'NONE', #8323, #5943 ) ;
#7547 = ORIENTED_EDGE ( 'NONE', *, *, #7988, .T. ) ;
#7548 = ORIENTED_EDGE ( 'NONE', *, *, #8406, .F. ) ;
#7549 = ORIENTED_EDGE ( 'NONE', *, *, #6612, .F. ) ;
#7550 = CARTESIAN_POINT ( 'NONE',  ( 13.24659978108555691, 7.640146579567915985, 7.925793772813722882 ) ) ;
#7551 =( BOUNDED_SURFACE ( )  B_SPLINE_SURFACE ( 3, 2, ( 
 ( #1270, #1357, #5302 ),
 ( #6087, #6736, #87 ),
 ( #4047, #2637, #2767 ),
 ( #8585, #4644, #4 ),
 ( #4009, #2684, #6658 ),
 ( #5429, #8070, #2009 ),
 ( #6696, #3379, #6044 ),
 ( #351, #7501, #8322 ) ),
 .UNSPECIFIED., .F., .F., .F. ) 
 B_SPLINE_SURFACE_WITH_KNOTS ( ( 4, 2, 2, 4 ),
 ( 3, 3 ),
 ( -2.583328516381211415E-15, 0.0008074505961703762249, 0.001211175894256856164, 0.001614901192343335887 ),
 ( 0.000000000000000000, 1.000000000000000000 ),
 .UNSPECIFIED. ) 
 GEOMETRIC_REPRESENTATION_ITEM ( )  RATIONAL_B_SPLINE_SURFACE ( (
 ( 1.000000000000000000, 0.6051264893454415539, 1.000000000000000000),
 ( 1.000000000000000000, 0.6550048280227059871, 1.000000000000000000),
 ( 1.000000000000000000, 0.7092397592861184874, 1.000000000000000000),
 ( 1.000000000000000000, 0.7804418821292705699, 1.000000000000000000),
 ( 1.000000000000000000, 0.8021789468603636175, 1.000000000000000000),
 ( 1.000000000000000000, 0.8402471071836997707, 1.000000000000000000),
 ( 1.000000000000000000, 0.8564372837797754601, 1.000000000000000000),
 ( 1.000000000000000000, 0.8677983030863948288, 1.000000000000000000) ) ) 
 REPRESENTATION_ITEM ( '' )  SURFACE ( )  );
#7552 = AXIS2_PLACEMENT_3D ( 'NONE', #2757, #6162, #3542 ) ;
#7553 = FACE_BOUND ( 'NONE', #5782, .T. ) ;
#7554 = CARTESIAN_POINT ( 'NONE',  ( -8.616884872967336406, 8.063180186356644796, 13.57018823322024836 ) ) ;
#7555 = CARTESIAN_POINT ( 'NONE',  ( 0.000000000000000000, 13.35985342043208668, 3.280490379559389251E-16 ) ) ;
#7556 = CARTESIAN_POINT ( 'NONE',  ( 13.21490561396506003, 7.743174061430013744, -8.034504386956291100 ) ) ;
#7557 = CIRCLE ( 'NONE', #6051, 9.121931816258390668 ) ;
#7558 = AXIS2_PLACEMENT_3D ( 'NONE', #3067, #5734, #1646 ) ;
#7559 = CARTESIAN_POINT ( 'NONE',  ( 0.000000000000000000, 6.999999999999998224, 14.73991435042947806 ) ) ;
#7560 = ORIENTED_EDGE ( 'NONE', *, *, #7754, .T. ) ;
#7561 = CARTESIAN_POINT ( 'NONE',  ( -8.657992919649849739, 12.90681061163123822, -14.64391144064940065 ) ) ;
#7562 = DIRECTION ( 'NONE',  ( 0.7071067811865457964, 0.000000000000000000, 0.7071067811865492381 ) ) ;
#7563 = CIRCLE ( 'NONE', #6334, 17.54440372789780511 ) ;
#7564 = CARTESIAN_POINT ( 'NONE',  ( -12.62841106462136587, 11.00004516124001697, -11.21419750224831269 ) ) ;
#7565 = CARTESIAN_POINT ( 'NONE',  ( 0.000000000000000000, 11.50000000000000000, 0.000000000000000000 ) ) ;
#7566 = ORIENTED_EDGE ( 'NONE', *, *, #3622, .T. ) ;
#7567 = CARTESIAN_POINT ( 'NONE',  ( -8.177680424866849762, 7.749999999999995559, 13.24304958942781596 ) ) ;
#7568 = CARTESIAN_POINT ( 'NONE',  ( -21.00000000000002132, 8.500000000000001776, 7.999999999999998224 ) ) ;
#7569 = MANIFOLD_SOLID_BREP ( 'Cortar-Extruir4', #7624 ) ;
#7570 = CARTESIAN_POINT ( 'NONE',  ( -7.999999999999991118, 7.750000000000001776, 13.37062271443168271 ) ) ;
#7571 = CONICAL_SURFACE ( 'NONE', #1444, 10.03932046860025906, 0.6473191827491142636 ) ;
#7572 = CARTESIAN_POINT ( 'NONE',  ( 0.000000000000000000, 6.499999999999998224, 0.000000000000000000 ) ) ;
#7573 = EDGE_CURVE ( 'NONE', #5039, #7237, #4676, .T. ) ;
#7574 = CARTESIAN_POINT ( 'NONE',  ( 12.25349937686476487, 11.05603359936995744, 12.60705276735019353 ) ) ;
#7575 = VERTEX_POINT ( 'NONE', #7726 ) ;
#7576 = CARTESIAN_POINT ( 'NONE',  ( -8.432657289067751805, 7.878935351584107849, -13.34451443976829665 ) ) ;
#7577 = CARTESIAN_POINT ( 'NONE',  ( 8.701114436120503726, 12.80068307768079272, 15.05641782987693844 ) ) ;
#7578 = PERSON_AND_ORGANIZATION ( #5881, #3284 ) ;
#7579 = FACE_OUTER_BOUND ( 'NONE', #3209, .T. ) ;
#7580 = ADVANCED_FACE ( 'NONE', ( #6596 ), #7029, .T. ) ;
#7581 = ORIENTED_EDGE ( 'NONE', *, *, #4726, .T. ) ;
#7582 = EDGE_CURVE ( 'NONE', #1960, #6291, #6470, .T. ) ;
#7583 =( GEOMETRIC_REPRESENTATION_CONTEXT ( 3 ) GLOBAL_UNCERTAINTY_ASSIGNED_CONTEXT ( ( #5118 ) ) GLOBAL_UNIT_ASSIGNED_CONTEXT ( ( #82, #3457, #6080 ) ) REPRESENTATION_CONTEXT ( 'NONE', 'WORKASPACE' ) );
#7584 = CARTESIAN_POINT ( 'NONE',  ( 12.37048677869447211, 9.851636212341924548, 12.01693338795888799 ) ) ;
#7585 = CARTESIAN_POINT ( 'NONE',  ( 8.824077831548118311, 12.54014657956791012, 14.29338720761957404 ) ) ;
#7586 = CARTESIAN_POINT ( 'NONE',  ( -8.749999999999994671, 8.400841153676131157, 13.05265145675638649 ) ) ;
#7587 = CARTESIAN_POINT ( 'NONE',  ( -1.947630796179198266E-15, 13.44014657956791403, 0.000000000000000000 ) ) ;
#7588 = ORIENTED_EDGE ( 'NONE', *, *, #6082, .T. ) ;
#7589 = CARTESIAN_POINT ( 'NONE',  ( 0.000000000000000000, 0.000000000000000000, 0.000000000000000000 ) ) ;
#7590 = VERTEX_POINT ( 'NONE', #8569 ) ;
#7591 = ORIENTED_EDGE ( 'NONE', *, *, #2310, .F. ) ;
#7592 = EDGE_CURVE ( 'NONE', #3626, #4487, #1934, .T. ) ;
#7593 = DIRECTION ( 'NONE',  ( -0.7071067811865463515, 0.000000000000000000, -0.7071067811865487940 ) ) ;
#7594 = DIRECTION ( 'NONE',  ( 0.6813100476940172623, -0.2676438637860938941, 0.6813100476940192607 ) ) ;
#7595 = CARTESIAN_POINT ( 'NONE',  ( -13.61738552081213882, 7.881087260102305869, 8.444407693603102061 ) ) ;
#7596 = DIRECTION ( 'NONE',  ( -0.7071067811865483499, 0.000000000000000000, 0.7071067811865466846 ) ) ;
#7597 = CARTESIAN_POINT ( 'NONE',  ( 14.49568901432426671, 9.500000000000000000, -15.20279579551075777 ) ) ;
#7598 = CARTESIAN_POINT ( 'NONE',  ( 8.028825013342137495, 13.21334918349265131, 16.72515638260896509 ) ) ;
#7599 = VERTEX_POINT ( 'NONE', #7930 ) ;
#7600 = CARTESIAN_POINT ( 'NONE',  ( 0.000000000000000000, 6.499999999999999112, 0.000000000000000000 ) ) ;
#7601 = EDGE_LOOP ( 'NONE', ( #3925, #3694, #461, #8343 ) ) ;
#7602 = EDGE_CURVE ( 'NONE', #4576, #8035, #183, .T. ) ;
#7603 = CARTESIAN_POINT ( 'NONE',  ( 13.30354002960459958, 8.401861272666273805, 8.749999999999998224 ) ) ;
#7604 =( BOUNDED_SURFACE ( )  B_SPLINE_SURFACE ( 3, 2, ( 
 ( #7732, #4955, #8286 ),
 ( #1751, #5082, #268 ),
 ( #6917, #2947, #6353 ),
 ( #399, #1703, #440 ),
 ( #2272, #914, #8415 ),
 ( #2456, #2312, #313 ),
 ( #6957, #7595, #8334 ),
 ( #2991, #5747, #4293 ),
 ( #3791, #959, #1794 ),
 ( #357, #3653, #1658 ) ),
 .UNSPECIFIED., .F., .F., .F. ) 
 B_SPLINE_SURFACE_WITH_KNOTS ( ( 4, 2, 2, 2, 4 ),
 ( 3, 3 ),
 ( 0.000000000000000000, 0.0003708656024935098427, 0.0007417312049870196855, 0.001112596807480529474, 0.001483462409974039371 ),
 ( 0.000000000000000000, 1.000000000000000000 ),
 .UNSPECIFIED. ) 
 GEOMETRIC_REPRESENTATION_ITEM ( )  RATIONAL_B_SPLINE_SURFACE ( (
 ( 1.000000000000000000, 0.4823580334654530843, 1.000000000000000000),
 ( 1.000000000000000000, 0.4634727774812796852, 1.000000000000000000),
 ( 1.000000000000000000, 0.4512768202418593888, 1.000000000000000000),
 ( 1.000000000000000000, 0.4477664979992868610, 1.000000000000000000),
 ( 1.000000000000000000, 0.4565384444205914938, 1.000000000000000000),
 ( 1.000000000000000000, 0.4880917172433532625, 1.000000000000000000),
 ( 1.000000000000000000, 0.5099908375217321321, 1.000000000000000000),
 ( 1.000000000000000000, 0.5563214462314736153, 1.000000000000000000),
 ( 1.000000000000000000, 0.5810327076331657237, 1.000000000000000000),
 ( 1.000000000000000000, 0.6051264893449599391, 1.000000000000000000) ) ) 
 REPRESENTATION_ITEM ( '' )  SURFACE ( )  );
#7605 = CARTESIAN_POINT ( 'NONE',  ( 0.000000000000000000, 1.999999999999999112, 0.000000000000000000 ) ) ;
#7606 = CARTESIAN_POINT ( 'NONE',  ( 0.000000000000000000, 12.49999999999999645, 10.00000000000000000 ) ) ;
#7607 = EDGE_LOOP ( 'NONE', ( #1132, #3562, #5265, #2011, #3046 ) ) ;
#7608 = DIRECTION ( 'NONE',  ( 0.000000000000000000, -1.000000000000000000, 0.000000000000000000 ) ) ;
#7609 = CARTESIAN_POINT ( 'NONE',  ( 14.95759213884067229, 13.41637423525960138, 8.166287261939414677 ) ) ;
#7610 = ORIENTED_EDGE ( 'NONE', *, *, #2161, .T. ) ;
#7611 = CARTESIAN_POINT ( 'NONE',  ( 0.000000000000000000, 14.99999999999999645, 0.000000000000000000 ) ) ;
#7612 = DIRECTION ( 'NONE',  ( -1.084202172485505174E-16, 1.000000000000000000, 0.000000000000000000 ) ) ;
#7613 = CARTESIAN_POINT ( 'NONE',  ( -10.84658306055590771, 10.99999999999999645, 12.26079662292896444 ) ) ;
#7614 = CIRCLE ( 'NONE', #2765, 15.78876493034220374 ) ;
#7615 = CARTESIAN_POINT ( 'NONE',  ( 8.753358550614628086, 8.421913141508728273, -12.97796484027976405 ) ) ;
#7616 = EDGE_LOOP ( 'NONE', ( #4328, #408 ) ) ;
#7617 = CYLINDRICAL_SURFACE ( 'NONE', #5206, 14.12193181625839244 ) ;
#7618 = CARTESIAN_POINT ( 'NONE',  ( 11.28870837891545520, 9.500045161240020519, 11.99581516010203863 ) ) ;
#7619 = ORIENTED_EDGE ( 'NONE', *, *, #1687, .T. ) ;
#7620 = CARTESIAN_POINT ( 'NONE',  ( -14.81883984523073750, 16.49999999999999645, 0.000000000000000000 ) ) ;
#7621 = ORIENTED_EDGE ( 'NONE', *, *, #6591, .T. ) ;
#7622 = CIRCLE ( 'NONE', #1081, 18.19999999999999929 ) ;
#7623 = VERTEX_POINT ( 'NONE', #6549 ) ;
#7624 = CLOSED_SHELL ( 'NONE', ( #4544, #4496, #521, #1244, #5311, #6694, #3956, #6848, #4197, #1230, #3400, #7533, #2926, #3669, #8204, #1309, #4880, #5473, #1010, #3869, #1478, #6178, #4745, #2258, #4670, #4243, #3496, #3376, #5684, #490, #3144, #4155, #7708, #848, #1930, #5761, #8536, #4508, #2485, #2208, #2537, #8325, #8295, #1023, #2620, #3218, #8111, #3032, #3563, #1725, #1992, #8606, #2022, #908, #225, #5099, #7643, #5272, #2444, #3329, #3283, #4975, #6139, #3464, #1557, #1024, #5056, #607, #434, #5920, #5737, #173, #4115, #7384, #7925, #1133, #970, #4553, #3585, #6760, #7855, #812, #3789, #325, #1832, #4297, #8584, #7098, #1772, #1548, #716, #3519, #385, #5437, #2002, #2964, #5955, #1946, #3072, #2756, #7283, #6849, #7273, #3713, #6429, #4579, #34, #2246, #7332, #5336, #1558, #7805, #4762, #2814, #7580, #7755, #2129, #4824, #1747, #7840, #4954, #6643, #5910, #6167, #7696, #775, #2038, #7073, #7155, #8015, #1123, #4371, #1506, #5497, #2198, #1623, #7002, #6242, #1816, #7200, #4138, #4421, #3574, #137, #4783, #1351, #1083, #6695, #1346, #1459, #6260, #4854, #8087, #3610, #3133, #8538, #3060, #4869, #5313, #6224, #3696 ) ) ;
#7625 = MANIFOLD_SOLID_BREP ( 'Saliente-Extruir7[1]', #7909 ) ;
#7626 = B_SPLINE_CURVE_WITH_KNOTS ( 'NONE', 3,
 ( #8136, #6149, #6839, #7482 ),
 .UNSPECIFIED., .F., .F.,
 ( 4, 4 ),
 ( 0.000000000000000000, 0.004211198243782914193 ),
 .UNSPECIFIED. ) ;
#7627 = CARTESIAN_POINT ( 'NONE',  ( 8.750000000000003553, 12.49999999999999467, 14.41636719170869263 ) ) ;
#7628 = CARTESIAN_POINT ( 'NONE',  ( 12.46356997489341367, 11.75190764521380515, 12.81712336539952268 ) ) ;
#7629 = EDGE_CURVE ( 'NONE', #5897, #5994, #3274, .T. ) ;
#7630 = TOROIDAL_SURFACE ( 'NONE', #3899, 14.73991435042947806, 1.000000000000000444 ) ;
#7631 = B_SPLINE_CURVE_WITH_KNOTS ( 'NONE', 3,
 ( #947, #8318, #2393, #7724, #6292, #1741, #8230, #4419, #3688, #4944 ),
 .UNSPECIFIED., .F., .F.,
 ( 4, 2, 2, 2, 4 ),
 ( 0.000000000000000000, 0.0004045073697329266971, 0.0008090147394658533941, 0.001213522109198780091, 0.001618029478931706788 ),
 .UNSPECIFIED. ) ;
#7632 = CARTESIAN_POINT ( 'NONE',  ( 0.000000000000000000, 7.600000000000001421, -15.58119224487254328 ) ) ;
#7633 = CARTESIAN_POINT ( 'NONE',  ( -12.26079662292900174, 10.99999999999999645, 10.84658306055586685 ) ) ;
#7634 = ORIENTED_EDGE ( 'NONE', *, *, #5089, .F. ) ;
#7635 = CARTESIAN_POINT ( 'NONE',  ( 8.310759131661509258, 13.35985336748860952, -15.45357792695942756 ) ) ;
#7636 = ORIENTED_EDGE ( 'NONE', *, *, #7031, .T. ) ;
#7637 = CARTESIAN_POINT ( 'NONE',  ( 13.39825866328796344, 8.216370959051337408, 8.955590235349234263 ) ) ;
#7638 = CIRCLE ( 'NONE', #1087, 17.19230335598365400 ) ;
#7639 = CARTESIAN_POINT ( 'NONE',  ( 3.968880417143840322, 9.731686437435309145, 20.15125494748340529 ) ) ;
#7640 = DIRECTION ( 'NONE',  ( 0.000000000000000000, 1.000000000000000000, -0.000000000000000000 ) ) ;
#7641 = CARTESIAN_POINT ( 'NONE',  ( -13.01792744404244928, 8.109214744792447860, -8.648376600419709348 ) ) ;
#7642 = CARTESIAN_POINT ( 'NONE',  ( -8.749999999999998224, 11.16497763733534221, -14.22591835443021324 ) ) ;
#7643 = ADVANCED_FACE ( 'NONE', ( #3237 ), #1995, .F. ) ;
#7644 = EDGE_CURVE ( 'NONE', #6291, #8330, #5068, .T. ) ;
#7645 = CARTESIAN_POINT ( 'NONE',  ( 13.09261806874822653, 8.500000000000007105, -8.750000000000001776 ) ) ;
#7646 = DIRECTION ( 'NONE',  ( -0.000000000000000000, 1.000000000000000000, -0.000000000000000000 ) ) ;
#7647 = ORIENTED_EDGE ( 'NONE', *, *, #5818, .F. ) ;
#7648 = VECTOR ( 'NONE', #3105, 1000.000000000000000 ) ;
#7649 = ORIENTED_EDGE ( 'NONE', *, *, #2804, .T. ) ;
#7650 = CARTESIAN_POINT ( 'NONE',  ( 7.347880794884110861E-16, 0.000000000000000000, -4.999999999999985789 ) ) ;
#7651 = ORIENTED_EDGE ( 'NONE', *, *, #8515, .T. ) ;
#7652 = CARTESIAN_POINT ( 'NONE',  ( 0.000000000000000000, 6.999999999999998224, 0.000000000000000000 ) ) ;
#7653 = DIRECTION ( 'NONE',  ( -0.5066894108117285800, 0.000000000000000000, 0.8621286684545778067 ) ) ;
#7654 = B_SPLINE_CURVE_WITH_KNOTS ( 'NONE', 3,
 ( #2851, #699, #3422, #819, #6858, #8069, #4082, #4160, #6085, #3506 ),
 .UNSPECIFIED., .F., .F.,
 ( 4, 2, 2, 2, 4 ),
 ( 1.734723475976807094E-18, 0.0003559867478061399040, 0.0007119734956122780734, 0.001067960243418416243, 0.001423946991224554412 ),
 .UNSPECIFIED. ) ;
#7655 = CIRCLE ( 'NONE', #3917, 0.9999999999999991118 ) ;
#7656 = CARTESIAN_POINT ( 'NONE',  ( -7.999999999999988454, 7.600000000000001421, -13.61194688593824864 ) ) ;
#7657 = EDGE_CURVE ( 'NONE', #3393, #2782, #7152, .T. ) ;
#7658 = DIRECTION ( 'NONE',  ( 1.000000000000000000, 0.000000000000000000, 1.224646799147353207E-16 ) ) ;
#7659 = ORIENTED_EDGE ( 'NONE', *, *, #925, .F. ) ;
#7660 = CARTESIAN_POINT ( 'NONE',  ( 0.000000000000000000, 6.499999999999997335, 0.000000000000000000 ) ) ;
#7661 =( BOUNDED_SURFACE ( )  B_SPLINE_SURFACE ( 3, 2, ( 
 ( #7393, #1409, #2864 ),
 ( #5483, #4092, #5566 ),
 ( #6749, #4782, #6830 ),
 ( #747, #2224, #3431 ),
 ( #2777, #4909, #832 ),
 ( #6787, #7554, #3521 ),
 ( #1575, #4258, #8123 ),
 ( #6918, #5439, #8081 ),
 ( #7434, #1451, #4133 ),
 ( #7733, #3122, #4384 ) ),
 .UNSPECIFIED., .F., .F., .F. ) 
 B_SPLINE_SURFACE_WITH_KNOTS ( ( 4, 2, 2, 2, 4 ),
 ( 3, 3 ),
 ( 5.421010862427522170E-20, 0.0003706114402481126705, 0.0007412228804962252325, 0.001111834320744337903, 0.001482445760992450465 ),
 ( 0.000000000000000000, 1.000000000000000000 ),
 .UNSPECIFIED. ) 
 GEOMETRIC_REPRESENTATION_ITEM ( )  RATIONAL_B_SPLINE_SURFACE ( (
 ( 1.000000000000000000, 0.6051264893449649351, 1.000000000000000000),
 ( 1.000000000000000000, 0.5810481624907350984, 1.000000000000000000),
 ( 1.000000000000000000, 0.5567157572378736985, 1.000000000000000000),
 ( 1.000000000000000000, 0.5099035226421736455, 1.000000000000000000),
 ( 1.000000000000000000, 0.4880979738079617714, 1.000000000000000000),
 ( 1.000000000000000000, 0.4567595781997457194, 1.000000000000000000),
 ( 1.000000000000000000, 0.4478108208510425681, 1.000000000000000000),
 ( 1.000000000000000000, 0.4511985673861062529, 1.000000000000000000),
 ( 1.000000000000000000, 0.4633937996951649763, 1.000000000000000000),
 ( 1.000000000000000000, 0.4823580334654620216, 1.000000000000000000) ) ) 
 REPRESENTATION_ITEM ( '' )  SURFACE ( )  );
#7662 = DIRECTION ( 'NONE',  ( -0.000000000000000000, 1.000000000000000000, -0.000000000000000000 ) ) ;
#7663 = VERTEX_POINT ( 'NONE', #7977 ) ;
#7664 = CARTESIAN_POINT ( 'NONE',  ( -13.98051948716656412, 11.16487894244644252, 8.749999999999998224 ) ) ;
#7665 = VERTEX_POINT ( 'NONE', #7327 ) ;
#7666 = CARTESIAN_POINT ( 'NONE',  ( 8.349861332235837708, 7.740398399099406745, -13.01708323365587994 ) ) ;
#7667 = CARTESIAN_POINT ( 'NONE',  ( -7.932747726257767695, 13.44014657956791403, 15.08967093049029096 ) ) ;
#7668 = CIRCLE ( 'NONE', #3930, 0.1499999999999994671 ) ;
#7669 = CARTESIAN_POINT ( 'NONE',  ( 15.56867290903052670, 10.38016710650748919, 8.952985774953299725 ) ) ;
#7670 = EDGE_CURVE ( 'NONE', #1384, #8317, #5079, .T. ) ;
#7671 = ORIENTED_EDGE ( 'NONE', *, *, #5571, .F. ) ;
#7672 = CARTESIAN_POINT ( 'NONE',  ( 8.324110326508064261, 7.815571027917278535, 13.05831001008605696 ) ) ;
#7673 = CARTESIAN_POINT ( 'NONE',  ( 8.200661534436120448, 13.25000000000000355, 15.32705210642390092 ) ) ;
#7674 = CARTESIAN_POINT ( 'NONE',  ( -13.22499999999999964, 16.51447992314274771, 0.000000000000000000 ) ) ;
#7675 = CARTESIAN_POINT ( 'NONE',  ( -13.05265145675638472, 8.400841153676136486, -8.750000000000000000 ) ) ;
#7676 = AXIS2_PLACEMENT_3D ( 'NONE', #7706, #7062, #4273 ) ;
#7677 = VERTEX_POINT ( 'NONE', #686 ) ;
#7678 = CARTESIAN_POINT ( 'NONE',  ( -15.45172114225276516, 13.40000000000000213, -7.999999999999998224 ) ) ;
#7679 = CARTESIAN_POINT ( 'NONE',  ( -8.073230648290529388, 7.559853420432087745, -13.73654834780745837 ) ) ;
#7680 = CARTESIAN_POINT ( 'NONE',  ( 12.93343952667111552, 8.421750684513046536, 8.818580449027136225 ) ) ;
#7681 = CARTESIAN_POINT ( 'NONE',  ( -8.749999999999998224, 12.49999999999999289, 14.65974925560510300 ) ) ;
#7682 = ORIENTED_EDGE ( 'NONE', *, *, #3182, .T. ) ;
#7683 = DIRECTION ( 'NONE',  ( 0.000000000000000000, 0.000000000000000000, 1.000000000000000000 ) ) ;
#7684 = VERTEX_POINT ( 'NONE', #5025 ) ;
#7685 = CARTESIAN_POINT ( 'NONE',  ( 14.89011991898616039, 12.89695940036001431, -8.644104815981238588 ) ) ;
#7686 = EDGE_CURVE ( 'NONE', #3354, #6497, #7563, .T. ) ;
#7687 = CARTESIAN_POINT ( 'NONE',  ( -8.590543591307776339, 12.97212972406305020, -14.95700454175144678 ) ) ;
#7688 = DIRECTION ( 'NONE',  ( 0.000000000000000000, 0.000000000000000000, 1.000000000000000000 ) ) ;
#7689 = DIRECTION ( 'NONE',  ( -0.7071067811865487940, -0.000000000000000000, 0.7071067811865463515 ) ) ;
#7690 = ORIENTED_EDGE ( 'NONE', *, *, #6540, .T. ) ;
#7691 = FACE_OUTER_BOUND ( 'NONE', #8324, .T. ) ;
#7692 = EDGE_LOOP ( 'NONE', ( #2952, #4777, #5161, #3029 ) ) ;
#7693 = VECTOR ( 'NONE', #214, 1000.000000000000000 ) ;
#7694 = CARTESIAN_POINT ( 'NONE',  ( 13.54869861395417630, 7.750000000000000888, 8.089680429056491207 ) ) ;
#7695 = ADVANCED_FACE ( 'NONE', ( #5374 ), #6767, .T. ) ;
#7696 = ADVANCED_FACE ( 'NONE', ( #2711 ), #7888, .T. ) ;
#7697 = CARTESIAN_POINT ( 'NONE',  ( 14.81883984523073750, 16.49999999999999645, -1.814784478353908265E-15 ) ) ;
#7698 = AXIS2_PLACEMENT_3D ( 'NONE', #8480, #557, #2616 ) ;
#7699 = CARTESIAN_POINT ( 'NONE',  ( -8.749999999999998224, 12.49999999999999289, -14.41636719170869618 ) ) ;
#7700 = AXIS2_PLACEMENT_3D ( 'NONE', #6655, #4687, #1225 ) ;
#7701 = VERTEX_POINT ( 'NONE', #8595 ) ;
#7702 = CARTESIAN_POINT ( 'NONE',  ( -8.753358550614317224, 8.421913141508330369, 12.97796484028047281 ) ) ;
#7703 = CARTESIAN_POINT ( 'NONE',  ( 14.65974925560509590, 12.49999999999999112, 8.900000000000000355 ) ) ;
#7704 = CARTESIAN_POINT ( 'NONE',  ( 0.000000000000000000, 13.44014657956791403, 17.04777566953915979 ) ) ;
#7705 = VERTEX_POINT ( 'NONE', #542 ) ;
#7706 = CARTESIAN_POINT ( 'NONE',  ( -1.683772198565090553E-16, 13.40000000000000213, 0.000000000000000000 ) ) ;
#7707 = DIRECTION ( 'NONE',  ( 0.000000000000000000, -0.1927358361229274675, 0.9812506802412909179 ) ) ;
#7708 = ADVANCED_FACE ( 'NONE', ( #2737, #3263, #1850, #5270 ), #44, .F. ) ;
#7709 = CIRCLE ( 'NONE', #8121, 11.12193181625839244 ) ;
#7710 =( BOUNDED_SURFACE ( )  B_SPLINE_SURFACE ( 3, 2, ( 
 ( #8439, #5149, #1820 ),
 ( #4494, #7141, #28 ),
 ( #4839, #2063, #843 ),
 ( #7324, #1380, #4797 ),
 ( #197, #70, #4067 ),
 ( #7446, #1464, #6719 ),
 ( #2710, #8137, #7406 ),
 ( #6108, #6798, #106 ) ),
 .UNSPECIFIED., .F., .F., .F. ) 
 B_SPLINE_SURFACE_WITH_KNOTS ( ( 4, 2, 2, 4 ),
 ( 3, 3 ),
 ( 0.000000000000000000, 0.0008049667892843594998, 0.001207450183926539250, 0.001609933578568719000 ),
 ( 0.000000000000000000, 1.000000000000000000 ),
 .UNSPECIFIED. ) 
 GEOMETRIC_REPRESENTATION_ITEM ( )  RATIONAL_B_SPLINE_SURFACE ( (
 ( 1.000000000000000000, 0.7961293436955193537, 1.000000000000000000),
 ( 1.000000000000000000, 0.7590296441228692181, 1.000000000000000000),
 ( 1.000000000000000000, 0.7095879552997006456, 1.000000000000000000),
 ( 1.000000000000000000, 0.6279729591162346303, 1.000000000000000000),
 ( 1.000000000000000000, 0.5999943386110323518, 1.000000000000000000),
 ( 1.000000000000000000, 0.5457910702371050471, 1.000000000000000000),
 ( 1.000000000000000000, 0.5197420517728175149, 1.000000000000000000),
 ( 1.000000000000000000, 0.4999891725456175884, 1.000000000000000000) ) ) 
 REPRESENTATION_ITEM ( '' )  SURFACE ( )  );
#7711 = DIRECTION ( 'NONE',  ( -0.1892527910123302792, -0.9635179096299408830, -0.1892527910399008084 ) ) ;
#7712 = ORIENTED_EDGE ( 'NONE', *, *, #3682, .F. ) ;
#7713 = DIRECTION ( 'NONE',  ( 0.000000000000000000, 0.000000000000000000, -1.000000000000000000 ) ) ;
#7714 = LINE ( 'NONE', #5548, #1824 ) ;
#7715 = VERTEX_POINT ( 'NONE', #5230 ) ;
#7716 = AXIS2_PLACEMENT_3D ( 'NONE', #7632, #1649, #7462 ) ;
#7717 = AXIS2_PLACEMENT_3D ( 'NONE', #8477, #5102, #1863 ) ;
#7718 = APPROVAL_STATUS ( 'not_yet_approved' ) ;
#7719 = CARTESIAN_POINT ( 'NONE',  ( 10.00000000000000000, 12.49999999999999645, 1.224646799147353256E-15 ) ) ;
#7720 = CARTESIAN_POINT ( 'NONE',  ( 16.30263978953409065, 6.662549834352267553, 6.758600903895744416 ) ) ;
#7721 = ORIENTED_EDGE ( 'NONE', *, *, #1419, .F. ) ;
#7722 = ORIENTED_EDGE ( 'NONE', *, *, #4256, .F. ) ;
#7723 = CIRCLE ( 'NONE', #4253, 0.1500000000000003275 ) ;
#7724 = CARTESIAN_POINT ( 'NONE',  ( -15.30412257270831944, 13.24970629405528477, 8.516678620633420849 ) ) ;
#7725 = CARTESIAN_POINT ( 'NONE',  ( 10.92158470279899873, 9.500000000000000000, -11.62869148398550223 ) ) ;
#7726 = CARTESIAN_POINT ( 'NONE',  ( -14.29338720761957582, 12.54014657956790835, 8.824077831548112982 ) ) ;
#7727 = CARTESIAN_POINT ( 'NONE',  ( 14.49568901432421342, 9.500045161240020519, 15.20279579551080751 ) ) ;
#7728 = ORIENTED_EDGE ( 'NONE', *, *, #6577, .T. ) ;
#7729 = DIRECTION ( 'NONE',  ( -0.000000000000000000, 1.000000000000000000, -0.000000000000000000 ) ) ;
#7730 = ORIENTED_EDGE ( 'NONE', *, *, #7968, .F. ) ;
#7731 = VERTEX_POINT ( 'NONE', #3348 ) ;
#7732 = CARTESIAN_POINT ( 'NONE',  ( -13.34286252986123955, 8.500000000000007105, 8.749999999999998224 ) ) ;
#7733 = CARTESIAN_POINT ( 'NONE',  ( -8.749999999999998224, 8.500000000000007105, 13.34286252986123777 ) ) ;
#7734 = CARTESIAN_POINT ( 'NONE',  ( 8.000000000000156319, 13.25000000000073008, 15.21759819039033168 ) ) ;
#7735 = CARTESIAN_POINT ( 'NONE',  ( 5.758593819375155576, 11.02374939390787745, 18.86911181094192358 ) ) ;
#7736 = ORIENTED_EDGE ( 'NONE', *, *, #338, .F. ) ;
#7737 = DIRECTION ( 'NONE',  ( -0.8621286684545778067, 0.000000000000000000, -0.5066894108117285800 ) ) ;
#7738 = ORIENTED_EDGE ( 'NONE', *, *, #348, .T. ) ;
#7739 = CARTESIAN_POINT ( 'NONE',  ( 12.01693338809935163, 9.851636212332532949, 12.37048677855031542 ) ) ;
#7740 = CARTESIAN_POINT ( 'NONE',  ( -8.417646562576461378, 7.867121650335218597, -13.01513069778209086 ) ) ;
#7741 = DIRECTION ( 'NONE',  ( -0.000000000000000000, -1.000000000000000000, 0.000000000000000000 ) ) ;
#7742 = ORIENTED_EDGE ( 'NONE', *, *, #1398, .T. ) ;
#7743 = DIRECTION ( 'NONE',  ( 0.000000000000000000, 0.000000000000000000, 1.000000000000000000 ) ) ;
#7744 = EDGE_CURVE ( 'NONE', #574, #4601, #3378, .T. ) ;
#7745 = ADVANCED_FACE ( 'NONE', ( #2692 ), #5394, .F. ) ;
#7746 = CARTESIAN_POINT ( 'NONE',  ( -14.29338720761964154, 12.54014657956788348, 8.824077831548112982 ) ) ;
#7747 = ORIENTED_EDGE ( 'NONE', *, *, #1609, .F. ) ;
#7748 = DIRECTION ( 'NONE',  ( -0.000000000000000000, -1.000000000000000000, -0.000000000000000000 ) ) ;
#7749 = DIRECTION ( 'NONE',  ( -0.6813100476940172623, 0.2676438637860938941, -0.6813100476940192607 ) ) ;
#7750 = CARTESIAN_POINT ( 'NONE',  ( -8.749999999999998224, 8.500000000000007105, 13.34286252986123245 ) ) ;
#7751 = CARTESIAN_POINT ( 'NONE',  ( -18.19999999999999929, 15.49999999999999289, 0.000000000000000000 ) ) ;
#7752 = ORIENTED_EDGE ( 'NONE', *, *, #6453, .F. ) ;
#7753 = CARTESIAN_POINT ( 'NONE',  ( 8.348587370105670757, 7.739605449755835309, 13.01764705246431042 ) ) ;
#7754 = EDGE_CURVE ( 'NONE', #8327, #8078, #4698, .T. ) ;
#7755 = ADVANCED_FACE ( 'NONE', ( #57 ), #8206, .T. ) ;
#7756 = DIRECTION ( 'NONE',  ( 1.099385171488954275E-14, -0.9506286045416315611, 0.3103308818458616614 ) ) ;
#7757 = FACE_OUTER_BOUND ( 'NONE', #3223, .T. ) ;
#7758 = DIRECTION ( 'NONE',  ( 1.000000000000000000, 0.000000000000000000, -0.000000000000000000 ) ) ;
#7759 = ORIENTED_EDGE ( 'NONE', *, *, #1659, .T. ) ;
#7760 = AXIS2_PLACEMENT_3D ( 'NONE', #5002, #7741, #4399 ) ;
#7761 = B_SPLINE_CURVE_WITH_KNOTS ( 'NONE', 3,
 ( #1565, #6950, #3645, #1521, #259, #6254 ),
 .UNSPECIFIED., .F., .F.,
 ( 4, 2, 4 ),
 ( 2.046654927788529075E-07, 0.0004004329055173510882, 0.0008006611455419233858 ),
 .UNSPECIFIED. ) ;
#7762 = CARTESIAN_POINT ( 'NONE',  ( 1.890446184099030599E-15, 7.640146579567915985, -15.43666455842805085 ) ) ;
#7763 = CARTESIAN_POINT ( 'NONE',  ( 15.20279579551075777, 11.50004516124002052, 14.49568901432426671 ) ) ;
#7764 = CARTESIAN_POINT ( 'NONE',  ( -13.42315674506856737, 8.340567691685636831, 8.980364904031473472 ) ) ;
#7765 = EDGE_CURVE ( 'NONE', #7050, #1045, #881, .T. ) ;
#7766 = ORIENTED_EDGE ( 'NONE', *, *, #62, .F. ) ;
#7767 = CARTESIAN_POINT ( 'NONE',  ( -8.821893311781106917, 10.82149271643175759, -13.73145128284950900 ) ) ;
#7768 = ORIENTED_EDGE ( 'NONE', *, *, #8466, .F. ) ;
#7769 = CARTESIAN_POINT ( 'NONE',  ( 8.000000000000147438, 13.25000000000068745, -15.45172114225289484 ) ) ;
#7770 = AXIS2_PLACEMENT_3D ( 'NONE', #255, #3461, #2168 ) ;
#7771 = EDGE_LOOP ( 'NONE', ( #872, #1264 ) ) ;
#7772 = ORIENTED_EDGE ( 'NONE', *, *, #4358, .F. ) ;
#7773 = CARTESIAN_POINT ( 'NONE',  ( 2.375814790345864793E-15, 15.49999999999999645, -19.39999999999999858 ) ) ;
#7774 = CIRCLE ( 'NONE', #2492, 2.811851371712978054 ) ;
#7775 = DIRECTION ( 'NONE',  ( 0.7071067811865463515, 0.000000000000000000, 0.7071067811865487940 ) ) ;
#7776 = CARTESIAN_POINT ( 'NONE',  ( -8.749999999999998224, 9.831481917069787357, -13.78744740349817022 ) ) ;
#7777 = CARTESIAN_POINT ( 'NONE',  ( 10.64979063314487995, 10.00000000000000355, -12.06400419551793313 ) ) ;
#7778 = CARTESIAN_POINT ( 'NONE',  ( 8.750000000000003553, 8.500000000000007105, -13.34286252986123245 ) ) ;
#7779 = DIRECTION ( 'NONE',  ( 0.000000000000000000, 0.000000000000000000, 1.000000000000000000 ) ) ;
#7780 = AXIS2_PLACEMENT_3D ( 'NONE', #4012, #6452, #7095 ) ;
#7781 = VERTEX_POINT ( 'NONE', #5973 ) ;
#7782 = CARTESIAN_POINT ( 'NONE',  ( 6.758600903955068517, 6.662549834341092492, 16.30263978947035142 ) ) ;
#7783 = ORIENTED_EDGE ( 'NONE', *, *, #7968, .T. ) ;
#7784 = CIRCLE ( 'NONE', #2068, 2.991318522074775110 ) ;
#7785 = CARTESIAN_POINT ( 'NONE',  ( -8.032191748609125881, 7.640146583018761817, -13.18293903695964175 ) ) ;
#7786 = CARTESIAN_POINT ( 'NONE',  ( -14.50330951220169595, 11.60021842059151531, -8.976047561179456125 ) ) ;
#7787 = ORIENTED_EDGE ( 'NONE', *, *, #3044, .T. ) ;
#7788 = DIRECTION ( 'NONE',  ( 0.7071067811865484609, 0.000000000000000000, -0.7071067811865466846 ) ) ;
#7789 = ORIENTED_EDGE ( 'NONE', *, *, #5250, .T. ) ;
#7790 = CARTESIAN_POINT ( 'NONE',  ( -13.46263208861412330, 9.863111770941317857, 8.749999999999998224 ) ) ;
#7791 = CARTESIAN_POINT ( 'NONE',  ( -8.818749239510207616, 8.540146579567894136, 12.97309164460358133 ) ) ;
#7792 = DIRECTION ( 'NONE',  ( -0.7071067811865487940, -0.000000000000000000, 0.7071067811865463515 ) ) ;
#7793 = CIRCLE ( 'NONE', #264, 0.1499999999999995226 ) ;
#7794 = EDGE_CURVE ( 'NONE', #211, #4572, #4803, .T. ) ;
#7795 = DIRECTION ( 'NONE',  ( -1.000000000000000000, -9.969746174306166895E-17, 0.000000000000000000 ) ) ;
#7796 = EDGE_LOOP ( 'NONE', ( #6691, #4646, #6528, #7474, #6168 ) ) ;
#7797 = DIRECTION ( 'NONE',  ( -0.000000000000000000, -0.000000000000000000, 1.000000000000000000 ) ) ;
#7798 = AXIS2_PLACEMENT_3D ( 'NONE', #1842, #2464, #535 ) ;
#7799 = DIRECTION ( 'NONE',  ( -0.000000000000000000, -1.000000000000000000, -0.000000000000000000 ) ) ;
#7800 = CARTESIAN_POINT ( 'NONE',  ( 8.750000000000005329, 8.413726081778207799, 13.60124325485369923 ) ) ;
#7801 = CARTESIAN_POINT ( 'NONE',  ( 8.750000000000003553, 8.499999999999980460, -13.09261806874831535 ) ) ;
#7802 = ORIENTED_EDGE ( 'NONE', *, *, #7166, .F. ) ;
#7803 = EDGE_LOOP ( 'NONE', ( #1814, #5553 ) ) ;
#7804 = VECTOR ( 'NONE', #5521, 1000.000000000000000 ) ;
#7805 = ADVANCED_FACE ( 'NONE', ( #2017 ), #2849, .T. ) ;
#7806 = EDGE_CURVE ( 'NONE', #4487, #1790, #3880, .T. ) ;
#7807 = CARTESIAN_POINT ( 'NONE',  ( 0.000000000000000000, 7.749999999999998224, 0.000000000000000000 ) ) ;
#7808 = DIRECTION ( 'NONE',  ( 0.000000000000000000, 0.000000000000000000, 1.000000000000000000 ) ) ;
#7809 = CARTESIAN_POINT ( 'NONE',  ( -8.819018948782000322, 8.729803938266966767, -13.03657409507485454 ) ) ;
#7810 = VERTEX_POINT ( 'NONE', #6054 ) ;
#7811 = CIRCLE ( 'NONE', #8215, 0.1500000000000007161 ) ;
#7812 = EDGE_LOOP ( 'NONE', ( #8257, #6938, #776, #6095 ) ) ;
#7813 = ORIENTED_EDGE ( 'NONE', *, *, #2953, .F. ) ;
#7814 = CARTESIAN_POINT ( 'NONE',  ( 15.10459908574242149, 13.10652940250566090, -8.451203170162942868 ) ) ;
#7815 = EDGE_CURVE ( 'NONE', #7536, #2015, #1016, .T. ) ;
#7816 = AXIS2_PLACEMENT_3D ( 'NONE', #1002, #266, #8284 ) ;
#7817 = DIRECTION ( 'NONE',  ( 0.000000000000000000, 1.000000000000000000, 0.000000000000000000 ) ) ;
#7818 = DIRECTION ( 'NONE',  ( 0.000000000000000000, 0.000000000000000000, 1.000000000000000000 ) ) ;
#7819 = DIRECTION ( 'NONE',  ( -0.000000000000000000, -0.000000000000000000, 1.000000000000000000 ) ) ;
#7820 = ORIENTED_EDGE ( 'NONE', *, *, #1769, .T. ) ;
#7821 = CARTESIAN_POINT ( 'NONE',  ( 15.20279579551075777, 11.50004516124002052, 14.49568901432426671 ) ) ;
#7822 = ORIENTED_EDGE ( 'NONE', *, *, #5957, .T. ) ;
#7823 = CARTESIAN_POINT ( 'NONE',  ( -8.511079952560240969, 7.939167140484820528, -13.59503840427237087 ) ) ;
#7824 = LINE ( 'NONE', #1848, #2480 ) ;
#7825 = ADVANCED_FACE ( 'NONE', ( #5890 ), #5927, .F. ) ;
#7826 = CARTESIAN_POINT ( 'NONE',  ( 14.37797326388184871, 12.79986805340114131, -8.824401017278265869 ) ) ;
#7827 = CARTESIAN_POINT ( 'NONE',  ( -8.818749239510207616, 8.540146579567920782, -12.97309164460349074 ) ) ;
#7828 = CARTESIAN_POINT ( 'NONE',  ( -8.202938254399782636, 13.25000000000000533, -15.08957488356716325 ) ) ;
#7829 = ORIENTED_EDGE ( 'NONE', *, *, #2032, .T. ) ;
#7830 = DIRECTION ( 'NONE',  ( 1.224646799147357151E-16, 0.000000000000000000, -1.000000000000000000 ) ) ;
#7831 = VERTEX_POINT ( 'NONE', #3523 ) ;
#7832 = DIRECTION ( 'NONE',  ( -0.6813100476940172623, 0.2676438637860938941, -0.6813100476940191497 ) ) ;
#7833 = CARTESIAN_POINT ( 'NONE',  ( 11.10597989881917336, 9.555239540389704800, -12.18627965208493080 ) ) ;
#7834 = AXIS2_PLACEMENT_3D ( 'NONE', #6725, #813, #6810 ) ;
#7835 = AXIS2_PLACEMENT_3D ( 'NONE', #1837, #4046, #5924 ) ;
#7836 = CARTESIAN_POINT ( 'NONE',  ( 0.000000000000000000, 16.49999999999999645, 0.000000000000000000 ) ) ;
#7837 = ORIENTED_EDGE ( 'NONE', *, *, #3726, .T. ) ;
#7838 = DIRECTION ( 'NONE',  ( -0.000000000000000000, -1.000000000000000000, -0.000000000000000000 ) ) ;
#7839 = CARTESIAN_POINT ( 'NONE',  ( 15.55634918610403616, 11.00004516124001697, 14.14213562373099009 ) ) ;
#7840 = ADVANCED_FACE ( 'NONE', ( #8128 ), #8253, .T. ) ;
#7841 = CARTESIAN_POINT ( 'NONE',  ( 12.28076636725513282, 10.85530070153508397, 12.28076636714039971 ) ) ;
#7842 = CIRCLE ( 'NONE', #4239, 1.750000000000001110 ) ;
#7843 = LINE ( 'NONE', #5246, #4887 ) ;
#7844 = AXIS2_PLACEMENT_3D ( 'NONE', #1512, #8022, #6850 ) ;
#7845 = ORIENTED_EDGE ( 'NONE', *, *, #3821, .T. ) ;
#7846 = B_SPLINE_CURVE_WITH_KNOTS ( 'NONE', 3,
 ( #8232, #7461, #1976, #4611 ),
 .UNSPECIFIED., .F., .F.,
 ( 4, 4 ),
 ( 2.076015043198405499E-07, 0.001038212668434455085 ),
 .UNSPECIFIED. ) ;
#7847 = CARTESIAN_POINT ( 'NONE',  ( 18.19999999999999929, 15.49999999999999289, -2.228857174448182931E-15 ) ) ;
#7848 = AXIS2_PLACEMENT_3D ( 'NONE', #3941, #4540, #602 ) ;
#7849 = VECTOR ( 'NONE', #1481, 1000.000000000000114 ) ;
#7850 = CARTESIAN_POINT ( 'NONE',  ( -13.75014605625137953, 9.317154316690071880, 8.979008442493270792 ) ) ;
#7851 = CARTESIAN_POINT ( 'NONE',  ( 8.347163094220972468, 7.828879300272219233, -13.14411714072074666 ) ) ;
#7852 = VERTEX_POINT ( 'NONE', #7473 ) ;
#7853 = EDGE_CURVE ( 'NONE', #1855, #2387, #5641, .T. ) ;
#7854 = CARTESIAN_POINT ( 'NONE',  ( -8.701329323794553261, 13.01206614368964232, 14.52166655930769501 ) ) ;
#7855 = ADVANCED_FACE ( 'NONE', ( #2147 ), #478, .T. ) ;
#7856 = ORIENTED_EDGE ( 'NONE', *, *, #1507, .F. ) ;
#7857 = ORIENTED_EDGE ( 'NONE', *, *, #754, .F. ) ;
#7858 = AXIS2_PLACEMENT_3D ( 'NONE', #403, #7646, #963 ) ;
#7859 = CARTESIAN_POINT ( 'NONE',  ( 13.24659978108555514, 7.640146579567910656, 7.925793772813722882 ) ) ;
#7860 = CARTESIAN_POINT ( 'NONE',  ( -12.11310551425122739, 11.50004516124001874, -11.21752489941969166 ) ) ;
#7861 = CARTESIAN_POINT ( 'NONE',  ( -7.999999999999989342, 13.40000000000000036, 15.21759819039019845 ) ) ;
#7862 = CARTESIAN_POINT ( 'NONE',  ( -13.30637223668989577, 7.750000000000000888, 8.089486343373373245 ) ) ;
#7863 = AXIS2_PLACEMENT_3D ( 'NONE', #1088, #260, #2941 ) ;
#7864 = DIRECTION ( 'NONE',  ( 0.000000000000000000, 1.000000000000000000, -0.000000000000000000 ) ) ;
#7865 = CARTESIAN_POINT ( 'NONE',  ( -13.34286252986123600, 8.500000000000007105, 8.900000000000000355 ) ) ;
#7866 = ORIENTED_EDGE ( 'NONE', *, *, #2076, .T. ) ;
#7867 = EDGE_CURVE ( 'NONE', #6163, #626, #6750, .T. ) ;
#7868 = DIRECTION ( 'NONE',  ( -1.084202172485505174E-16, 1.000000000000000000, 0.000000000000000000 ) ) ;
#7869 = ORIENTED_EDGE ( 'NONE', *, *, #7387, .F. ) ;
#7870 = CARTESIAN_POINT ( 'NONE',  ( -8.980199218265397576, 8.459853420432095206, -13.46309704045871847 ) ) ;
#7871 = CARTESIAN_POINT ( 'NONE',  ( 15.04291915982845218, 13.25000000000075140, -7.908169986681908625 ) ) ;
#7872 = DIRECTION ( 'NONE',  ( -0.7071067811865487940, -0.000000000000000000, 0.7071067811865463515 ) ) ;
#7873 = CARTESIAN_POINT ( 'NONE',  ( -8.448927483757852741, 7.801298536508821435, -12.97298074387758327 ) ) ;
#7874 = ORIENTED_EDGE ( 'NONE', *, *, #3179, .F. ) ;
#7875 = CARTESIAN_POINT ( 'NONE',  ( 0.000000000000000000, 7.749999999999999112, 13.12193181625839422 ) ) ;
#7876 = EDGE_LOOP ( 'NONE', ( #3512, #3876 ) ) ;
#7877 = EDGE_CURVE ( 'NONE', #486, #1523, #712, .T. ) ;
#7878 = CARTESIAN_POINT ( 'NONE',  ( 13.49484738903549363, 8.554679045303890561, 8.980067507150707229 ) ) ;
#7879 = ORIENTED_EDGE ( 'NONE', *, *, #3724, .T. ) ;
#7880 = DIRECTION ( 'NONE',  ( -0.7071067811865483499, 0.000000000000000000, 0.7071067811865466846 ) ) ;
#7881 = DIRECTION ( 'NONE',  ( 0.7071067811865486830, -7.254501464232435261E-17, -0.7071067811865465735 ) ) ;
#7882 = ORIENTED_EDGE ( 'NONE', *, *, #1084, .T. ) ;
#7883 = DIRECTION ( 'NONE',  ( 0.000000000000000000, 1.000000000000000000, 0.000000000000000000 ) ) ;
#7884 = FACE_OUTER_BOUND ( 'NONE', #986, .T. ) ;
#7885 = CARTESIAN_POINT ( 'NONE',  ( -11.58472941820203417, 11.50004516124002407, -12.48028280775211840 ) ) ;
#7886 = CARTESIAN_POINT ( 'NONE',  ( 7.999999999999996447, 13.40000000000000213, 15.21759819039019135 ) ) ;
#7887 = CARTESIAN_POINT ( 'NONE',  ( -21.00000000000002132, 7.750000000000001776, -7.999999999999996447 ) ) ;
#7888 =( BOUNDED_SURFACE ( )  B_SPLINE_SURFACE ( 3, 2, ( 
 ( #764, #7409, #3447 ),
 ( #2749, #7366, #6111 ),
 ( #8018, #4070, #6073 ),
 ( #2066, #6721, #2027 ),
 ( #4710, #4109, #721 ),
 ( #3407, #74, #5411 ),
 ( #108, #8054, #2790 ),
 ( #5455, #1332, #6666 ) ),
 .UNSPECIFIED., .F., .F., .F. ) 
 B_SPLINE_SURFACE_WITH_KNOTS ( ( 4, 2, 2, 4 ),
 ( 3, 3 ),
 ( 0.000000000000000000, 0.0004036688787783294409, 0.0008073377575566588818, 0.001614675515113317764 ),
 ( 0.000000000000000000, 1.000000000000000000 ),
 .UNSPECIFIED. ) 
 GEOMETRIC_REPRESENTATION_ITEM ( )  RATIONAL_B_SPLINE_SURFACE ( (
 ( 1.000000000000000000, 0.4999891725456152569, 1.000000000000000000),
 ( 1.000000000000000000, 0.5197078490997838474, 1.000000000000000000),
 ( 1.000000000000000000, 0.5456012001867386330, 1.000000000000000000),
 ( 1.000000000000000000, 0.5997498632868093482, 1.000000000000000000),
 ( 1.000000000000000000, 0.6280861849767415128, 1.000000000000000000),
 ( 1.000000000000000000, 0.7090358915270597029, 1.000000000000000000),
 ( 1.000000000000000000, 0.7588536844507998147, 1.000000000000000000),
 ( 1.000000000000000000, 0.7961293436954848257, 1.000000000000000000) ) ) 
 REPRESENTATION_ITEM ( '' )  SURFACE ( )  );
#7889 = CARTESIAN_POINT ( 'NONE',  ( -18.20000000000000284, 16.51447992314274771, -36.39999999999999147 ) ) ;
#7890 = CARTESIAN_POINT ( 'NONE',  ( -14.75232311859087986, 12.36476963144510854, 8.975118759127159507 ) ) ;
#7891 = DIRECTION ( 'NONE',  ( -0.000000000000000000, -1.000000000000000000, -0.000000000000000000 ) ) ;
#7892 = ORIENTED_EDGE ( 'NONE', *, *, #2348, .F. ) ;
#7893 = CYLINDRICAL_SURFACE ( 'NONE', #1231, 0.7500000000000006661 ) ;
#7894 = AXIS2_PLACEMENT_3D ( 'NONE', #1504, #842, #6797 ) ;
#7895 = ORIENTED_EDGE ( 'NONE', *, *, #7744, .T. ) ;
#7896 = CARTESIAN_POINT ( 'NONE',  ( -14.41636719170869263, 12.49999999999999467, -8.750000000000001776 ) ) ;
#7897 = EDGE_CURVE ( 'NONE', #5115, #5478, #194, .T. ) ;
#7898 = DIRECTION ( 'NONE',  ( -0.000000000000000000, -1.000000000000000000, -0.000000000000000000 ) ) ;
#7899 = ORIENTED_EDGE ( 'NONE', *, *, #3983, .F. ) ;
#7900 = CIRCLE ( 'NONE', #7770, 10.03932046860025906 ) ;
#7901 = CARTESIAN_POINT ( 'NONE',  ( 8.750000000000003553, 12.49999999999999467, -14.41636719170869263 ) ) ;
#7902 = DIRECTION ( 'NONE',  ( -0.7071067811865475727, 0.000000000000000000, 0.7071067811865475727 ) ) ;
#7903 = ORIENTED_EDGE ( 'NONE', *, *, #6024, .T. ) ;
#7904 = CARTESIAN_POINT ( 'NONE',  ( -8.824077831548111206, 12.54014657956790657, 14.29338720761957759 ) ) ;
#7905 = EDGE_LOOP ( 'NONE', ( #5322, #3470 ) ) ;
#7906 = DIRECTION ( 'NONE',  ( 0.000000000000000000, 0.000000000000000000, -1.000000000000000000 ) ) ;
#7907 = VERTEX_POINT ( 'NONE', #2823 ) ;
#7908 = DIRECTION ( 'NONE',  ( 0.6813100476940172623, -0.2676438637860939496, 0.6813100476940193717 ) ) ;
#7909 = CLOSED_SHELL ( 'NONE', ( #2219, #8124, #7129, #7043, #3011, #7695, #4265, #2100, #25 ) ) ;
#7910 = CARTESIAN_POINT ( 'NONE',  ( -11.97935904679073360, 9.742984316399608602, -10.63808027838645920 ) ) ;
#7911 = EDGE_CURVE ( 'NONE', #1039, #7405, #7025, .T. ) ;
#7912 = CARTESIAN_POINT ( 'NONE',  ( -13.09261806874831890, 8.499999999999980460, -8.750000000000001776 ) ) ;
#7913 = EDGE_CURVE ( 'NONE', #2318, #7475, #5156, .T. ) ;
#7914 = CARTESIAN_POINT ( 'NONE',  ( -7.941461297367347960, 7.750000000000001776, -13.27278535104501067 ) ) ;
#7915 = LINE ( 'NONE', #4699, #4990 ) ;
#7916 = EDGE_LOOP ( 'NONE', ( #1864, #7412, #6338, #2047, #1897, #1259, #3797, #2215 ) ) ;
#7917 = CARTESIAN_POINT ( 'NONE',  ( -7.999999999999991118, 7.749999999999996447, 13.37062271443167916 ) ) ;
#7918 = ORIENTED_EDGE ( 'NONE', *, *, #5861, .T. ) ;
#7919 = AXIS2_PLACEMENT_3D ( 'NONE', #2196, #6278, #7015 ) ;
#7920 = ORIENTED_EDGE ( 'NONE', *, *, #14, .T. ) ;
#7921 = CARTESIAN_POINT ( 'NONE',  ( 12.97309164460348896, 8.540146579567922558, -8.818749239510212945 ) ) ;
#7922 = ORIENTED_EDGE ( 'NONE', *, *, #4307, .T. ) ;
#7923 = CARTESIAN_POINT ( 'NONE',  ( 13.51820323433159388, 10.85530070153508397, 11.04332950006394221 ) ) ;
#7924 = AXIS2_PLACEMENT_3D ( 'NONE', #6113, #7486, #31 ) ;
#7925 = ADVANCED_FACE ( 'NONE', ( #4260 ), #479, .T. ) ;
#7926 = FACE_OUTER_BOUND ( 'NONE', #2006, .T. ) ;
#7927 = VERTEX_POINT ( 'NONE', #7778 ) ;
#7928 = CARTESIAN_POINT ( 'NONE',  ( -12.43164150781003308, 10.00004516124002407, -11.01742794543697812 ) ) ;
#7929 = DIRECTION ( 'NONE',  ( -0.8851401627399688721, -1.023648946556631152E-14, -0.4653245021537783521 ) ) ;
#7930 = CARTESIAN_POINT ( 'NONE',  ( 12.25349937686476487, 11.05603359936995744, 12.60705276735019353 ) ) ;
#7931 = CARTESIAN_POINT ( 'NONE',  ( 8.750000000000003553, 11.16497763733323900, 14.22591835444796615 ) ) ;
#7932 = VECTOR ( 'NONE', #5332, 1000.000000000000000 ) ;
#7933 = CARTESIAN_POINT ( 'NONE',  ( -8.980067507150705453, 8.554679045303890561, 13.49484738903549541 ) ) ;
#7934 = EDGE_LOOP ( 'NONE', ( #5790, #4300, #1891, #2426 ) ) ;
#7935 = CARTESIAN_POINT ( 'NONE',  ( 15.30040869374140122, 13.26444114494500859, 8.533508299221187698 ) ) ;
#7936 = EDGE_CURVE ( 'NONE', #6648, #1448, #616, .T. ) ;
#7937 = DIRECTION ( 'NONE',  ( -0.7071067811865475727, 0.000000000000000000, 0.7071067811865475727 ) ) ;
#7938 = CARTESIAN_POINT ( 'NONE',  ( 15.20279579551080928, 11.00000000000000000, -14.49568901432421164 ) ) ;
#7939 = CARTESIAN_POINT ( 'NONE',  ( 13.50809912006191738, 7.658913016980585908, -8.502497236551510795 ) ) ;
#7940 = EDGE_LOOP ( 'NONE', ( #1446, #8378, #1694, #3362 ) ) ;
#7941 = CARTESIAN_POINT ( 'NONE',  ( -8.746115887068715011, 12.64399625812342265, 14.37528664516966970 ) ) ;
#7942 = B_SPLINE_CURVE_WITH_KNOTS ( 'NONE', 3,
 ( #1629, #4308, #6972, #972, #6496, #2422 ),
 .UNSPECIFIED., .F., .F.,
 ( 4, 2, 4 ),
 ( 0.0007975931796256739053, 0.001193785196917240268, 0.001589977214208806522 ),
 .UNSPECIFIED. ) ;
#7943 = ORIENTED_EDGE ( 'NONE', *, *, #7118, .T. ) ;
#7944 = AXIS2_PLACEMENT_3D ( 'NONE', #1777, #4862, #3731 ) ;
#7945 = ORIENTED_EDGE ( 'NONE', *, *, #2794, .F. ) ;
#7946 = DIRECTION ( 'NONE',  ( 0.000000000000000000, 1.000000000000000000, 0.000000000000000000 ) ) ;
#7947 = CARTESIAN_POINT ( 'NONE',  ( 8.750000000000003553, 12.49999999999999467, -21.00000000000002132 ) ) ;
#7948 = B_SPLINE_CURVE_WITH_KNOTS ( 'NONE', 3,
 ( #4580, #5239, #5858, #3935 ),
 .UNSPECIFIED., .F., .F.,
 ( 4, 4 ),
 ( 0.000000000000000000, 1.000000000000000000 ),
 .UNSPECIFIED. ) ;
#7949 = CARTESIAN_POINT ( 'NONE',  ( 8.978772366520777481, 9.503303626097590495, -13.81125204790689942 ) ) ;
#7950 = TOROIDAL_SURFACE ( 'NONE', #6575, 15.78876493034220374, 0.1499999999999999944 ) ;
#7951 = CARTESIAN_POINT ( 'NONE',  ( -8.280077948702453838, 13.23519160841765441, 15.43046864966747833 ) ) ;
#7952 = DIRECTION ( 'NONE',  ( 8.966701452695621111E-17, 0.6811039424772868944, -0.7321867381630841054 ) ) ;
#7953 = VERTEX_POINT ( 'NONE', #7735 ) ;
#7954 = CARTESIAN_POINT ( 'NONE',  ( 8.073230648290536493, 7.559853420432087745, 13.73654834780745482 ) ) ;
#7955 = EDGE_LOOP ( 'NONE', ( #5893, #4657 ) ) ;
#7956 = LINE ( 'NONE', #6621, #8618 ) ;
#7957 = EDGE_CURVE ( 'NONE', #5740, #8550, #3564, .T. ) ;
#7958 = ORIENTED_EDGE ( 'NONE', *, *, #4620, .T. ) ;
#7959 = CARTESIAN_POINT ( 'NONE',  ( 13.46321776612805365, 7.720450260220347083, 8.604845321337970532 ) ) ;
#7960 = CIRCLE ( 'NONE', #4077, 0.1499999999999995226 ) ;
#7961 = CARTESIAN_POINT ( 'NONE',  ( 11.19226741923721313, 9.500045161240022296, 12.08657129922723428 ) ) ;
#7962 = CARTESIAN_POINT ( 'NONE',  ( -8.173336394003344552, 7.764438374762626438, -13.25012511095119905 ) ) ;
#7963 = EDGE_LOOP ( 'NONE', ( #6743, #1076, #3817, #2832, #1625 ) ) ;
#7964 = CARTESIAN_POINT ( 'NONE',  ( -8.749999999999998224, 11.16487894244642298, 13.98051948716662984 ) ) ;
#7965 = ORIENTED_EDGE ( 'NONE', *, *, #4931, .T. ) ;
#7966 = ORIENTED_EDGE ( 'NONE', *, *, #6856, .F. ) ;
#7967 = CARTESIAN_POINT ( 'NONE',  ( -14.41636719170869618, 12.49999999999999289, -8.750000000000001776 ) ) ;
#7968 = EDGE_CURVE ( 'NONE', #7810, #293, #3181, .T. ) ;
#7969 = EDGE_LOOP ( 'NONE', ( #5898, #6441, #8430, #2746 ) ) ;
#7970 = EDGE_CURVE ( 'NONE', #7287, #5978, #5504, .T. ) ;
#7971 = CARTESIAN_POINT ( 'NONE',  ( 0.000000000000000000, 7.749999999999998224, 0.000000000000000000 ) ) ;
#7972 = DIRECTION ( 'NONE',  ( 1.000000000000000000, -0.000000000000000000, 0.000000000000000000 ) ) ;
#7973 = DIRECTION ( 'NONE',  ( -0.7071067811865474617, 0.000000000000000000, 0.7071067811865474617 ) ) ;
#7974 = CARTESIAN_POINT ( 'NONE',  ( -13.09261806874822653, 8.500000000000007105, -8.750000000000001776 ) ) ;
#7975 = CARTESIAN_POINT ( 'NONE',  ( 0.000000000000000000, 7.640146579567915985, 0.000000000000000000 ) ) ;
#7976 = VERTEX_POINT ( 'NONE', #7598 ) ;
#7977 = CARTESIAN_POINT ( 'NONE',  ( 12.74899236071913222, 11.77867203160180587, 12.39543897003868977 ) ) ;
#7978 = CARTESIAN_POINT ( 'NONE',  ( 0.000000000000000000, 7.749999999999999112, 0.000000000000000000 ) ) ;
#7979 = EDGE_CURVE ( 'NONE', #5078, #1336, #2429, .T. ) ;
#7980 = CARTESIAN_POINT ( 'NONE',  ( -8.977134644401315811, 10.74122420985701964, 14.22134909590587704 ) ) ;
#7981 = EDGE_LOOP ( 'NONE', ( #7996, #2102, #7304, #7742, #3536 ) ) ;
#7982 = AXIS2_PLACEMENT_3D ( 'NONE', #3863, #3287, #7335 ) ;
#7983 = CARTESIAN_POINT ( 'NONE',  ( 13.22499999999999254, 15.49999999999999467, -26.44999999999998508 ) ) ;
#7984 = FACE_OUTER_BOUND ( 'NONE', #7934, .T. ) ;
#7985 = AXIS2_PLACEMENT_3D ( 'NONE', #5987, #7838, #3894 ) ;
#7986 = CIRCLE ( 'NONE', #4369, 11.12193181625839244 ) ;
#7987 = CARTESIAN_POINT ( 'NONE',  ( -8.200612716380469180, 13.25000000000000178, 15.09104191705515952 ) ) ;
#7988 = EDGE_CURVE ( 'NONE', #8106, #481, #4675, .T. ) ;
#7989 = VERTEX_POINT ( 'NONE', #3082 ) ;
#7990 = AXIS2_PLACEMENT_3D ( 'NONE', #1809, #7134, #5234 ) ;
#7991 = CIRCLE ( 'NONE', #2981, 15.95329050854807740 ) ;
#7992 = DIRECTION ( 'NONE',  ( 0.000000000000000000, -1.000000000000000000, 0.000000000000000000 ) ) ;
#7993 = DIRECTION ( 'NONE',  ( 0.7071067811865457964, 0.000000000000000000, 0.7071067811865492381 ) ) ;
#7994 = CARTESIAN_POINT ( 'NONE',  ( -8.066449984402437323, 13.35985342043277235, 15.58006697086425696 ) ) ;
#7995 = FACE_BOUND ( 'NONE', #7108, .T. ) ;
#7996 = ORIENTED_EDGE ( 'NONE', *, *, #798, .F. ) ;
#7997 = CARTESIAN_POINT ( 'NONE',  ( -8.749999999999998224, 12.49999999999999289, -14.41636719170869618 ) ) ;
#7998 = AXIS2_PLACEMENT_3D ( 'NONE', #6576, #2562, #1894 ) ;
#7999 = DIRECTION ( 'NONE',  ( 0.000000000000000000, 0.000000000000000000, -1.000000000000000000 ) ) ;
#8000 = ORIENTED_EDGE ( 'NONE', *, *, #6119, .F. ) ;
#8001 = EDGE_LOOP ( 'NONE', ( #8504, #5720, #355, #1241 ) ) ;
#8002 = DIRECTION ( 'NONE',  ( 0.6813100476940172623, -0.2676438637860938941, 0.6813100476940192607 ) ) ;
#8003 = CARTESIAN_POINT ( 'NONE',  ( 11.28870837891545520, 9.500045161240020519, 11.99581516010203863 ) ) ;
#8004 = VECTOR ( 'NONE', #7952, 1000.000000000000000 ) ;
#8005 = EDGE_CURVE ( 'NONE', #5051, #5254, #5038, .T. ) ;
#8006 = CARTESIAN_POINT ( 'NONE',  ( 15.45172114225276339, 13.24999999999999822, 7.999999999999992895 ) ) ;
#8007 = CARTESIAN_POINT ( 'NONE',  ( -8.581472475384840592, 8.015449931258261884, -13.03442487726323229 ) ) ;
#8008 = CARTESIAN_POINT ( 'NONE',  ( 18.93724281577042134, 10.99698500754461783, 5.826724824091527033 ) ) ;
#8009 = ORIENTED_EDGE ( 'NONE', *, *, #1884, .T. ) ;
#8010 = CARTESIAN_POINT ( 'NONE',  ( -15.21759819039019312, 13.25000000000000178, -7.999999999999996447 ) ) ;
#8011 = ORIENTED_EDGE ( 'NONE', *, *, #4724, .T. ) ;
#8012 = CARTESIAN_POINT ( 'NONE',  ( 0.000000000000000000, 1.999999999999999112, 0.000000000000000000 ) ) ;
#8013 = EDGE_CURVE ( 'NONE', #5090, #4719, #2725, .T. ) ;
#8014 = FACE_OUTER_BOUND ( 'NONE', #5744, .T. ) ;
#8015 = ADVANCED_FACE ( 'NONE', ( #2409 ), #5087, .F. ) ;
#8016 = DIRECTION ( 'NONE',  ( 0.4597733903931811028, -1.026998251629460045E-14, 0.8880362771229335372 ) ) ;
#8017 = CARTESIAN_POINT ( 'NONE',  ( 7.908169986681753194, 13.25000000000000178, -15.04291915982828698 ) ) ;
#8018 = CARTESIAN_POINT ( 'NONE',  ( -14.75836589588137571, 12.70977119702113356, -8.726911407709504687 ) ) ;
#8019 = CARTESIAN_POINT ( 'NONE',  ( 14.14213562373093680, 10.00004516124002407, 15.55634918610408235 ) ) ;
#8020 = CARTESIAN_POINT ( 'NONE',  ( 8.000000000000003553, 12.50000000000000000, -21.00000000000002132 ) ) ;
#8021 = EDGE_CURVE ( 'NONE', #693, #5472, #2544, .T. ) ;
#8022 = DIRECTION ( 'NONE',  ( -0.6813100476940174843, 0.2676438637860937275, -0.6813100476940190386 ) ) ;
#8023 = EDGE_CURVE ( 'NONE', #4915, #3678, #7723, .T. ) ;
#8024 = CARTESIAN_POINT ( 'NONE',  ( 7.999999999999998224, 7.750000000000001776, 13.37062271443167738 ) ) ;
#8025 = DIRECTION ( 'NONE',  ( -0.000000000000000000, -1.000000000000000000, -0.000000000000000000 ) ) ;
#8026 = VERTEX_POINT ( 'NONE', #2317 ) ;
#8027 = CARTESIAN_POINT ( 'NONE',  ( -13.98051948716662629, 11.16487894244641943, -8.750000000000001776 ) ) ;
#8028 = DIRECTION ( 'NONE',  ( 1.000000000000000000, -0.000000000000000000, -0.000000000000000000 ) ) ;
#8029 = EDGE_CURVE ( 'NONE', #6256, #6580, #4340, .T. ) ;
#8030 = CARTESIAN_POINT ( 'NONE',  ( -8.385923578136779355, 13.17048976614876743, 15.17417371512755686 ) ) ;
#8031 = DIRECTION ( 'NONE',  ( -0.8581257778159845362, 9.924072880788309323E-15, -0.5134395285208487314 ) ) ;
#8032 = VERTEX_POINT ( 'NONE', #3873 ) ;
#8033 = CARTESIAN_POINT ( 'NONE',  ( 8.980362733744847503, 8.342133252336239480, -13.42368093700153153 ) ) ;
#8034 = PLANE ( 'NONE',  #1668 ) ;
#8035 = VERTEX_POINT ( 'NONE', #2595 ) ;
#8036 = CARTESIAN_POINT ( 'NONE',  ( -8.099993220059733545, 7.749999999999997335, -13.78208468598914571 ) ) ;
#8037 =( BOUNDED_SURFACE ( )  B_SPLINE_SURFACE ( 3, 2, ( 
 ( #8134, #6838, #1339 ),
 ( #68, #7404, #3360 ),
 ( #4749, #5327, #5367 ),
 ( #681, #4028, #147 ) ),
 .UNSPECIFIED., .F., .F., .F. ) 
 B_SPLINE_SURFACE_WITH_KNOTS ( ( 4, 4 ),
 ( 3, 3 ),
 ( 0.000000000000000000, 0.004211198243782911591 ),
 ( 0.000000000000000000, 1.000000000000000000 ),
 .UNSPECIFIED. ) 
 GEOMETRIC_REPRESENTATION_ITEM ( )  RATIONAL_B_SPLINE_SURFACE ( (
 ( 1.000000000000000000, 0.4823580334654676838, 1.000000000000000000),
 ( 1.000000000000000000, 0.4887473536761029469, 1.000000000000000000),
 ( 1.000000000000000000, 0.4945821811962545222, 1.000000000000000000),
 ( 1.000000000000000000, 0.4999891725456262481, 1.000000000000000000) ) ) 
 REPRESENTATION_ITEM ( '' )  SURFACE ( )  );
#8038 = DIRECTION ( 'NONE',  ( -0.7071067811865475727, 0.000000000000000000, 0.7071067811865475727 ) ) ;
#8039 = FACE_OUTER_BOUND ( 'NONE', #6606, .T. ) ;
#8040 = CARTESIAN_POINT ( 'NONE',  ( -13.01685361416411268, 7.740448005246448382, 8.350262601051507971 ) ) ;
#8041 = ORIENTED_EDGE ( 'NONE', *, *, #5686, .T. ) ;
#8042 = CARTESIAN_POINT ( 'NONE',  ( 11.31460838340247399, 11.50000000000000000, -12.02171516458897749 ) ) ;
#8043 = ORIENTED_EDGE ( 'NONE', *, *, #1980, .F. ) ;
#8044 = B_SPLINE_CURVE_WITH_KNOTS ( 'NONE', 3,
 ( #4965, #8389, #1671, #5004, #6974, #3627 ),
 .UNSPECIFIED., .F., .F.,
 ( 4, 2, 4 ),
 ( 2.453269466693398698E-18, 0.0007182194465963652246, 0.001436438893192727847 ),
 .UNSPECIFIED. ) ;
#8045 = AXIS2_PLACEMENT_3D ( 'NONE', #697, #6041, #5513 ) ;
#8046 = VERTEX_POINT ( 'NONE', #8500 ) ;
#8047 = B_SPLINE_CURVE_WITH_KNOTS ( 'NONE', 3,
 ( #3602, #3782, #6951, #1744, #304, #8194 ),
 .UNSPECIFIED., .F., .F.,
 ( 4, 2, 4 ),
 ( 0.000000000000000000, 0.0008057386398456071238, 0.001611477279691214248 ),
 .UNSPECIFIED. ) ;
#8048 = CARTESIAN_POINT ( 'NONE',  ( 5.652384859552038066, 8.688837731353343585, 18.20485689643648186 ) ) ;
#8049 = PRODUCT_RELATED_PRODUCT_CATEGORY ( 'detail', '', ( #3554 ) ) ;
#8050 = DIRECTION ( 'NONE',  ( -0.000000000000000000, -1.000000000000000000, -0.000000000000000000 ) ) ;
#8051 = ORIENTED_EDGE ( 'NONE', *, *, #6494, .T. ) ;
#8052 = DIRECTION ( 'NONE',  ( 0.8851401627399719807, 0.000000000000000000, 0.4653245021537720238 ) ) ;
#8053 = DIRECTION ( 'NONE',  ( -0.000000000000000000, -1.000000000000000000, 0.000000000000000000 ) ) ;
#8054 = CARTESIAN_POINT ( 'NONE',  ( -15.43046864966781051, 13.23519160841665077, -8.280077948702752266 ) ) ;
#8055 = CARTESIAN_POINT ( 'NONE',  ( -21.00000000000002132, 8.500000000000001776, -8.000000000000001776 ) ) ;
#8056 = ORIENTED_EDGE ( 'NONE', *, *, #2763, .F. ) ;
#8057 = DIRECTION ( 'NONE',  ( -0.000000000000000000, -0.000000000000000000, 1.000000000000000000 ) ) ;
#8058 = EDGE_CURVE ( 'NONE', #1720, #431, #3253, .T. ) ;
#8059 = AXIS2_PLACEMENT_3D ( 'NONE', #5029, #7729, #1746 ) ;
#8060 = FACE_OUTER_BOUND ( 'NONE', #5189, .T. ) ;
#8061 = CARTESIAN_POINT ( 'NONE',  ( 8.101868673199001947, 13.25000000000000178, 15.38843115315011367 ) ) ;
#8062 = AXIS2_PLACEMENT_3D ( 'NONE', #7841, #5825, #3859 ) ;
#8063 = COORDINATED_UNIVERSAL_TIME_OFFSET ( 1, 0, .AHEAD. ) ;
#8064 = CARTESIAN_POINT ( 'NONE',  ( 8.238700874592471024, 10.38016710649807095, 16.28295780938763571 ) ) ;
#8065 = EDGE_CURVE ( 'NONE', #1414, #2568, #6485, .T. ) ;
#8066 = EDGE_LOOP ( 'NONE', ( #4903, #4345, #7148, #5042 ) ) ;
#8067 = EDGE_CURVE ( 'NONE', #5444, #7326, #7298, .T. ) ;
#8068 = VECTOR ( 'NONE', #3355, 1000.000000000000000 ) ;
#8069 = CARTESIAN_POINT ( 'NONE',  ( 14.86603972309398536, 13.10679400586694143, 8.450831500920978456 ) ) ;
#8070 = CARTESIAN_POINT ( 'NONE',  ( 14.43051474843837312, 12.75446084439891870, 8.714463382470700736 ) ) ;
#8071 = FACE_OUTER_BOUND ( 'NONE', #5580, .T. ) ;
#8072 = ORIENTED_EDGE ( 'NONE', *, *, #396, .F. ) ;
#8073 = CARTESIAN_POINT ( 'NONE',  ( 8.586732263547373734, 8.022202079329719737, -13.28177415231831127 ) ) ;
#8074 = DIRECTION ( 'NONE',  ( 0.000000000000000000, -0.000000000000000000, 1.000000000000000000 ) ) ;
#8075 = ORIENTED_EDGE ( 'NONE', *, *, #6064, .T. ) ;
#8076 = EDGE_CURVE ( 'NONE', #6161, #6300, #3988, .T. ) ;
#8077 = CARTESIAN_POINT ( 'NONE',  ( -8.444407693603389831, 7.881087260102564329, -13.61738552081211218 ) ) ;
#8078 = VERTEX_POINT ( 'NONE', #3958 ) ;
#8079 = CARTESIAN_POINT ( 'NONE',  ( 15.05641782987680344, 12.80068307768097213, -8.701114436120963802 ) ) ;
#8080 = CIRCLE ( 'NONE', #280, 19.39999999999999503 ) ;
#8081 = CARTESIAN_POINT ( 'NONE',  ( -8.955848606822312874, 8.217529388980956639, 13.39847186156539571 ) ) ;
#8082 = CARTESIAN_POINT ( 'NONE',  ( 8.166287261939432440, 13.41637423525960493, -14.95759213884066341 ) ) ;
#8083 = CARTESIAN_POINT ( 'NONE',  ( 12.97309164460348896, 8.540146579567922558, -8.818749239510212945 ) ) ;
#8084 = DIRECTION ( 'NONE',  ( -7.105427357601001859E-15, 0.000000000000000000, 1.000000000000000000 ) ) ;
#8085 = TOROIDAL_SURFACE ( 'NONE', #5460, 14.73991435042947806, 0.5000000000000008882 ) ;
#8086 = ORIENTED_EDGE ( 'NONE', *, *, #2732, .T. ) ;
#8087 = ADVANCED_FACE ( 'NONE', ( #3340 ), #5, .F. ) ;
#8088 = CARTESIAN_POINT ( 'NONE',  ( -8.749999999999998224, 12.49999999999999289, -14.65974925560510123 ) ) ;
#8089 = CARTESIAN_POINT ( 'NONE',  ( -21.00000000000002132, 8.500000000000007105, -8.750000000000001776 ) ) ;
#8090 = CONICAL_SURFACE ( 'NONE', #4486, 13.29311039424772645, 0.8215270139102243130 ) ;
#8091 = CARTESIAN_POINT ( 'NONE',  ( 8.750000000000003553, 11.16487894244644252, 13.98051948716655879 ) ) ;
#8092 = ORIENTED_EDGE ( 'NONE', *, *, #8341, .F. ) ;
#8093 = CARTESIAN_POINT ( 'NONE',  ( -8.899999999999998579, 8.500000000000007105, -13.09261806874823186 ) ) ;
#8094 = CARTESIAN_POINT ( 'NONE',  ( 8.750000000000005329, 12.60782990562151618, -14.45860826633808394 ) ) ;
#8095 = DIRECTION ( 'NONE',  ( -0.000000000000000000, 1.000000000000000000, -0.000000000000000000 ) ) ;
#8096 = EDGE_LOOP ( 'NONE', ( #7965, #8298, #2249, #1021 ) ) ;
#8097 = DIRECTION ( 'NONE',  ( -0.5066894108117327988, 1.408095776665057188E-14, -0.8621286684545753642 ) ) ;
#8098 = ORIENTED_EDGE ( 'NONE', *, *, #7573, .T. ) ;
#8099 = CARTESIAN_POINT ( 'NONE',  ( 14.29338720761963977, 12.54014657956788525, -8.824077831548116535 ) ) ;
#8100 = CARTESIAN_POINT ( 'NONE',  ( 8.606597760034226496, 7.721508883812250090, 13.46244960079900466 ) ) ;
#8101 = CARTESIAN_POINT ( 'NONE',  ( 11.72316929097208593, 11.05603359935587093, 13.13738285323733557 ) ) ;
#8102 = EDGE_CURVE ( 'NONE', #7102, #5340, #5799, .T. ) ;
#8103 = CARTESIAN_POINT ( 'NONE',  ( 8.975003248201149475, 12.45985342043206501, -14.78329181874948972 ) ) ;
#8104 = CARTESIAN_POINT ( 'NONE',  ( -14.95309868497356298, 13.27286299778607592, 8.092674660743183424 ) ) ;
#8105 = CIRCLE ( 'NONE', #1017, 17.02777777777778212 ) ;
#8106 = VERTEX_POINT ( 'NONE', #3915 ) ;
#8107 = CARTESIAN_POINT ( 'NONE',  ( 8.432657289067764239, 7.878935351584108737, 13.34451443976829310 ) ) ;
#8108 = AXIS2_PLACEMENT_3D ( 'NONE', #3187, #7883, #6593 ) ;
#8109 = AXIS2_PLACEMENT_3D ( 'NONE', #314, #6438, #7047 ) ;
#8110 = EDGE_CURVE ( 'NONE', #363, #4870, #5884, .T. ) ;
#8111 = ADVANCED_FACE ( 'NONE', ( #5221 ), #533, .F. ) ;
#8112 = CARTESIAN_POINT ( 'NONE',  ( -8.590219130045877449, 12.97237671639954470, 14.95731987031630617 ) ) ;
#8113 = CARTESIAN_POINT ( 'NONE',  ( 0.000000000000000000, 14.99999999999999645, 0.000000000000000000 ) ) ;
#8114 = ORIENTED_EDGE ( 'NONE', *, *, #2086, .T. ) ;
#8115 = CYLINDRICAL_SURFACE ( 'NONE', #6814, 0.5000000000000006661 ) ;
#8116 = CARTESIAN_POINT ( 'NONE',  ( 0.000000000000000000, 8.249999999999998224, 0.000000000000000000 ) ) ;
#8117 = VERTEX_POINT ( 'NONE', #4556 ) ;
#8118 = ORIENTED_EDGE ( 'NONE', *, *, #7054, .T. ) ;
#8119 = AXIS2_PLACEMENT_3D ( 'NONE', #7597, #1532, #8288 ) ;
#8120 = CARTESIAN_POINT ( 'NONE',  ( 14.82600311509841262, 12.59099072579560463, -8.974843938273146193 ) ) ;
#8121 = AXIS2_PLACEMENT_3D ( 'NONE', #7807, #4460, #7193 ) ;
#8122 = DIRECTION ( 'NONE',  ( -0.000000000000000000, 1.000000000000000000, -0.000000000000000000 ) ) ;
#8123 = CARTESIAN_POINT ( 'NONE',  ( -8.857535505476430870, 7.990468327341404553, 13.38810533673350811 ) ) ;
#8124 = ADVANCED_FACE ( 'NONE', ( #1271 ), #4600, .T. ) ;
#8125 = VECTOR ( 'NONE', #2263, 1000.000000000000114 ) ;
#8126 = AXIS2_PLACEMENT_3D ( 'NONE', #1851, #3924, #586 ) ;
#8127 = DIRECTION ( 'NONE',  ( 0.000000000000000000, 0.000000000000000000, 1.000000000000000000 ) ) ;
#8128 = FACE_OUTER_BOUND ( 'NONE', #414, .T. ) ;
#8129 = CARTESIAN_POINT ( 'NONE',  ( -15.04291915982828876, 13.25000000000000000, -7.908169986681749641 ) ) ;
#8130 = ORIENTED_EDGE ( 'NONE', *, *, #1449, .F. ) ;
#8131 = CARTESIAN_POINT ( 'NONE',  ( 5.097671593693066328, 9.704922051056698251, 19.15872578047298802 ) ) ;
#8132 = VECTOR ( 'NONE', #7689, 1000.000000000000000 ) ;
#8133 = CARTESIAN_POINT ( 'NONE',  ( 12.43163262118707379, 10.00000000000000355, -11.01741905881393713 ) ) ;
#8134 = CARTESIAN_POINT ( 'NONE',  ( 13.34286252986123245, 8.500000000000007105, 8.749999999999998224 ) ) ;
#8135 = EDGE_CURVE ( 'NONE', #5859, #5040, #8148, .T. ) ;
#8136 = CARTESIAN_POINT ( 'NONE',  ( 8.750000000000003553, 12.49999999999999467, -14.65974925560509590 ) ) ;
#8137 = CARTESIAN_POINT ( 'NONE',  ( -14.92856998448593764, 12.50831865138313148, 8.761046516182450006 ) ) ;
#8138 = CARTESIAN_POINT ( 'NONE',  ( -8.978349813631838927, 9.791335230845703563, 13.90891547465452582 ) ) ;
#8139 = LOCAL_TIME ( 10, 30, 1.000000000000000000, #6164 ) ;
#8140 = EDGE_LOOP ( 'NONE', ( #3836, #2861, #753, #6447 ) ) ;
#8141 = CARTESIAN_POINT ( 'NONE',  ( -11.00564033303625244, 9.742986784159443303, -12.34691791734223898 ) ) ;
#8142 = FACE_OUTER_BOUND ( 'NONE', #5176, .T. ) ;
#8143 = CARTESIAN_POINT ( 'NONE',  ( -12.97309164460348896, 8.540146579567924334, 8.818749239510209392 ) ) ;
#8144 = ORIENTED_EDGE ( 'NONE', *, *, #3661, .T. ) ;
#8145 = DIRECTION ( 'NONE',  ( 0.6813100476940172623, -0.2676438637860939496, 0.6813100476940192607 ) ) ;
#8146 = FACE_OUTER_BOUND ( 'NONE', #8096, .T. ) ;
#8147 = ORIENTED_EDGE ( 'NONE', *, *, #4726, .F. ) ;
#8148 = B_SPLINE_CURVE_WITH_KNOTS ( 'NONE', 3,
 ( #7248, #7125, #2509, #7204, #1839, #1227 ),
 .UNSPECIFIED., .F., .F.,
 ( 4, 2, 4 ),
 ( 0.0007976201866005239562, 0.001193770624251787663, 0.001589921061903051477 ),
 .UNSPECIFIED. ) ;
#8149 = CARTESIAN_POINT ( 'NONE',  ( 0.000000000000000000, 7.749999999999999112, 0.000000000000000000 ) ) ;
#8150 = CARTESIAN_POINT ( 'NONE',  ( 0.000000000000000000, 11.50000000000000000, 0.000000000000000000 ) ) ;
#8151 = FACE_OUTER_BOUND ( 'NONE', #8066, .T. ) ;
#8152 = DIRECTION ( 'NONE',  ( 0.000000000000000000, 0.000000000000000000, 1.000000000000000000 ) ) ;
#8153 = VERTEX_POINT ( 'NONE', #8586 ) ;
#8154 = CARTESIAN_POINT ( 'NONE',  ( 14.14213562373099009, 10.00000000000000355, -15.55634918610403439 ) ) ;
#8155 = ORIENTED_EDGE ( 'NONE', *, *, #3800, .T. ) ;
#8156 = CARTESIAN_POINT ( 'NONE',  ( -8.749999999999998224, 8.500000000000007105, -13.34286252986123422 ) ) ;
#8157 = ORIENTED_EDGE ( 'NONE', *, *, #4834, .F. ) ;
#8158 = CARTESIAN_POINT ( 'NONE',  ( 11.79130029574148608, 11.02926921297726004, 13.20551385800673927 ) ) ;
#8159 = ADVANCED_FACE ( 'NONE', ( #660 ), #5646, .T. ) ;
#8160 =( BOUNDED_SURFACE ( )  B_SPLINE_SURFACE ( 3, 2, ( 
 ( #119, #2799, #4038 ),
 ( #1516, #7337, #773 ),
 ( #2124, #1390, #1475 ),
 ( #2675, #2722, #8103 ) ),
 .UNSPECIFIED., .F., .F., .F. ) 
 B_SPLINE_SURFACE_WITH_KNOTS ( ( 4, 4 ),
 ( 3, 3 ),
 ( 0.000000000000000000, 0.004211198243782913325 ),
 ( 0.000000000000000000, 1.000000000000000000 ),
 .UNSPECIFIED. ) 
 GEOMETRIC_REPRESENTATION_ITEM ( )  RATIONAL_B_SPLINE_SURFACE ( (
 ( 1.000000000000000000, 0.4823580334654603008, 1.000000000000000000),
 ( 1.000000000000000000, 0.4887473536761078874, 1.000000000000000000),
 ( 1.000000000000000000, 0.4945821811962448078, 1.000000000000000000),
 ( 1.000000000000000000, 0.4999891725456239167, 1.000000000000000000) ) ) 
 REPRESENTATION_ITEM ( '' )  SURFACE ( )  );
#8161 = FACE_OUTER_BOUND ( 'NONE', #3504, .T. ) ;
#8162 = CARTESIAN_POINT ( 'NONE',  ( -10.82506255079826829, 9.499999999999998224, 11.71934440570280778 ) ) ;
#8163 = CARTESIAN_POINT ( 'NONE',  ( -8.502497236551501913, 7.658913016980582356, -13.50809912006191738 ) ) ;
#8164 = CARTESIAN_POINT ( 'NONE',  ( 13.12362056837198843, 7.658789683022899197, -8.138477907033820458 ) ) ;
#8165 = CARTESIAN_POINT ( 'NONE',  ( -8.173854357471634913, 13.44014657956862102, -14.96291945331398665 ) ) ;
#8166 = VERTEX_POINT ( 'NONE', #6006 ) ;
#8167 = CARTESIAN_POINT ( 'NONE',  ( 13.46309704045871491, 8.459853420432093429, 8.980199218265399352 ) ) ;
#8168 = EDGE_CURVE ( 'NONE', #2477, #4125, #5348, .T. ) ;
#8169 = CIRCLE ( 'NONE', #1618, 15.78876493034220374 ) ;
#8170 = EDGE_CURVE ( 'NONE', #497, #5297, #1966, .T. ) ;
#8171 = CARTESIAN_POINT ( 'NONE',  ( 14.75232311859087808, 12.36476963144511387, -8.975118759127163059 ) ) ;
#8172 = CARTESIAN_POINT ( 'NONE',  ( -15.58006697086411840, 13.35985342043208846, -8.066449984402261464 ) ) ;
#8173 = CARTESIAN_POINT ( 'NONE',  ( 12.15887298135860028, 10.57427464455498978, 12.51242637183024442 ) ) ;
#8174 = CIRCLE ( 'NONE', #3611, 19.89999999999999858 ) ;
#8175 = CARTESIAN_POINT ( 'NONE',  ( -8.818749239510207616, 8.540146579567924334, -12.97309164460349074 ) ) ;
#8176 = EDGE_LOOP ( 'NONE', ( #805, #7813, #1819, #6867 ) ) ;
#8177 = CARTESIAN_POINT ( 'NONE',  ( -13.53979924743933161, 9.831370388437361996, 8.749999999999998224 ) ) ;
#8178 = DIRECTION ( 'NONE',  ( 1.000000000000000000, 0.000000000000000000, 0.000000000000000000 ) ) ;
#8179 = ORIENTED_EDGE ( 'NONE', *, *, #2301, .F. ) ;
#8180 = ADVANCED_FACE ( 'NONE', ( #4010 ), #7571, .T. ) ;
#8181 = AXIS2_PLACEMENT_3D ( 'NONE', #8465, #1234, #1368 ) ;
#8182 = CARTESIAN_POINT ( 'NONE',  ( 11.31461725797893614, 11.50004516124002052, 12.02172403916551957 ) ) ;
#8183 = ORIENTED_EDGE ( 'NONE', *, *, #4986, .F. ) ;
#8184 = CARTESIAN_POINT ( 'NONE',  ( -14.41636719170869796, 12.49999999999999289, 8.749999999999998224 ) ) ;
#8185 = CARTESIAN_POINT ( 'NONE',  ( -14.82175755771313774, 13.22386408192045515, 8.303517041262892917 ) ) ;
#8186 = VECTOR ( 'NONE', #4441, 1000.000000000000000 ) ;
#8187 = ORIENTED_EDGE ( 'NONE', *, *, #2418, .F. ) ;
#8188 = EDGE_LOOP ( 'NONE', ( #1269, #231, #4968, #2265, #5283 ) ) ;
#8189 = EDGE_CURVE ( 'NONE', #363, #1091, #6487, .T. ) ;
#8190 = AXIS2_PLACEMENT_3D ( 'NONE', #2580, #5288, #5105 ) ;
#8191 = CARTESIAN_POINT ( 'NONE',  ( -12.90836097519260406, 8.297319658348449423, 8.794056414146464107 ) ) ;
#8192 = CARTESIAN_POINT ( 'NONE',  ( 7.925793772813728211, 7.640146579567915985, 13.24659978108555336 ) ) ;
#8193 = DIRECTION ( 'NONE',  ( 0.000000000000000000, -2.035785233652392725E-16, 1.000000000000000000 ) ) ;
#8194 = CARTESIAN_POINT ( 'NONE',  ( 15.08967093049028740, 13.44014657956791581, -7.932747726257771248 ) ) ;
#8195 = ORIENTED_EDGE ( 'NONE', *, *, #1955, .T. ) ;
#8196 = CARTESIAN_POINT ( 'NONE',  ( 8.756385657214952545, 12.60732535744166682, -14.96281149415022682 ) ) ;
#8197 = CIRCLE ( 'NONE', #4596, 17.04777566953916335 ) ;
#8198 = EDGE_LOOP ( 'NONE', ( #1267, #7591, #8, #581, #3916 ) ) ;
#8199 = CARTESIAN_POINT ( 'NONE',  ( -14.65974925560509590, 12.49999999999999289, 8.749999999999998224 ) ) ;
#8200 = CARTESIAN_POINT ( 'NONE',  ( -8.450831500921001549, 13.10679400586692900, 14.86603972309397292 ) ) ;
#8201 = CARTESIAN_POINT ( 'NONE',  ( -13.30354002960441484, 8.401861272666348412, -8.750000000000001776 ) ) ;
#8202 = CARTESIAN_POINT ( 'NONE',  ( 13.15863219267282602, 7.753036476073126515, -8.131584214302730373 ) ) ;
#8203 = ORIENTED_EDGE ( 'NONE', *, *, #6958, .T. ) ;
#8204 = ADVANCED_FACE ( 'NONE', ( #736, #7995, #2768, #4211 ), #52, .T. ) ;
#8205 = CARTESIAN_POINT ( 'NONE',  ( -8.749999999999998224, 11.16497734891127180, -14.22591826066068421 ) ) ;
#8206 =( BOUNDED_SURFACE ( )  B_SPLINE_SURFACE ( 3, 2, ( 
 ( #7256, #8552, #7175 ),
 ( #2603, #4610, #4019 ),
 ( #7213, #3306, #628 ),
 ( #7912, #709, #8507 ) ),
 .UNSPECIFIED., .F., .F., .F. ) 
 B_SPLINE_SURFACE_WITH_KNOTS ( ( 4, 4 ),
 ( 3, 3 ),
 ( -1.734723475976807094E-18, 0.004213349230782858883 ),
 ( 0.000000000000000000, 1.000000000000000000 ),
 .UNSPECIFIED. ) 
 GEOMETRIC_REPRESENTATION_ITEM ( )  RATIONAL_B_SPLINE_SURFACE ( (
 ( 1.000000000000000000, 0.8677983030863939407, 1.000000000000000000),
 ( 1.000000000000000000, 0.8709903080357508376, 1.000000000000000000),
 ( 1.000000000000000000, 0.8743696232020878867, 1.000000000000000000),
 ( 1.000000000000000000, 0.8779725897198052964, 1.000000000000000000) ) ) 
 REPRESENTATION_ITEM ( '' )  SURFACE ( )  );
#8207 = ORIENTED_EDGE ( 'NONE', *, *, #2843, .T. ) ;
#8208 = CARTESIAN_POINT ( 'NONE',  ( 13.38479989127036518, 7.833270834070211741, 8.356280993867425622 ) ) ;
#8209 = AXIS2_PLACEMENT_3D ( 'NONE', #2441, #4821, #174 ) ;
#8210 = CARTESIAN_POINT ( 'NONE',  ( 11.47663008544983221, 11.44399346511604421, 12.55831722805389106 ) ) ;
#8211 = CARTESIAN_POINT ( 'NONE',  ( 13.30843170925573204, 7.750000000000002665, 8.086617965254056628 ) ) ;
#8212 = CARTESIAN_POINT ( 'NONE',  ( 8.975351360192439287, 12.17462593492673939, 14.69031243246425333 ) ) ;
#8213 = EDGE_LOOP ( 'NONE', ( #4518, #4543, #3139, #6866 ) ) ;
#8214 = CARTESIAN_POINT ( 'NONE',  ( -8.646962376235201475, 8.104870398530131581, 12.94327332841409550 ) ) ;
#8215 = AXIS2_PLACEMENT_3D ( 'NONE', #4927, #5589, #4313 ) ;
#8216 = EDGE_CURVE ( 'NONE', #6726, #1682, #2275, .T. ) ;
#8217 = EDGE_CURVE ( 'NONE', #3822, #5740, #7160, .T. ) ;
#8218 = CARTESIAN_POINT ( 'NONE',  ( -8.976625077549041265, 11.12483098435904338, 14.34847627375296497 ) ) ;
#8219 = DIRECTION ( 'NONE',  ( 0.000000000000000000, 0.3167134334325371059, -0.9485212707595829240 ) ) ;
#8220 = ORIENTED_EDGE ( 'NONE', *, *, #81, .F. ) ;
#8221 = CARTESIAN_POINT ( 'NONE',  ( -8.824077831548111206, 12.54014657956790835, -14.29338720761957759 ) ) ;
#8222 = AXIS2_PLACEMENT_3D ( 'NONE', #7782, #7253, #5930 ) ;
#8223 = CARTESIAN_POINT ( 'NONE',  ( 8.750000000000005329, 8.526040938946250591, -13.01508767021575785 ) ) ;
#8224 = CARTESIAN_POINT ( 'NONE',  ( 8.750000000000001776, 8.526040938946252368, 13.01508767021575252 ) ) ;
#8225 = ADVANCED_FACE ( 'NONE', ( #7382 ), #1522, .F. ) ;
#8226 = CARTESIAN_POINT ( 'NONE',  ( 8.309238646696597286, 13.35985333796833352, 15.45436513615941543 ) ) ;
#8227 = DIRECTION ( 'NONE',  ( 0.000000000000000000, -0.1927358361364420181, 0.9812506802386362637 ) ) ;
#8228 = CARTESIAN_POINT ( 'NONE',  ( -10.00000000000000000, 12.49999999999999822, 19.99999999999999645 ) ) ;
#8229 = VERTEX_POINT ( 'NONE', #1358 ) ;
#8230 = CARTESIAN_POINT ( 'NONE',  ( -15.01214076799336183, 12.93257252075676611, 8.848546614605355742 ) ) ;
#8231 = CARTESIAN_POINT ( 'NONE',  ( 13.53979913320851480, 9.831370049227443175, 8.750000000000000000 ) ) ;
#8232 = CARTESIAN_POINT ( 'NONE',  ( 12.06400419551797221, 10.00000000000000355, -10.64979063314483554 ) ) ;
#8233 = EDGE_CURVE ( 'NONE', #6561, #8327, #6339, .T. ) ;
#8234 = CARTESIAN_POINT ( 'NONE',  ( -8.645449072876953522, 8.103838748557214089, 13.01813923478695401 ) ) ;
#8235 = CARTESIAN_POINT ( 'NONE',  ( 8.750000000000003553, 8.500000000000007105, 13.34286252986123245 ) ) ;
#8236 = EDGE_LOOP ( 'NONE', ( #2092, #1240, #4431, #7874 ) ) ;
#8237 = CARTESIAN_POINT ( 'NONE',  ( -8.289461878228493674, 7.578438292040893032, 13.61371495696925749 ) ) ;
#8238 = EDGE_LOOP ( 'NONE', ( #1353, #1032, #5989, #2428 ) ) ;
#8239 = DIRECTION ( 'NONE',  ( -0.000000000000000000, 1.000000000000000000, -0.000000000000000000 ) ) ;
#8240 = AXIS2_PLACEMENT_3D ( 'NONE', #7660, #6277, #5628 ) ;
#8241 = CARTESIAN_POINT ( 'NONE',  ( -8.646609089362723211, 12.89282570282475326, -14.88674526411340793 ) ) ;
#8242 = DIRECTION ( 'NONE',  ( 0.7071067811865487940, 0.000000000000000000, -0.7071067811865463515 ) ) ;
#8243 = CARTESIAN_POINT ( 'NONE',  ( -8.073230648290529388, 7.559853420432087745, -13.73654834780745837 ) ) ;
#8244 = DIRECTION ( 'NONE',  ( 0.000000000000000000, 0.000000000000000000, 1.000000000000000000 ) ) ;
#8245 = ORIENTED_EDGE ( 'NONE', *, *, #1365, .T. ) ;
#8246 = AXIS2_PLACEMENT_3D ( 'NONE', #8555, #1199, #5096 ) ;
#8247 = AXIS2_PLACEMENT_3D ( 'NONE', #347, #2937, #432 ) ;
#8248 = DIRECTION ( 'NONE',  ( 0.6813100476940172623, -0.2676438637860938941, 0.6813100476940191497 ) ) ;
#8249 = ORIENTED_EDGE ( 'NONE', *, *, #651, .F. ) ;
#8250 = CARTESIAN_POINT ( 'NONE',  ( 13.72951559249976050, 7.762452139263569251, 8.196265702868149816 ) ) ;
#8251 = CARTESIAN_POINT ( 'NONE',  ( -1.943278095300658796E-15, 13.40000000000000213, 0.000000000000000000 ) ) ;
#8252 = ADVANCED_FACE ( 'NONE', ( #4817 ), #6780, .F. ) ;
#8253 = TOROIDAL_SURFACE ( 'NONE', #4520, 15.58119224487254328, 0.1499999999999999944 ) ;
#8254 = AXIS2_PLACEMENT_3D ( 'NONE', #8447, #6512, #1909 ) ;
#8255 = CARTESIAN_POINT ( 'NONE',  ( 13.05265145675638649, 8.400841153676131157, 8.749999999999998224 ) ) ;
#8256 = CARTESIAN_POINT ( 'NONE',  ( 7.999999999999998224, 13.25000000000000178, -15.21759819039019135 ) ) ;
#8257 = ORIENTED_EDGE ( 'NONE', *, *, #6958, .F. ) ;
#8258 = CARTESIAN_POINT ( 'NONE',  ( 8.532180665313028101, 13.26516569961200176, -15.30138167409437244 ) ) ;
#8259 = CARTESIAN_POINT ( 'NONE',  ( 14.59125800877513157, 13.10584149361017126, 8.635727963869321400 ) ) ;
#8260 = ORIENTED_EDGE ( 'NONE', *, *, #7418, .F. ) ;
#8261 = CARTESIAN_POINT ( 'NONE',  ( 13.01685361416370945, 7.740448005246937768, -8.350262601052394373 ) ) ;
#8262 = EDGE_LOOP ( 'NONE', ( #4789, #5539, #3760, #5421, #4158 ) ) ;
#8263 = AXIS2_PLACEMENT_3D ( 'NONE', #216, #6045, #2133 ) ;
#8264 = CARTESIAN_POINT ( 'NONE',  ( 14.14213562373093680, 11.00004516124001697, 15.55634918610408235 ) ) ;
#8265 = ADVANCED_FACE ( 'NONE', ( #1400, #6822 ), #3558, .T. ) ;
#8266 = CARTESIAN_POINT ( 'NONE',  ( 8.587268214006297029, 8.022648873233050537, -13.03265164499687501 ) ) ;
#8267 = ORIENTED_EDGE ( 'NONE', *, *, #8515, .F. ) ;
#8268 = CARTESIAN_POINT ( 'NONE',  ( -11.99581516010200133, 9.500045161240020519, -11.28870837891549783 ) ) ;
#8269 = CARTESIAN_POINT ( 'NONE',  ( -8.749999999999996447, 12.61241895296680582, 14.46040593320294754 ) ) ;
#8270 = B_SPLINE_CURVE_WITH_KNOTS ( 'NONE', 3,
 ( #6090, #6175, #2896, #2135, #3468, #6782, #2217, #1442, #5474, #2731 ),
 .UNSPECIFIED., .F., .F.,
 ( 4, 2, 2, 2, 4 ),
 ( 0.000000000000000000, 0.0003546342519730205666, 0.0007092685039460411333, 0.001063902755919061754, 0.001418537007892082267 ),
 .UNSPECIFIED. ) ;
#8271 = DATE_AND_TIME ( #4365, #4396 ) ;
#8272 = DIRECTION ( 'NONE',  ( -0.7071067811865475727, 0.000000000000000000, 0.7071067811865475727 ) ) ;
#8273 = ORIENTED_EDGE ( 'NONE', *, *, #6653, .T. ) ;
#8274 = EDGE_CURVE ( 'NONE', #7810, #7405, #8539, .T. ) ;
#8275 = EDGE_CURVE ( 'NONE', #1166, #4907, #5935, .T. ) ;
#8276 = CARTESIAN_POINT ( 'NONE',  ( 0.000000000000000000, 13.25000000000000000, 3.042283745384523860E-16 ) ) ;
#8277 = CARTESIAN_POINT ( 'NONE',  ( 14.41636719170869796, 12.49999999999999112, 8.749999999999998224 ) ) ;
#8278 = CARTESIAN_POINT ( 'NONE',  ( 8.975003248201149475, 12.45985342043207922, 14.78329181874943998 ) ) ;
#8279 = LINE ( 'NONE', #997, #1576 ) ;
#8280 = DIRECTION ( 'NONE',  ( 1.000000000000000000, -0.000000000000000000, -0.000000000000000000 ) ) ;
#8281 = DIRECTION ( 'NONE',  ( -0.3090529753642000110, -0.9510448246105625003, 1.457280823761956859E-14 ) ) ;
#8282 = ORIENTED_EDGE ( 'NONE', *, *, #6777, .F. ) ;
#8283 = ORIENTED_EDGE ( 'NONE', *, *, #4795, .F. ) ;
#8284 = DIRECTION ( 'NONE',  ( -1.000000000000000000, -1.084202172485505174E-16, 0.000000000000000000 ) ) ;
#8285 = EDGE_CURVE ( 'NONE', #2510, #6059, #7035, .T. ) ;
#8286 = CARTESIAN_POINT ( 'NONE',  ( -13.46309704045872024, 8.459853420432093429, 8.980199218265399352 ) ) ;
#8287 = FACE_OUTER_BOUND ( 'NONE', #8339, .T. ) ;
#8288 = DIRECTION ( 'NONE',  ( 0.000000000000000000, -0.000000000000000000, -1.000000000000000000 ) ) ;
#8289 = DIRECTION ( 'NONE',  ( 0.8851401627399719807, 0.000000000000000000, 0.4653245021537720238 ) ) ;
#8290 = ORIENTED_EDGE ( 'NONE', *, *, #3303, .T. ) ;
#8291 = B_SPLINE_CURVE_WITH_KNOTS ( 'NONE', 3,
 ( #5970, #3386, #6623, #8591, #6052, #1330 ),
 .UNSPECIFIED., .F., .F.,
 ( 4, 2, 4 ),
 ( 2.046648943356910412E-07, 0.0004003680921158100014, 0.0008005315193372843823 ),
 .UNSPECIFIED. ) ;
#8292 = CARTESIAN_POINT ( 'NONE',  ( -8.698272862588249055, 8.073040089626822180, 12.89802079010526192 ) ) ;
#8293 = ORIENTED_EDGE ( 'NONE', *, *, #741, .F. ) ;
#8294 = FACE_OUTER_BOUND ( 'NONE', #5203, .T. ) ;
#8295 = ADVANCED_FACE ( 'NONE', ( #5518 ), #48, .F. ) ;
#8296 = CARTESIAN_POINT ( 'NONE',  ( 13.24903177467703941, 7.764965620696889559, 8.175070468196876661 ) ) ;
#8297 = CARTESIAN_POINT ( 'NONE',  ( 8.976776105053293264, 11.03420945429614974, 14.31688257117269636 ) ) ;
#8298 = ORIENTED_EDGE ( 'NONE', *, *, #234, .F. ) ;
#8299 = FACE_OUTER_BOUND ( 'NONE', #7940, .T. ) ;
#8300 = CARTESIAN_POINT ( 'NONE',  ( 14.73782815449790107, 13.26576443358573165, 8.472625329335421895 ) ) ;
#8301 = FACE_OUTER_BOUND ( 'NONE', #1179, .T. ) ;
#8302 = DIRECTION ( 'NONE',  ( 0.000000000000000000, 1.000000000000000000, 2.168404344971010347E-16 ) ) ;
#8303 = AXIS2_PLACEMENT_3D ( 'NONE', #1018, #6448, #453 ) ;
#8304 = CARTESIAN_POINT ( 'NONE',  ( 7.212480773927149258, 13.60039729616326376, 18.42742774773152448 ) ) ;
#8305 = DIRECTION ( 'NONE',  ( 0.7071067811865463515, 0.000000000000000000, 0.7071067811865487940 ) ) ;
#8306 = AXIS2_PLACEMENT_3D ( 'NONE', #6239, #935, #2882 ) ;
#8307 =( BOUNDED_SURFACE ( )  B_SPLINE_SURFACE ( 3, 2, ( 
 ( #3781, #5786, #1782 ),
 ( #4461, #1129, #3820 ),
 ( #3155, #1605, #5649 ),
 ( #4284, #6949, #948 ) ),
 .UNSPECIFIED., .F., .F., .F. ) 
 B_SPLINE_SURFACE_WITH_KNOTS ( ( 4, 4 ),
 ( 3, 3 ),
 ( -1.734723475976807094E-18, 0.004211198243782908121 ),
 ( 0.000000000000000000, 1.000000000000000000 ),
 .UNSPECIFIED. ) 
 GEOMETRIC_REPRESENTATION_ITEM ( )  RATIONAL_B_SPLINE_SURFACE ( (
 ( 1.000000000000000000, 0.4999891725456191427, 1.000000000000000000),
 ( 1.000000000000000000, 0.4945821811962624603, 1.000000000000000000),
 ( 1.000000000000000000, 0.4887473536760991166, 1.000000000000000000),
 ( 1.000000000000000000, 0.4823580334654676838, 1.000000000000000000) ) ) 
 REPRESENTATION_ITEM ( '' )  SURFACE ( )  );
#8308 = CARTESIAN_POINT ( 'NONE',  ( 8.794279219498484679, 8.298273901497996263, -12.90852908142637112 ) ) ;
#8309 = ORIENTED_EDGE ( 'NONE', *, *, #3123, .T. ) ;
#8310 = CARTESIAN_POINT ( 'NONE',  ( -8.646012978303000196, 8.104838885399958670, -13.26767398142760257 ) ) ;
#8311 = CARTESIAN_POINT ( 'NONE',  ( 8.726710391577805481, 12.71049312107310847, 14.75879251356261967 ) ) ;
#8312 = CALENDAR_DATE ( 2022, 31, 3 ) ;
#8313 = EDGE_CURVE ( 'NONE', #4049, #84, #5092, .T. ) ;
#8314 = CARTESIAN_POINT ( 'NONE',  ( 13.82698582278499089, 11.11450008719849691, 8.822260737903238947 ) ) ;
#8315 = CARTESIAN_POINT ( 'NONE',  ( -13.09815870032676521, 7.878150682722415254, -8.431524371106689841 ) ) ;
#8316 = AXIS2_PLACEMENT_3D ( 'NONE', #181, #787, #7511 ) ;
#8317 = VERTEX_POINT ( 'NONE', #2172 ) ;
#8318 = CARTESIAN_POINT ( 'NONE',  ( -15.51681323360477549, 13.35985342043208313, 8.188622373069344818 ) ) ;
#8319 = CARTESIAN_POINT ( 'NONE',  ( -12.97309164460348896, 8.540146579567920782, -8.818749239510212945 ) ) ;
#8320 = CARTESIAN_POINT ( 'NONE',  ( 8.613724413191851781, 13.18701989444667255, 15.22955656666980850 ) ) ;
#8321 = AXIS2_PLACEMENT_3D ( 'NONE', #3940, #601, #2748 ) ;
#8322 = CARTESIAN_POINT ( 'NONE',  ( 14.29338720761957759, 12.54014657956790302, 8.824077831548111206 ) ) ;
#8323 = CARTESIAN_POINT ( 'NONE',  ( 8.369480037189145349, 13.07952725159960394, 17.06581140645597827 ) ) ;
#8324 = EDGE_LOOP ( 'NONE', ( #873, #7143, #6823, #353 ) ) ;
#8325 = ADVANCED_FACE ( 'NONE', ( #8071 ), #1440, .F. ) ;
#8326 = CARTESIAN_POINT ( 'NONE',  ( -8.073230648290529388, 7.559853420432087745, 13.73654834780745837 ) ) ;
#8327 = VERTEX_POINT ( 'NONE', #2729 ) ;
#8328 = EDGE_CURVE ( 'NONE', #5994, #5897, #4812, .T. ) ;
#8329 = ORIENTED_EDGE ( 'NONE', *, *, #8023, .F. ) ;
#8330 = VERTEX_POINT ( 'NONE', #4690 ) ;
#8331 = CARTESIAN_POINT ( 'NONE',  ( -14.70344805081502138, 12.61206145962823477, 8.750000000000000000 ) ) ;
#8332 = CIRCLE ( 'NONE', #3910, 0.1500000000000003830 ) ;
#8333 = CARTESIAN_POINT ( 'NONE',  ( 14.78329181874944531, 12.45985342043208277, -8.975003248201147699 ) ) ;
#8334 = CARTESIAN_POINT ( 'NONE',  ( -13.50732363324837237, 7.659732369416275333, 8.504161089975580623 ) ) ;
#8335 = CARTESIAN_POINT ( 'NONE',  ( 12.60705276745988357, 11.05603359937935082, 12.25349937675876433 ) ) ;
#8336 = CARTESIAN_POINT ( 'NONE',  ( 8.980199218265404681, 8.459853420432095206, -13.46309704045871314 ) ) ;
#8337 = DIRECTION ( 'NONE',  ( 1.224646799147349509E-16, 0.000000000000000000, -1.000000000000000000 ) ) ;
#8338 = DIRECTION ( 'NONE',  ( -0.000000000000000000, 1.000000000000000000, 0.000000000000000000 ) ) ;
#8339 = EDGE_LOOP ( 'NONE', ( #133, #4169, #3416, #2567 ) ) ;
#8340 = VECTOR ( 'NONE', #7136, 1000.000000000000000 ) ;
#8341 = EDGE_CURVE ( 'NONE', #7705, #4915, #5388, .T. ) ;
#8342 = CARTESIAN_POINT ( 'NONE',  ( -8.824077831548111206, 12.54014657956790835, -14.29338720761957759 ) ) ;
#8343 = ORIENTED_EDGE ( 'NONE', *, *, #4639, .T. ) ;
#8344 = DIRECTION ( 'NONE',  ( -0.000000000000000000, 1.000000000000000000, -0.000000000000000000 ) ) ;
#8345 = CARTESIAN_POINT ( 'NONE',  ( 13.42384122020115989, 8.342611952867862612, -8.980362068113892704 ) ) ;
#8346 = CARTESIAN_POINT ( 'NONE',  ( 12.25349937686476487, 11.05603359936995744, 12.60705276735019353 ) ) ;
#8347 = DIRECTION ( 'NONE',  ( 0.000000000000000000, 0.000000000000000000, 1.000000000000000000 ) ) ;
#8348 = EDGE_CURVE ( 'NONE', #5351, #1682, #2727, .T. ) ;
#8349 = DIRECTION ( 'NONE',  ( 0.3090529753642038968, -0.9510448246105611680, -7.424522215156086179E-15 ) ) ;
#8350 = CARTESIAN_POINT ( 'NONE',  ( -11.23983536731839372, 11.13034285382662958, 12.65404892969145045 ) ) ;
#8351 = DIRECTION ( 'NONE',  ( 0.000000000000000000, 0.000000000000000000, 1.000000000000000000 ) ) ;
#8352 = VECTOR ( 'NONE', #7303, 1000.000000000000000 ) ;
#8353 = FACE_OUTER_BOUND ( 'NONE', #121, .T. ) ;
#8354 = CARTESIAN_POINT ( 'NONE',  ( 8.753372566553201395, 8.421478614660777851, 12.97780992572013226 ) ) ;
#8355 = DIRECTION ( 'NONE',  ( 0.000000000000000000, 0.000000000000000000, 1.000000000000000000 ) ) ;
#8356 = APPROVAL_DATE_TIME ( #3546, #4594 ) ;
#8357 = CARTESIAN_POINT ( 'NONE',  ( 9.999999999999998224, 15.50164662274214322, 19.99999999999999645 ) ) ;
#8358 = DIRECTION ( 'NONE',  ( 0.000000000000000000, -1.000000000000000000, 0.000000000000000000 ) ) ;
#8359 = EDGE_LOOP ( 'NONE', ( #2344, #4549, #8428, #3336 ) ) ;
#8360 = CIRCLE ( 'NONE', #5741, 0.2499999999999997502 ) ;
#8361 = ORIENTED_EDGE ( 'NONE', *, *, #1034, .F. ) ;
#8362 = CARTESIAN_POINT ( 'NONE',  ( 7.999999999999998224, 13.25000000000000178, 15.21759819039019135 ) ) ;
#8363 = DIRECTION ( 'NONE',  ( -0.7071067811902372879, -1.878358579787679613E-11, 0.7071067811828577465 ) ) ;
#8364 = CARTESIAN_POINT ( 'NONE',  ( 12.90874566890950526, 8.299440474032977022, 8.794535156164986489 ) ) ;
#8365 = CARTESIAN_POINT ( 'NONE',  ( -7.999999999999991118, 13.25000000000000000, -15.45172114225276339 ) ) ;
#8366 = ORIENTED_EDGE ( 'NONE', *, *, #5324, .F. ) ;
#8367 = DIRECTION ( 'NONE',  ( 0.000000000000000000, 0.000000000000000000, 1.000000000000000000 ) ) ;
#8368 = ORIENTED_EDGE ( 'NONE', *, *, #2854, .F. ) ;
#8369 = CARTESIAN_POINT ( 'NONE',  ( 11.21419750224826650, 11.00004516124001697, 12.62841106462140317 ) ) ;
#8370 = CARTESIAN_POINT ( 'NONE',  ( -8.655431001688855375, 12.89209278444568163, -15.11196074641869025 ) ) ;
#8371 = EDGE_CURVE ( 'NONE', #1308, #8382, #7331, .T. ) ;
#8372 = CARTESIAN_POINT ( 'NONE',  ( -13.12482701956061604, 7.814724323731691236, -8.365909088635646640 ) ) ;
#8373 = EDGE_CURVE ( 'NONE', #8035, #5340, #1607, .T. ) ;
#8374 = CARTESIAN_POINT ( 'NONE',  ( 8.385608573292490320, 13.17063819176099315, 14.93635629364147555 ) ) ;
#8375 = DIRECTION ( 'NONE',  ( 0.3167134334325252265, -0.9485212707595870318, 0.000000000000000000 ) ) ;
#8376 = EDGE_LOOP ( 'NONE', ( #3312, #1608, #2062, #7088 ) ) ;
#8377 = CARTESIAN_POINT ( 'NONE',  ( -14.64914373833227401, 12.89750503239667090, -8.643773929270471612 ) ) ;
#8378 = ORIENTED_EDGE ( 'NONE', *, *, #7477, .F. ) ;
#8379 = AXIS2_PLACEMENT_3D ( 'NONE', #7751, #4447, #6763 ) ;
#8380 = LINE ( 'NONE', #2414, #6387 ) ;
#8381 = CARTESIAN_POINT ( 'NONE',  ( -7.999999999999991118, 7.750000000000001776, -13.37062271443168093 ) ) ;
#8382 = VERTEX_POINT ( 'NONE', #2306 ) ;
#8383 = EDGE_CURVE ( 'NONE', #2593, #3835, #6072, .T. ) ;
#8384 = EDGE_CURVE ( 'NONE', #7701, #5317, #658, .T. ) ;
#8385 = CARTESIAN_POINT ( 'NONE',  ( 13.61194688593824509, 7.749999999999999112, -7.999999999999996447 ) ) ;
#8386 = CIRCLE ( 'NONE', #4650, 19.89999999999999858 ) ;
#8387 = AXIS2_PLACEMENT_3D ( 'NONE', #2273, #6483, #7688 ) ;
#8388 = ORIENTED_EDGE ( 'NONE', *, *, #5527, .F. ) ;
#8389 = CARTESIAN_POINT ( 'NONE',  ( 15.08957488356715970, 13.25000000000000178, -8.202938254399787965 ) ) ;
#8390 = CARTESIAN_POINT ( 'NONE',  ( -8.749999999999998224, 8.500000000000007105, -13.09261806874823186 ) ) ;
#8391 = ORIENTED_EDGE ( 'NONE', *, *, #338, .T. ) ;
#8392 =( BOUNDED_SURFACE ( )  B_SPLINE_SURFACE ( 3, 2, ( 
 ( #3931, #4662, #1416 ),
 ( #6758, #2570, #6586 ),
 ( #7561, #3620, #3578 ),
 ( #6269, #2103, #5447 ),
 ( #3483, #278, #2912 ),
 ( #6967, #145, #1499 ) ),
 .UNSPECIFIED., .F., .F., .F. ) 
 B_SPLINE_SURFACE_WITH_KNOTS ( ( 4, 2, 4 ),
 ( 3, 3 ),
 ( 0.000000000000000000, 0.0008096546729410464575, 0.001619309345882092915 ),
 ( 0.000000000000000000, 1.000000000000000000 ),
 .UNSPECIFIED. ) 
 GEOMETRIC_REPRESENTATION_ITEM ( )  RATIONAL_B_SPLINE_SURFACE ( (
 ( 1.000000000000000000, 0.8677983030863948288, 1.000000000000000000),
 ( 1.000000000000000000, 0.8450278239687774029, 1.000000000000000000),
 ( 1.000000000000000000, 0.8038662686743698327, 1.000000000000000000),
 ( 1.000000000000000000, 0.7097264250289470056, 1.000000000000000000),
 ( 1.000000000000000000, 0.6552933213419847025, 1.000000000000000000),
 ( 1.000000000000000000, 0.6051264893449864735, 1.000000000000000000) ) ) 
 REPRESENTATION_ITEM ( '' )  SURFACE ( )  );
#8393 = CARTESIAN_POINT ( 'NONE',  ( 13.52656586587945853, 8.649515348347611265, 8.979936430117989588 ) ) ;
#8394 = CARTESIAN_POINT ( 'NONE',  ( -7.999999999999992895, 13.40000000000000036, 15.45172114225276871 ) ) ;
#8395 = AXIS2_PLACEMENT_3D ( 'NONE', #3138, #1854, #7743 ) ;
#8396 = EDGE_CURVE ( 'NONE', #1404, #5108, #2656, .T. ) ;
#8397 = CARTESIAN_POINT ( 'NONE',  ( 8.173854357471638465, 13.44014657956862280, 14.96291945331398310 ) ) ;
#8398 = VERTEX_POINT ( 'NONE', #6296 ) ;
#8399 = CARTESIAN_POINT ( 'NONE',  ( 13.26771289856775482, 8.104278581208935961, 8.645682326976629639 ) ) ;
#8400 = DIRECTION ( 'NONE',  ( 0.000000000000000000, 0.000000000000000000, -1.000000000000000000 ) ) ;
#8401 = AXIS2_PLACEMENT_3D ( 'NONE', #1041, #4945, #6343 ) ;
#8402 = CARTESIAN_POINT ( 'NONE',  ( 8.750000000000003553, 9.831481917071485555, 13.78744740348736819 ) ) ;
#8403 = CARTESIAN_POINT ( 'NONE',  ( 0.000000000000000000, 16.49999999999999645, 0.000000000000000000 ) ) ;
#8404 = VERTEX_POINT ( 'NONE', #352 ) ;
#8405 = EDGE_LOOP ( 'NONE', ( #5519, #6964, #5885, #7468 ) ) ;
#8406 = EDGE_CURVE ( 'NONE', #1045, #1404, #5559, .T. ) ;
#8407 = AXIS2_PLACEMENT_3D ( 'NONE', #5754, #2364, #8244 ) ;
#8408 = DIRECTION ( 'NONE',  ( 0.4597733903931695565, 0.000000000000000000, -0.8880362771229395324 ) ) ;
#8409 = PLANE ( 'NONE',  #8401 ) ;
#8410 = CARTESIAN_POINT ( 'NONE',  ( 8.086617965254061957, 7.750000000000002665, -13.30843170925572849 ) ) ;
#8411 = ORIENTED_EDGE ( 'NONE', *, *, #7467, .T. ) ;
#8412 = CARTESIAN_POINT ( 'NONE',  ( 8.066449984402442652, 13.35985342043277413, -15.58006697086425163 ) ) ;
#8413 = VERTEX_POINT ( 'NONE', #2214 ) ;
#8414 = CARTESIAN_POINT ( 'NONE',  ( 11.01742794543693016, 10.00004516124002407, 12.43164150781006683 ) ) ;
#8415 = CARTESIAN_POINT ( 'NONE',  ( -13.40224926359756452, 7.887919822713547191, 8.784652431779033321 ) ) ;
#8416 = CARTESIAN_POINT ( 'NONE',  ( -13.16040266482258225, 7.736746345946304615, -8.122119202609754396 ) ) ;
#8417 = CARTESIAN_POINT ( 'NONE',  ( -14.41636719170869796, 12.49999999999999112, 8.900000000000000355 ) ) ;
#8418 = DIRECTION ( 'NONE',  ( -0.6813100476940172623, 0.2676438637860938941, -0.6813100476940192607 ) ) ;
#8419 = ORIENTED_EDGE ( 'NONE', *, *, #6119, .T. ) ;
#8420 = PLANE ( 'NONE',  #6280 ) ;
#8421 = ADVANCED_FACE ( 'NONE', ( #3071 ), #5739, .T. ) ;
#8422 = ORIENTED_EDGE ( 'NONE', *, *, #2292, .T. ) ;
#8423 = CARTESIAN_POINT ( 'NONE',  ( 0.000000000000000000, 8.249999999999998224, -7.621931816258390668 ) ) ;
#8424 = VERTEX_POINT ( 'NONE', #8365 ) ;
#8425 = CARTESIAN_POINT ( 'NONE',  ( 7.999999999999998224, 13.25000000000000178, -15.45172114225276516 ) ) ;
#8426 = CARTESIAN_POINT ( 'NONE',  ( -8.645682326976627863, 8.104278581208935961, 13.26771289856775482 ) ) ;
#8427 = CARTESIAN_POINT ( 'NONE',  ( -13.93704088992245893, 9.883010326007092061, -8.978270028915677159 ) ) ;
#8428 = ORIENTED_EDGE ( 'NONE', *, *, #5250, .F. ) ;
#8429 = LINE ( 'NONE', #3268, #4373 ) ;
#8430 = ORIENTED_EDGE ( 'NONE', *, *, #5426, .F. ) ;
#8431 = CARTESIAN_POINT ( 'NONE',  ( 0.000000000000000000, 7.640146579567915985, 0.000000000000000000 ) ) ;
#8432 = ORIENTED_EDGE ( 'NONE', *, *, #1155, .F. ) ;
#8433 = CARTESIAN_POINT ( 'NONE',  ( -8.749999999999998224, 8.526040938946223946, 13.01508767021585022 ) ) ;
#8434 = EDGE_CURVE ( 'NONE', #7590, #1720, #3810, .T. ) ;
#8435 = EDGE_CURVE ( 'NONE', #7475, #1899, #8047, .T. ) ;
#8436 = LINE ( 'NONE', #8473, #3509 ) ;
#8437 = FACE_OUTER_BOUND ( 'NONE', #6636, .T. ) ;
#8438 = ORIENTED_EDGE ( 'NONE', *, *, #6468, .F. ) ;
#8439 = CARTESIAN_POINT ( 'NONE',  ( -15.45172114225276339, 13.24999999999999822, 7.999999999999992895 ) ) ;
#8440 = CARTESIAN_POINT ( 'NONE',  ( 11.68171179238844637, 11.50000000000000000, -12.38881857357494809 ) ) ;
#8441 = DIRECTION ( 'NONE',  ( 0.000000000000000000, 0.000000000000000000, 1.000000000000000000 ) ) ;
#8442 = EDGE_CURVE ( 'NONE', #1613, #1286, #1590, .T. ) ;
#8443 = CARTESIAN_POINT ( 'NONE',  ( 13.37062271443094019, 7.750000000000001776, -7.999999999999996447 ) ) ;
#8444 = ORIENTED_EDGE ( 'NONE', *, *, #8233, .T. ) ;
#8445 = ORIENTED_EDGE ( 'NONE', *, *, #754, .T. ) ;
#8446 = TOROIDAL_SURFACE ( 'NONE', #6518, 15.78876493034220374, 0.1499999999999999944 ) ;
#8447 = CARTESIAN_POINT ( 'NONE',  ( 8.900000000000005684, 8.500000000000007105, 13.09261806874822653 ) ) ;
#8448 = CARTESIAN_POINT ( 'NONE',  ( -7.925793772813721105, 7.640146579567915985, -13.24659978108555869 ) ) ;
#8449 = CARTESIAN_POINT ( 'NONE',  ( 13.46320381325080540, 7.720200559015316877, -8.604745962805175452 ) ) ;
#8450 = ORIENTED_EDGE ( 'NONE', *, *, #1687, .F. ) ;
#8451 = B_SPLINE_CURVE_WITH_KNOTS ( 'NONE', 3,
 ( #5764, #1631, #238, #8258, #3091, #928 ),
 .UNSPECIFIED., .F., .F.,
 ( 4, 2, 4 ),
 ( 0.000000000000000000, 0.0008111888087532605554, 0.001622377617506521111 ),
 .UNSPECIFIED. ) ;
#8452 = CARTESIAN_POINT ( 'NONE',  ( -8.749999999999998224, 12.52665513958391230, 14.33471518854418747 ) ) ;
#8453 = AXIS2_PLACEMENT_3D ( 'NONE', #4080, #1479, #6731 ) ;
#8454 = CLOSED_SHELL ( 'NONE', ( #2660, #559, #3879, #15, #3389, #1737, #3832, #4770, #2189 ) ) ;
#8455 = ORIENTED_EDGE ( 'NONE', *, *, #4688, .T. ) ;
#8456 = CARTESIAN_POINT ( 'NONE',  ( 0.000000000000000000, 13.40000000000000036, 3.886556190601316803E-15 ) ) ;
#8457 = AXIS2_PLACEMENT_3D ( 'NONE', #6481, #4552, #3333 ) ;
#8458 = CARTESIAN_POINT ( 'NONE',  ( 0.000000000000000000, 7.749999999999998224, 12.12193181625839244 ) ) ;
#8459 = DIRECTION ( 'NONE',  ( 1.000000000000000000, 0.000000000000000000, 0.000000000000000000 ) ) ;
#8460 = EDGE_LOOP ( 'NONE', ( #5392, #2798, #5717, #8577 ) ) ;
#8461 = CARTESIAN_POINT ( 'NONE',  ( 12.46356997489341367, 11.75190764521380515, 12.81712336539952268 ) ) ;
#8462 = AXIS2_PLACEMENT_3D ( 'NONE', #8588, #1722, #6700 ) ;
#8463 = ORIENTED_EDGE ( 'NONE', *, *, #7232, .F. ) ;
#8464 = CARTESIAN_POINT ( 'NONE',  ( -8.784652431779031545, 7.887919822713547191, -13.40224926359756630 ) ) ;
#8465 = CARTESIAN_POINT ( 'NONE',  ( -1.640245189779697337E-16, 13.35985342043208846, 0.000000000000000000 ) ) ;
#8466 = EDGE_CURVE ( 'NONE', #7113, #7976, #7546, .T. ) ;
#8467 = CARTESIAN_POINT ( 'NONE',  ( 13.40224926359758229, 7.887919822713649332, -8.784652431779051085 ) ) ;
#8468 = CARTESIAN_POINT ( 'NONE',  ( 11.81967221722644368, 9.556102495749824399, 10.73817995984356166 ) ) ;
#8469 = CARTESIAN_POINT ( 'NONE',  ( 8.729356757925083699, 8.296034758309088986, 13.02729689816473169 ) ) ;
#8470 = ORIENTED_EDGE ( 'NONE', *, *, #2433, .T. ) ;
#8471 = LINE ( 'NONE', #5192, #5725 ) ;
#8472 = B_SPLINE_CURVE_WITH_KNOTS ( 'NONE', 3,
 ( #5468, #1559, #6210, #2891, #8107, #4768, #7419, #2039, #5554, #3377 ),
 .UNSPECIFIED., .F., .F.,
 ( 4, 2, 2, 2, 4 ),
 ( 2.453269466693398698E-18, 0.0003181914351142974061, 0.0006363828702285916680, 0.0009545743053428858756, 0.001272765740457180083 ),
 .UNSPECIFIED. ) ;
#8473 = CARTESIAN_POINT ( 'NONE',  ( 11.72316929097208593, 11.05603359935587093, 13.13738285323733557 ) ) ;
#8474 = CARTESIAN_POINT ( 'NONE',  ( 5.097671593693066328, 9.704922051056698251, 19.15872578047298802 ) ) ;
#8475 = AXIS2_PLACEMENT_3D ( 'NONE', #7611, #5540, #5584 ) ;
#8476 = EDGE_CURVE ( 'NONE', #5775, #5247, #5770, .T. ) ;
#8477 = CARTESIAN_POINT ( 'NONE',  ( 0.000000000000000000, 15.42678132618368458, 0.000000000000000000 ) ) ;
#8478 = EDGE_CURVE ( 'NONE', #4601, #2437, #1693, .T. ) ;
#8479 = ORIENTED_EDGE ( 'NONE', *, *, #2689, .F. ) ;
#8480 = CARTESIAN_POINT ( 'NONE',  ( -13.09261806874822831, 8.500000000000007105, -8.900000000000003908 ) ) ;
#8481 = DIRECTION ( 'NONE',  ( -0.7071067811865487940, 0.000000000000000000, 0.7071067811865463515 ) ) ;
#8482 = CARTESIAN_POINT ( 'NONE',  ( 8.820213425153596631, 9.583575853824997992, 13.32130930603826968 ) ) ;
#8483 = CARTESIAN_POINT ( 'NONE',  ( 12.01693338809935163, 9.851636212332532949, 12.37048677855031542 ) ) ;
#8484 = ORIENTED_EDGE ( 'NONE', *, *, #6771, .F. ) ;
#8485 = AXIS2_PLACEMENT_3D ( 'NONE', #7032, #2860, #2812 ) ;
#8486 = CARTESIAN_POINT ( 'NONE',  ( 16.60616015476925966, 16.49999999999999645, -33.21232030953851933 ) ) ;
#8487 = EDGE_CURVE ( 'NONE', #8166, #2554, #3000, .T. ) ;
#8488 = DIRECTION ( 'NONE',  ( -0.7071067811865483499, 0.000000000000000000, 0.7071067811865466846 ) ) ;
#8489 = CARTESIAN_POINT ( 'NONE',  ( 13.40261816290921004, 7.886137855761234050, -8.783189382560024683 ) ) ;
#8490 = AXIS2_PLACEMENT_3D ( 'NONE', #6926, #4304, #5667 ) ;
#8491 = CARTESIAN_POINT ( 'NONE',  ( -8.389767275976316441, 13.34643765900131740, 14.81208241069602671 ) ) ;
#8492 = ORIENTED_EDGE ( 'NONE', *, *, #7177, .F. ) ;
#8493 = ORIENTED_EDGE ( 'NONE', *, *, #8058, .T. ) ;
#8494 = CARTESIAN_POINT ( 'NONE',  ( 13.00325511311541682, 7.717815767997033838, 8.360915864009918153 ) ) ;
#8495 = DIRECTION ( 'NONE',  ( -0.8621286684545753642, 1.408095776665057188E-14, 0.5066894108117327988 ) ) ;
#8496 = AXIS2_PLACEMENT_3D ( 'NONE', #1276, #1191, #7906 ) ;
#8497 = DIRECTION ( 'NONE',  ( 7.385233482898043402E-17, 0.7977033301239581098, -0.6030500784422031524 ) ) ;
#8498 = EDGE_CURVE ( 'NONE', #4605, #8509, #4417, .T. ) ;
#8499 = CARTESIAN_POINT ( 'NONE',  ( 8.303517041261965659, 13.22386408192136109, 14.82175755771328873 ) ) ;
#8500 = CARTESIAN_POINT ( 'NONE',  ( 0.000000000000000000, 6.499999999999998224, -14.12193181625839244 ) ) ;
#8501 = VERTEX_POINT ( 'NONE', #3824 ) ;
#8502 = ORIENTED_EDGE ( 'NONE', *, *, #5145, .T. ) ;
#8503 = DIRECTION ( 'NONE',  ( 0.000000000000000000, 1.000000000000000000, -0.000000000000000000 ) ) ;
#8504 = ORIENTED_EDGE ( 'NONE', *, *, #4618, .F. ) ;
#8505 = CARTESIAN_POINT ( 'NONE',  ( -12.49722429449315975, 10.33333261674302328, 11.08301073212001953 ) ) ;
#8506 = DIRECTION ( 'NONE',  ( 0.1892527910123318058, 0.9635179096299408830, 0.1892527910398995039 ) ) ;
#8507 = CARTESIAN_POINT ( 'NONE',  ( -12.97309164460357955, 8.540146579567894136, -8.818749239510212945 ) ) ;
#8508 = CARTESIAN_POINT ( 'NONE',  ( -7.925793772813721105, 7.640146579567915985, -13.24659978108555691 ) ) ;
#8509 = VERTEX_POINT ( 'NONE', #1959 ) ;
#8510 = CARTESIAN_POINT ( 'NONE',  ( 7.999999999999998224, 7.750000000000001776, 13.37062271443167560 ) ) ;
#8511 = ORIENTED_EDGE ( 'NONE', *, *, #5699, .T. ) ;
#8512 = CARTESIAN_POINT ( 'NONE',  ( 14.78329181874944354, 12.45985342043207744, 8.975003248201144146 ) ) ;
#8513 = LINE ( 'NONE', #5817, #4758 ) ;
#8514 = CARTESIAN_POINT ( 'NONE',  ( -8.749999999999998224, 9.831482208910680143, 13.78744750116167239 ) ) ;
#8515 = EDGE_CURVE ( 'NONE', #3541, #3577, #2541, .T. ) ;
#8516 = AXIS2_PLACEMENT_3D ( 'NONE', #256, #5601, #1603 ) ;
#8517 = DIRECTION ( 'NONE',  ( 0.7071067811865474617, 0.000000000000000000, -0.7071067811865474617 ) ) ;
#8518 = EDGE_LOOP ( 'NONE', ( #8179, #5590, #7159, #8249 ) ) ;
#8519 = CARTESIAN_POINT ( 'NONE',  ( -15.08967093049028740, 13.44014657956791581, -7.932747726257774801 ) ) ;
#8520 = CARTESIAN_POINT ( 'NONE',  ( -1.927015062713375835E-15, 13.25000000000000178, 0.000000000000000000 ) ) ;
#8521 = ORIENTED_EDGE ( 'NONE', *, *, #8548, .F. ) ;
#8522 = DIRECTION ( 'NONE',  ( 0.000000000000000000, 0.000000000000000000, 1.000000000000000000 ) ) ;
#8523 = FACE_OUTER_BOUND ( 'NONE', #5763, .T. ) ;
#8524 = CIRCLE ( 'NONE', #3971, 19.39999999999999858 ) ;
#8525 = CARTESIAN_POINT ( 'NONE',  ( 13.25012511095100010, 7.764438374762697492, -8.173336394003646532 ) ) ;
#8526 = AXIS2_PLACEMENT_3D ( 'NONE', #937, #1678, #6413 ) ;
#8527 = ORIENTED_EDGE ( 'NONE', *, *, #7592, .F. ) ;
#8528 = EDGE_CURVE ( 'NONE', #5078, #486, #5139, .T. ) ;
#8529 = DIRECTION ( 'NONE',  ( 1.000000000000000000, -0.000000000000000000, -0.000000000000000000 ) ) ;
#8530 = CIRCLE ( 'NONE', #5500, 0.1500000000000003830 ) ;
#8531 = AXIS2_PLACEMENT_3D ( 'NONE', #4142, #2153, #6106 ) ;
#8532 = DIRECTION ( 'NONE',  ( -0.7071067811865487940, -0.000000000000000000, 0.7071067811865463515 ) ) ;
#8533 = FACE_OUTER_BOUND ( 'NONE', #5698, .T. ) ;
#8534 = CARTESIAN_POINT ( 'NONE',  ( -8.171453982576592168, 13.44014649754391755, 14.96418132179017668 ) ) ;
#8535 =( BOUNDED_SURFACE ( )  B_SPLINE_SURFACE ( 3, 2, ( 
 ( #8581, #2507, #1185 ),
 ( #7862, #1883, #5170 ),
 ( #3953, #4007, #6611 ),
 ( #3870, #654, #3250 ),
 ( #4597, #7244, #3335 ),
 ( #7164, #1, #2681 ),
 ( #5344, #6521, #2080 ),
 ( #7542, #6778, #8191 ),
 ( #2130, #5515, #1436 ),
 ( #4122, #6818, #4247 ) ),
 .UNSPECIFIED., .F., .F., .F. ) 
 B_SPLINE_SURFACE_WITH_KNOTS ( ( 4, 2, 2, 2, 4 ),
 ( 3, 3 ),
 ( 0.000000000000000000, 0.0003713331171499307105, 0.0007426662342998614210, 0.001113999351449792077, 0.001485332468599722842 ),
 ( 0.000000000000000000, 1.000000000000000000 ),
 .UNSPECIFIED. ) 
 GEOMETRIC_REPRESENTATION_ITEM ( )  RATIONAL_B_SPLINE_SURFACE ( (
 ( 1.000000000000000000, 0.7961293436955102498, 1.000000000000000000),
 ( 1.000000000000000000, 0.8146489949728015212, 1.000000000000000000),
 ( 1.000000000000000000, 0.8315454612101839116, 1.000000000000000000),
 ( 1.000000000000000000, 0.8614977035097436397, 1.000000000000000000),
 ( 1.000000000000000000, 0.8740129294220927436, 1.000000000000000000),
 ( 1.000000000000000000, 0.8912487055336139052, 1.000000000000000000),
 ( 1.000000000000000000, 0.8958119522467793416, 1.000000000000000000),
 ( 1.000000000000000000, 0.8943686009368141399, 1.000000000000000000),
 ( 1.000000000000000000, 0.8883767022280577574, 1.000000000000000000),
 ( 1.000000000000000000, 0.8779725897198044082, 1.000000000000000000) ) ) 
 REPRESENTATION_ITEM ( '' )  SURFACE ( )  );
#8536 = ADVANCED_FACE ( 'NONE', ( #8533 ), #2585, .F. ) ;
#8537 = ORIENTED_EDGE ( 'NONE', *, *, #2089, .F. ) ;
#8538 = ADVANCED_FACE ( 'NONE', ( #5162 ), #7156, .F. ) ;
#8539 = CIRCLE ( 'NONE', #4807, 0.1500000000000005218 ) ;
#8540 = DIRECTION ( 'NONE',  ( 0.4653245021537859016, 0.000000000000000000, -0.8851401627399647642 ) ) ;
#8541 = CARTESIAN_POINT ( 'NONE',  ( -15.21759819039019312, 13.25000000000000178, -7.999999999999996447 ) ) ;
#8542 = VECTOR ( 'NONE', #8280, 1000.000000000000000 ) ;
#8543 = CARTESIAN_POINT ( 'NONE',  ( 8.820647300394741208, 9.871516746714412704, 13.41898249962340195 ) ) ;
#8544 = CARTESIAN_POINT ( 'NONE',  ( -21.00000000000002132, 7.750000000000001776, 7.999999999999992895 ) ) ;
#8545 = ORIENTED_EDGE ( 'NONE', *, *, #3291, .T. ) ;
#8546 = CARTESIAN_POINT ( 'NONE',  ( -8.819971429984908795, 9.397436235609388788, 13.26020760016767497 ) ) ;
#8547 = ORIENTED_EDGE ( 'NONE', *, *, #6706, .F. ) ;
#8548 = EDGE_CURVE ( 'NONE', #1655, #437, #1582, .T. ) ;
#8549 = CARTESIAN_POINT ( 'NONE',  ( -10.84659194765857926, 11.00004516124001697, -12.26080551003171593 ) ) ;
#8550 = VERTEX_POINT ( 'NONE', #2628 ) ;
#8551 = CARTESIAN_POINT ( 'NONE',  ( 14.51997992680823657, 13.02831930840304331, -8.715210575702762696 ) ) ;
#8552 = CARTESIAN_POINT ( 'NONE',  ( -14.33471518854418214, 12.52665513958391763, -8.750000000000001776 ) ) ;
#8553 = CARTESIAN_POINT ( 'NONE',  ( 13.67266869362426718, 7.559853416866579856, -8.181921453815057532 ) ) ;
#8554 = DIRECTION ( 'NONE',  ( 0.000000000000000000, 0.000000000000000000, 1.000000000000000000 ) ) ;
#8555 = CARTESIAN_POINT ( 'NONE',  ( 0.000000000000000000, 7.749999999999998224, 0.000000000000000000 ) ) ;
#8556 = EDGE_LOOP ( 'NONE', ( #2619, #277, #7610, #3434, #7317 ) ) ;
#8557 = ORIENTED_EDGE ( 'NONE', *, *, #1298, .F. ) ;
#8558 = CARTESIAN_POINT ( 'NONE',  ( 15.55634918610408413, 10.00000000000000355, -14.14213562373093680 ) ) ;
#8559 = EDGE_LOOP ( 'NONE', ( #1713, #5607, #3214, #6450 ) ) ;
#8560 = B_SPLINE_CURVE_WITH_KNOTS ( 'NONE', 3,
 ( #6897, #3499, #2797, #4718, #4237, #80, #2204, #6773, #899, #5381 ),
 .UNSPECIFIED., .F., .F.,
 ( 4, 2, 2, 2, 4 ),
 ( 0.000000000000000000, 0.0003723559986007059187, 0.0007447119972014118374, 0.001117067995802114178, 0.001489423994402816736 ),
 .UNSPECIFIED. ) ;
#8561 = EDGE_CURVE ( 'NONE', #2780, #5343, #3995, .T. ) ;
#8562 = CARTESIAN_POINT ( 'NONE',  ( 12.08636383166246553, 9.500045161240022296, 11.19248788224105340 ) ) ;
#8563 = DIRECTION ( 'NONE',  ( 0.000000000000000000, 0.000000000000000000, 1.000000000000000000 ) ) ;
#8564 = CARTESIAN_POINT ( 'NONE',  ( 12.28076636725513282, 10.85530070153508397, 12.28076636714039971 ) ) ;
#8565 = ORIENTED_EDGE ( 'NONE', *, *, #3633, .T. ) ;
#8566 = LINE ( 'NONE', #1865, #6877 ) ;
#8567 = CARTESIAN_POINT ( 'NONE',  ( 11.30374540879087064, 11.25722816609426680, -12.64464810504532544 ) ) ;
#8568 = ORIENTED_EDGE ( 'NONE', *, *, #3371, .T. ) ;
#8569 = CARTESIAN_POINT ( 'NONE',  ( -12.06400419551797043, 10.00000000000000355, 10.64979063314483732 ) ) ;
#8570 = DIRECTION ( 'NONE',  ( -0.4653245021537949500, 0.000000000000000000, -0.8851401627399599903 ) ) ;
#8571 = CYLINDRICAL_SURFACE ( 'NONE', #3793, 19.19999999999999929 ) ;
#8572 = CARTESIAN_POINT ( 'NONE',  ( 18.19999999999999929, 16.51447992314274771, -2.228857174448182931E-15 ) ) ;
#8573 = CARTESIAN_POINT ( 'NONE',  ( -14.03460004690634833, 10.17532717871220527, 8.977869412319485320 ) ) ;
#8574 = EDGE_CURVE ( 'NONE', #4907, #6268, #3473, .T. ) ;
#8575 = ORIENTED_EDGE ( 'NONE', *, *, #307, .T. ) ;
#8576 = CARTESIAN_POINT ( 'NONE',  ( -13.27784145919673087, 8.296591144290937692, -8.729469633418077024 ) ) ;
#8577 = ORIENTED_EDGE ( 'NONE', *, *, #5909, .T. ) ;
#8578 = CARTESIAN_POINT ( 'NONE',  ( -8.749999999999998224, 8.500000000000007105, -13.09261806874823186 ) ) ;
#8579 = ORIENTED_EDGE ( 'NONE', *, *, #6811, .F. ) ;
#8580 = DIRECTION ( 'NONE',  ( 0.000000000000000000, 0.000000000000000000, 1.000000000000000000 ) ) ;
#8581 = CARTESIAN_POINT ( 'NONE',  ( -13.37062271443168093, 7.750000000000001776, 7.999999999999992895 ) ) ;
#8582 = ADVANCED_FACE ( 'NONE', ( #612 ), #3288, .F. ) ;
#8583 = AXIS2_PLACEMENT_3D ( 'NONE', #4969, #7612, #980 ) ;
#8584 = ADVANCED_FACE ( 'NONE', ( #694 ), #8160, .T. ) ;
#8585 = CARTESIAN_POINT ( 'NONE',  ( 14.71668781063863563, 12.97250391744037223, 8.590234149079048365 ) ) ;
#8586 = CARTESIAN_POINT ( 'NONE',  ( -12.26080551003167685, 11.00004516124001697, -10.84659194765862011 ) ) ;
#8587 = EDGE_LOOP ( 'NONE', ( #3233, #7541, #5212, #6539 ) ) ;
#8588 = CARTESIAN_POINT ( 'NONE',  ( 19.15872578053393482, 9.704922051073163303, 5.097671593638625431 ) ) ;
#8589 = CARTESIAN_POINT ( 'NONE',  ( -7.999999999999991118, 13.25000000000000000, 15.21759819039019845 ) ) ;
#8590 = ORIENTED_EDGE ( 'NONE', *, *, #2161, .F. ) ;
#8591 = CARTESIAN_POINT ( 'NONE',  ( 12.55855189015319695, 11.44342524788218007, 11.47613441302257087 ) ) ;
#8592 = ORIENTED_EDGE ( 'NONE', *, *, #5544, .T. ) ;
#8593 = AXIS2_PLACEMENT_3D ( 'NONE', #7861, #4513, #8540 ) ;
#8594 = DIRECTION ( 'NONE',  ( -1.000000000000000000, -1.017892616826196363E-16, 0.000000000000000000 ) ) ;
#8595 = CARTESIAN_POINT ( 'NONE',  ( -7.999999999999991118, 13.25000000000000000, 15.45172114225277049 ) ) ;
#8596 = CARTESIAN_POINT ( 'NONE',  ( 0.000000000000000000, 1.999999999999999556, 5.000000000000000888 ) ) ;
#8597 = ORIENTED_EDGE ( 'NONE', *, *, #1184, .T. ) ;
#8598 = CARTESIAN_POINT ( 'NONE',  ( 7.925793772813728211, 7.640146579567915985, 13.24659978108555336 ) ) ;
#8599 = ORIENTED_EDGE ( 'NONE', *, *, #1410, .T. ) ;
#8600 = AXIS2_PLACEMENT_3D ( 'NONE', #2831, #8053, #7364 ) ;
#8601 = PRODUCT_DEFINITION_SHAPE ( 'NONE', 'NONE',  #3159 ) ;
#8602 = CARTESIAN_POINT ( 'NONE',  ( 5.716732686919473672, -22.56330293503684103, 5.716732686919474560 ) ) ;
#8603 = DIRECTION ( 'NONE',  ( 0.000000000000000000, 0.1927358361229274675, -0.9812506802412909179 ) ) ;
#8604 = DIRECTION ( 'NONE',  ( -0.6813100476940172623, 0.2676438637860938941, -0.6813100476940191497 ) ) ;
#8605 = CARTESIAN_POINT ( 'NONE',  ( 12.03860862382356522, 9.870956739494527454, -10.62439506145042678 ) ) ;
#8606 = ADVANCED_FACE ( 'NONE', ( #3417 ), #4850, .F. ) ;
#8607 = ORIENTED_EDGE ( 'NONE', *, *, #2361, .T. ) ;
#8608 = CARTESIAN_POINT ( 'NONE',  ( 13.37062271443084249, 7.600000000000001421, -8.000000000001392664 ) ) ;
#8609 = CARTESIAN_POINT ( 'NONE',  ( 8.646345544355902746, 12.89326629832467574, -14.64564373570180678 ) ) ;
#8610 = ORIENTED_EDGE ( 'NONE', *, *, #1573, .T. ) ;
#8611 = CARTESIAN_POINT ( 'NONE',  ( 11.01741905881397976, 10.00000000000000355, -12.43163262118703472 ) ) ;
#8612 = CARTESIAN_POINT ( 'NONE',  ( -11.10551483760363567, 9.556112694288183107, -12.18702588633511219 ) ) ;
#8613 = VECTOR ( 'NONE', #1813, 1000.000000000000000 ) ;
#8614 = CARTESIAN_POINT ( 'NONE',  ( 15.50054190426112477, 10.40693149288610009, 8.884854770183896022 ) ) ;
#8615 = DIRECTION ( 'NONE',  ( 0.9506286045416296737, -0.3103308818458678231, 0.000000000000000000 ) ) ;
#8616 = CARTESIAN_POINT ( 'NONE',  ( 8.750000000000003553, 8.500000000000007105, -13.09261806874822653 ) ) ;
#8617 = CARTESIAN_POINT ( 'NONE',  ( -12.38882744790692847, 11.50004516124002052, -11.68172066672042675 ) ) ;
#8618 = VECTOR ( 'NONE', #625, 1000.000000000000000 ) ;
#8619 = ORIENTED_EDGE ( 'NONE', *, *, #2234, .F. ) ;
#8620 = EDGE_CURVE ( 'NONE', #1682, #6190, #4720, .T. ) ;
ENDSEC;
END-ISO-10303-21;
